CASE_ID,ACCIDENT_YEAR,PROC_DATE,JURIS,COLLISION_DATE,COLLISION_TIME,OFFICER_ID,REPORTING_DISTRICT,DAY_OF_WEEK,CHP_SHIFT,POPULATION,CNTY_CITY_LOC,SPECIAL_COND,BEAT_TYPE,CHP_BEAT_TYPE,CITY_DIVISION_LAPD,CHP_BEAT_CLASS,BEAT_NUMBER,PRIMARY_RD,SECONDARY_RD,DISTANCE,DIRECTION,INTERSECTION,WEATHER_1,WEATHER_2,STATE_HWY_IND,CALTRANS_COUNTY,CALTRANS_DISTRICT,STATE_ROUTE,ROUTE_SUFFIX,POSTMILE_PREFIX,POSTMILE,LOCATION_TYPE,RAMP_INTERSECTION,SIDE_OF_HWY,TOW_AWAY,COLLISION_SEVERITY,NUMBER_KILLED,NUMBER_INJURED,PARTY_COUNT,PRIMARY_COLL_FACTOR,PCF_CODE_OF_VIOL,PCF_VIOL_CATEGORY,PCF_VIOLATION,PCF_VIOL_SUBSECTION,HIT_AND_RUN,TYPE_OF_COLLISION,MVIW,PED_ACTION,ROAD_SURFACE,ROAD_COND_1,ROAD_COND_2,LIGHTING,CONTROL_DEVICE,CHP_ROAD_TYPE,PEDESTRIAN_ACCIDENT,BICYCLE_ACCIDENT,MOTORCYCLE_ACCIDENT,TRUCK_ACCIDENT,NOT_PRIVATE_PROPERTY,ALCOHOL_INVOLVED,STWD_VEHTYPE_AT_FAULT,CHP_VEHTYPE_AT_FAULT,COUNT_SEVERE_INJ,COUNT_VISIBLE_INJ,COUNT_COMPLAINT_PAIN,COUNT_PED_KILLED,COUNT_PED_INJURED,COUNT_BICYCLIST_KILLED,COUNT_BICYCLIST_INJURED,COUNT_MC_KILLED,COUNT_MC_INJURED,PRIMARY_RAMP,SECONDARY_RAMP,LATITUDE,LONGITUDE,COUNTY,CITY,POINT_X,POINT_Y
6347845,2016,2016-03-24,4203,2016-03-11,0830,7570,61,5,5,5,4203,0,0,0,,0,001,"E CANON PERDIDO","SALSIPUEDES ST",207.00,E,N,B,-,N,,,,,,,,,,N,4,0,1,2,D,-,00,,,F,G,B,D,B,H,-,A,D,0,Y,,,,Y,,-,"- ",0,0,1,0,1,0,0,0,0,"- ","- ",34.427399999999999,-119.6932,"SANTA BARBARA","SANTA BARBARA",-119.69331015,34.427379029999997
6347909,2016,2016-03-23,4203,2016-03-11,1324,7774,,5,5,5,4203,0,0,0,,0,002,"SAN PASCUAL ST","W COTA ST",0.00,,Y,C,-,N,,,,,,,,,,N,4,0,1,2,A,-,09,21802,A,N,D,C,A,B,H,-,A,A,0,,,,,Y,,-,,0,0,1,0,0,0,0,0,0,"- ","- ",34.244120000000002,-119.42127000000001,"SANTA BARBARA","SANTA BARBARA",-119.70349998,34.411450010000003
6347917,2016,2017-02-11,4203,2016-03-11,1440,22857,,5,5,5,4203,0,0,0,,0,002,"S MILPAS ST","RT 101",36.00,S,N,B,-,Y,SB,5,101,-,-,12.859,R,4,S,Y,4,0,1,2,D,-,00,,,F,D,C,A,B,H,-,A,A,0,,,,,Y,,-,"- ",0,0,1,0,0,0,0,0,0,"- ",SF,34.251100000000001,-119.40349999999999,"SANTA BARBARA","SANTA BARBARA",-119.67900561,34.420157459999999
7151393,2016,2016-01-14,4204,2016-01-06,0119,90322,38,3,5,5,4204,0,0,0,,0,002,"SUEY RD","JONATHAN PL",200.00,N,N,A,-,N,,,,,,,,,,Y,4,0,2,2,A,-,08,22107,,F,E,I,A,B,H,-,C,D,0,,,,,Y,,A,01,0,0,2,0,0,0,0,0,0,"- ","- ",34.954479999999997,-120.40898,"SANTA BARBARA","SANTA MARIA",-120.40902403,34.95504931
7152003,2016,2016-08-24,4203,2016-01-02,0630,22854,,6,5,5,4203,0,0,0,,0,005,"STATE ST","RT 101",297.00,E,N,A,-,N,,,,,,,,,,Y,3,0,1,2,A,-,09,21804,A,N,D,C,A,A,H,-,B,D,0,,,,,Y,,-,,0,1,0,0,0,0,0,0,0,"- ",NF,34.262500000000003,-119.4511,"SANTA BARBARA","SANTA BARBARA",-119.75555,34.440300000000001
7153318,2016,2016-01-15,4200,2016-01-06,0745,3637,10,3,5,3,4205,0,0,0,,0,030,"CASITAS PASS RD","SHEMARA ST",0.00,,Y,C,-,N,,,,,,,,,,Y,4,0,1,2,A,-,09,21802,A,N,D,C,A,B,H,-,A,A,0,,,,,Y,,-,,0,0,1,0,0,0,0,0,0,"- ","- ",,,"SANTA BARBARA",CARPINTERIA,-119.50670997,34.402480009999998
7155441,2016,2016-01-15,4203,2016-01-08,1715,5086,,5,5,5,4203,0,0,0,,0,002,"W MONTECITO ST","CASTILLO ST",0.00,W,N,A,-,N,,,,,,,,,,N,4,0,1,3,D,-,00,,,F,B,C,A,A,H,-,A,A,0,,,,,Y,,-,"- ",0,0,1,0,0,0,0,0,0,"- ","- ",34.410690000000002,-119.69752,"SANTA BARBARA","SANTA BARBARA",-119.69748988000001,34.410680040000003
7155445,2016,2016-01-25,4203,2016-01-07,1730,6983,,4,5,5,4203,0,0,0,,0,006,"CLIFF DR","MESA LN",528.00,W,N,A,-,N,,,,,,,,,,Y,4,0,1,2,A,-,07,21658,A,N,C,C,A,A,H,-,D,D,0,,,,,Y,,-,,0,0,1,0,0,0,0,0,0,"- ","- ",34.241599999999998,-119.4358,"SANTA BARBARA","SANTA BARBARA",-119.73194044,34.404059510000003
7155453,2016,2016-01-15,4203,2016-01-04,2258,1436,,1,5,5,4203,0,0,0,,0,004,"DE LA VINA ST","VALERIO ST",0.00,,Y,A,-,N,,,,,,,,,,Y,4,0,2,2,A,-,08,22103,,N,-,C,A,A,H,-,C,A,0,,,,,Y,,-,,0,0,2,0,0,0,0,0,0,"- ","- ",34.425930000000001,-119.71301,"SANTA BARBARA","SANTA BARBARA",-119.71312999,34.425910000000002
7155457,2016,2016-01-15,4203,2016-01-08,2026,7570,56,5,5,5,4203,0,0,0,,0,005,"STATE ST","PLAZA DR",126.00,W,N,A,-,N,,,,,,,,,,N,4,0,2,2,A,-,03,22350,,N,C,C,A,A,H,-,A,A,0,,,,,Y,,A,01,0,0,2,0,0,0,0,0,0,"- ","- ",34.440359999999998,-119.74889,"SANTA BARBARA","SANTA BARBARA",-119.74932758,34.440489999999997
7155473,2016,2016-01-15,4203,2016-01-06,1312,6700,35,3,5,5,4203,0,0,0,,0,004,"MISSION ST","CHAPALA ST",54.00,W,N,B,C,N,,,,,,,,,,Y,4,0,1,2,A,-,08,22107,,N,B,E,A,B,H,-,A,D,0,,,,,Y,,A,01,0,0,1,0,0,0,0,0,0,"- ","- ",34.429630000000003,-119.71605,"SANTA BARBARA","SANTA BARBARA",-119.71592273,34.429682110000002
7155477,2016,2016-01-15,4203,2016-01-06,1745,6967,,3,5,5,4203,0,0,0,,0,001,"N MILDAS ST","E MONTECITO ST",0.00,,Y,B,C,N,,,,,,,,,,N,4,0,1,2,A,-,10,21950,A,N,G,B,B,B,B,-,C,A,0,Y,,,,Y,,-,,0,0,1,0,1,0,0,0,0,"- ","- ",34.253,-119.42010000000001,"SANTA BARBARA","SANTA BARBARA",-119.68280987999999,34.424460009999997
7155485,2016,2016-01-15,4203,2016-01-06,2244,5751,,3,5,5,4203,0,0,0,,0,003,"E HALEY ST","GARDEN ST",0.00,,Y,C,-,N,,,,,,,,,,Y,4,0,1,2,A,-,12,21453,A,N,D,C,A,B,H,-,C,A,0,,,,,Y,,-,,0,0,1,0,0,0,0,0,0,"- ","- ",34.251199999999997,-119.4131,"SANTA BARBARA","SANTA BARBARA",-119.69211994,34.420009999999998
7169532,2016,2016-01-28,4204,2016-01-07,1045,90081,69,4,5,5,4204,0,0,0,,0,003,STOWELL,CONCEPCION,580.00,E,N,A,C,N,,,,,,,,,,Y,4,0,3,2,A,-,08,22107,,N,D,C,A,B,H,-,A,D,0,,,,,Y,,A,01,0,0,3,0,0,0,0,0,0,"- ","- ",,,"SANTA BARBARA","SANTA MARIA",-120.42068566,34.938350839999998
7169536,2016,2016-01-28,4204,2016-01-08,1558,18261,32,5,5,5,4204,0,0,0,,0,002,"BLOSSER RD",MAIN,830.00,N,N,B,-,N,,,,,,,,,,Y,4,0,1,2,A,-,09,21804,,N,D,C,A,A,H,-,A,A,0,,,,,Y,,A,01,0,0,1,0,0,0,0,0,0,"- ","- ",34.953209999999999,-120.45367,"SANTA BARBARA","SANTA MARIA",-120.45371,34.953310000000002
7169540,2016,2016-01-28,4204,2016-01-11,1739,90026,15,1,5,5,4204,0,0,0,,0,001,"ALVIN AV",THORNBURG,1.00,N,N,A,-,N,,,,,,,,,,N,4,0,1,2,A,-,09,21802,,N,D,C,A,A,H,-,C,B,0,,,,,Y,,A,01,0,0,1,0,0,0,0,0,0,"- ","- ",34.960549999999998,-120.44025000000001,"SANTA BARBARA","SANTA MARIA",-120.44027,34.960479999999997
7169561,2016,2016-02-01,4204,2016-01-13,1206,23397,59,3,5,5,4204,0,0,0,,0,002,"BRADLEY RD","STOWELL RD",10.00,S,N,A,-,N,,,,,,,,,,N,4,0,2,2,A,-,03,22350,,N,C,C,A,A,H,-,A,A,0,,,,,Y,,D,22,0,0,2,0,0,0,0,0,0,"- ","- ",34.938299999999998,-120.41945,"SANTA BARBARA","SANTA MARIA",-120.41941875000001,34.938312549999999
7169569,2016,2016-02-01,4204,2016-01-18,1606,22113,35,1,5,5,4204,0,0,0,,0,002,MILLER,CHURCH,0.00,,Y,A,-,N,,,,,,,,,,N,4,0,1,2,A,-,09,21802,A,N,D,C,A,A,H,-,A,A,0,,,,,Y,,D,22,0,0,1,0,0,0,0,0,0,"- ","- ",34.95196,-120.43154,"SANTA BARBARA","SANTA MARIA",-120.43146987999999,34.952030090000001
7171321,2016,2016-02-04,4202,2016-01-14,1458,235,,4,5,4,4202,0,0,0,,0,,"OLIVE AV","O PL",101.00,E,N,A,-,N,,,,,,,,,,N,4,0,1,2,A,-,05,21202,A,N,D,G,A,A,H,-,A,A,0,,Y,,,Y,,L,04,0,0,1,0,0,0,1,0,0,"- ","- ",,,"SANTA BARBARA",LOMPOC,-120.46691496,34.634116749999997
7171346,2016,2016-02-02,4203,2016-01-08,1320,2661,13,5,5,5,4203,0,0,0,,0,002,"STATE ST","MASON ST",150.00,N,N,A,-,N,,,,,,,,,,N,3,0,1,2,A,-,08,22107,,N,H,G,A,A,D,E,A,A,0,,Y,,,Y,,L,04,0,1,0,0,0,0,1,0,0,"- ","- ",34.410499999999999,-119.6919,"SANTA BARBARA","SANTA BARBARA",-119.69076927,34.413325589999999
7171435,2016,2016-02-02,4203,2016-01-21,1803,6983,,4,5,5,4203,0,0,0,,0,005,"STATE ST","PLAZA DR",210.00,W,N,A,-,N,,,,,,,,,,Y,4,0,1,1,A,-,05,21651,A,N,E,I,A,A,H,-,C,A,0,,,,,Y,,-,,0,0,1,0,0,0,0,0,0,"- ","- ",34.262599999999999,-119.4457,"SANTA BARBARA","SANTA BARBARA",-119.74960597,34.440489999999997
7171494,2016,2016-02-04,4203,2016-01-22,1702,6968,56,5,5,5,4203,0,0,0,,0,005,"STATE ST","HOPE AV",33.00,E,N,A,-,N,,,,,,,,,,N,4,0,1,2,A,-,03,22350,,N,C,C,A,A,H,-,A,A,0,,,,,Y,,A,01,0,0,1,0,0,0,0,0,0,"- ","- ",34.26755,-119.44479,"SANTA BARBARA","SANTA BARBARA",-119.74661063000001,34.440480000000001
6783842,2016,2017-02-24,4203,2016-07-03,1515,6983,,7,5,5,4203,0,0,0,,0,002,"CASTILLO ST","RT 101",54.00,N,N,A,-,Y,SB,5,101,-,R,14.340,R,4,S,N,3,0,1,1,A,-,03,22350,,N,F,I,A,B,H,-,A,A,0,,Y,,,Y,,L,04,0,1,0,0,0,0,1,0,0,"- ",SF,34.411999999999999,-119.6991,"SANTA BARBARA","SANTA BARBARA",-119.70202696,34.412495569999997
7157123,2016,2016-01-25,4203,2016-01-12,1657,6968,45,2,5,5,4203,0,0,0,,0,003,"GARDEN ST","E ANAPAMU ST",18.00,N,N,A,-,N,,,,,,,,,,N,3,0,1,2,D,-,00,,,F,B,G,A,A,H,-,B,A,0,,Y,,,Y,Y,-,"- ",0,1,0,0,0,0,1,0,0,"- ","- ",34.25356,-119.4204,"SANTA BARBARA","SANTA BARBARA",-119.70111574000001,34.426581720000001
7157124,2016,2016-02-08,4203,2016-01-10,1323,3626,,7,5,5,4203,0,0,0,,0,005,"STATE ST","LA CUMBRE RD",232.00,W,N,B,-,N,,,,,,,,,,N,3,0,2,3,A,-,11,21955,,N,G,B,D,B,H,-,A,D,0,Y,,,,Y,,N,60,0,1,1,0,1,0,0,0,0,"- ","- ",34.440300000000001,-119.7517,"SANTA BARBARA","SANTA BARBARA",-119.75181822,34.440478810000002
7157128,2016,2016-02-08,4203,2016-01-10,1542,6968,62,7,5,5,4203,0,0,0,,0,001,"N MILPAS ST","E YANONALI ST",12.00,N,N,C,-,N,,,,,,,,,,N,3,0,1,1,B,-,22,,,N,E,-,A,B,H,-,A,-,0,,Y,,,Y,Y,-,"- ",0,1,0,0,0,0,1,0,0,"- ","- ",34.252800000000001,-119.40579,"SANTA BARBARA","SANTA BARBARA",-119.68150776,34.423503590000003
7157132,2016,2016-02-08,4203,2016-01-11,1732,6968,21,1,5,5,4203,0,0,0,,0,002,"W CARRILLO ST","SAN ANDRES ST",0.00,,Y,A,-,N,,,,,,,,,,Y,4,0,1,2,A,-,09,21801,A,N,A,C,A,A,H,-,C,A,0,,,,,Y,,-,,0,0,1,0,0,0,0,0,0,"- ","- ",34.245310000000003,-119.42389,"SANTA BARBARA","SANTA BARBARA",-119.71062990999999,34.414710059999997
7157136,2016,2016-02-08,4203,2016-01-12,0630,2661,,2,5,5,4203,0,0,0,,0,005,"DE LA VINA ST","CALLE LAURELES",0.00,,Y,A,-,N,,,,,,,,,,N,3,0,1,2,A,-,09,21802,,N,H,G,A,A,H,-,B,A,0,,Y,,,Y,,A,01,0,1,0,0,0,0,1,0,0,"- ","- ",34.438600000000001,-119.7282,"SANTA BARBARA","SANTA BARBARA",-119.72836998,34.438830019999997
7157140,2016,2016-08-24,4203,2016-01-15,1438,22859,,5,5,5,4203,0,0,0,,0,005,"STATE ST","ALAMAR AV",0.00,,Y,A,-,N,,,,,,,,,,Y,3,0,1,2,A,-,12,21453,A,N,D,C,A,A,H,-,A,A,0,,,,,Y,,-,,0,1,0,0,0,0,0,0,0,"- ","- ",34.261800000000001,-119.4329,"SANTA BARBARA","SANTA BARBARA",-119.72476989,34.438540029999999
7157144,2016,2016-02-08,4203,2016-01-16,1241,7568,,6,5,5,4203,0,0,0,,0,001,"PUNTA GORDA ST","CANADA ST",25.00,W,N,A,-,N,,,,,,,,,,N,4,0,1,2,A,-,21,22106,,N,B,C,A,A,H,-,A,A,0,,,,,Y,,-,,0,0,1,0,0,0,0,0,0,"- ","- ",34.421999999999997,-119.6694,"SANTA BARBARA","SANTA BARBARA",-119.66936441999999,34.422038260000001
7158797,2016,2016-02-10,4203,2016-01-25,0941,6700,13,1,5,5,4203,0,0,0,,0,002,"STATE ST","CABRILLO BL",192.00,N,N,A,-,N,,,,,,,,,,Y,4,0,1,2,A,-,08,22102,,N,D,C,A,A,D,-,A,D,0,,,,,Y,,A,01,0,0,1,0,0,0,0,0,0,"- ","- ",34.412700000000001,-119.68993,"SANTA BARBARA","SANTA BARBARA",-119.68966094,34.412533959999998
7158961,2016,2016-02-05,4203,2016-01-22,1139,6700,38,5,5,5,4203,0,0,0,,0,005,"DE LA VINA ST","SAMARKAND DR",282.00,S,N,B,-,N,,,,,,,,,,N,3,0,1,2,A,-,09,21804,A,N,G,B,D,A,H,-,A,D,0,Y,,,,Y,,A,01,0,1,0,0,1,0,0,0,0,"- ","- ",34.439369999999997,-119.72896,"SANTA BARBARA","SANTA BARBARA",-119.7290009,34.439413969999997
7158997,2016,2016-02-18,4203,2016-01-28,1118,22854,,4,5,5,4203,0,0,0,,0,005,"STATE ST","HITCHCOCK WY",147.00,E,N,A,-,N,,,,,,,,,,N,4,0,2,3,A,-,03,22350,,N,C,C,A,A,D,-,A,D,0,,,,,Y,,-,,0,0,2,0,0,0,0,0,0,"- ","- ",34.262569999999997,-119.44423,"SANTA BARBARA","SANTA BARBARA",-119.74396281999999,34.440480000000001
7171510,2016,2016-02-04,4203,2016-01-22,1530,22857,,5,5,5,4203,0,0,0,,0,003,"LAGUNA ST","LOS OLIVOS ST",0.00,,Y,A,-,N,,,,,,,,,,Y,3,0,1,1,C,-,18,,,N,E,I,A,A,H,-,A,-,0,,,,,Y,,-,"- ",0,1,0,0,0,0,0,0,0,"- ","- ",34.261299999999999,-119.42959999999999,"SANTA BARBARA","SANTA BARBARA",-119.71259986,34.437260039999998
7171514,2016,2016-02-04,4203,2016-01-15,2106,23135,SBSC,5,5,5,4203,0,0,0,,0,004,"BATH ST","HALEY ST",0.00,,Y,A,-,N,,,,,,,,,,Y,4,0,1,2,A,-,12,21453,A,N,D,C,A,A,H,-,A,A,0,,,,,Y,,A,01,0,0,1,0,0,0,0,0,0,"- ","- ",34.24492,-119.41556,"SANTA BARBARA","SANTA BARBARA",-119.69891998,34.413610030000001
7171518,2016,2016-02-04,4203,2016-01-18,1539,3626,,1,5,5,4203,0,0,0,,0,004,"DE LA VINA ST","PEDREGOSA ST",0.00,,Y,A,-,N,,,,,,,,,,Y,4,0,1,2,A,-,09,21802,A,N,D,C,A,A,H,-,A,D,0,,,,,Y,,A,01,0,0,1,0,0,0,0,0,0,"- ","- ",34.421700000000001,-119.71559999999999,"SANTA BARBARA","SANTA BARBARA",-119.71572997,34.427780050000003
7171834,2016,2016-02-02,4204,2016-01-21,1239,22113,57,4,5,5,4204,0,0,0,,0,002,MILLER,"OAK AV",0.00,,Y,A,-,N,,,,,,,,,,N,4,0,1,2,A,-,09,21802,A,N,D,C,A,A,H,-,A,A,0,,,Y,,Y,,A,01,0,0,1,0,0,0,0,0,1,"- ","- ",34.945149999999998,-120.4312,"SANTA BARBARA","SANTA MARIA",-120.43148999,34.945220040000002
7171838,2016,2016-02-02,4204,2016-01-20,1410,90272,16,3,5,5,4204,0,0,0,,0,001,BROADWAY,"MCELHANEY AV",0.00,,Y,A,B,N,,,135,,,,,,,Y,4,0,1,2,A,-,09,21801,,N,D,C,A,A,H,-,A,D,0,,,,,Y,,A,01,0,0,1,0,0,0,0,0,0,"- ","- ",34.96246,-120.43565,"SANTA BARBARA","SANTA MARIA",-120.43566576000001,34.962459959999997
7171973,2016,2017-02-07,4204,2016-01-18,1033,23240,32,1,5,5,4204,0,0,0,,0,002,MAIN,BROADWAY,0.00,,Y,C,-,Y,SB,5,135,-,-,15.760,H,-,S,N,4,0,1,2,A,-,07,21658,A,N,B,C,A,A,H,-,A,A,0,,,,,Y,,A,01,0,0,1,0,0,0,0,0,0,"- ","- ",34.953139999999998,-120.43586000000001,"SANTA BARBARA","SANTA MARIA",-120.43597527,34.952903399999997
7173002,2016,2016-02-02,4204,2016-01-19,0924,21338,13,2,5,5,4204,0,0,0,,0,001,"BLOSSER RD","ALVIN AV",0.00,,Y,C,-,N,,,,,,,,,,Y,4,0,2,2,A,-,12,21453,A,N,D,C,A,B,H,-,A,A,0,,,,,Y,,A,01,0,0,2,0,0,0,0,0,0,"- ","- ",34.960619999999999,-120.45350999999999,"SANTA BARBARA","SANTA MARIA",-120.45351986999999,34.960590029999999
7173003,2016,2016-02-02,4204,2016-01-23,2331,90343,17,6,5,5,4204,0,0,0,,0,001,"DONOVAN RD","COLLEGE DR",0.00,,Y,C,-,N,,,,,,,,,,Y,3,0,2,2,A,-,12,21453,A,N,D,C,A,B,H,-,C,A,0,,,,,Y,,A,01,0,1,1,0,0,0,0,0,0,"- ","- ",34.967509999999997,-120.42543999999999,"SANTA BARBARA","SANTA MARIA",-120.42564985999999,34.967670069999997
7174983,2016,2016-02-10,4201,2016-01-24,1030,0299,4201,7,5,2,4201,0,0,0,,0,,"OBISPO ST","CEDAR ST",45.00,S,N,A,-,N,,,,,,,,,,Y,3,0,1,2,C,-,18,,,N,C,E,A,A,H,-,A,A,0,,,,,Y,,-,"- ",0,1,0,0,0,0,0,0,0,"- ","- ",,,"SANTA BARBARA",GUADALUPE,-120.57065163,34.9601264
7176061,2016,2017-02-07,4203,2016-01-19,1436,6048,,2,5,5,4203,0,0,0,,0,003,"GARDEN ST","RT 101",45.00,S,N,C,-,Y,SB,5,101,-,-,13.357,R,4,S,N,4,0,1,3,A,-,03,22350,,N,C,C,A,B,H,-,A,D,0,,,,,Y,,-,,0,0,1,0,0,0,0,0,0,"- ",SO,34.250439999999998,-119.41213999999999,"SANTA BARBARA","SANTA BARBARA",-119.6874827,34.419272149999998
7177054,2016,2016-02-12,4202,2016-01-14,1442,292,,4,5,4,4202,0,0,0,,0,,"O ST","HICKORY AV",40.00,N,N,B,-,N,,,,,,,,,,Y,4,0,4,3,A,-,03,22350,,N,C,C,A,A,H,-,A,A,0,,,,,Y,,D,22,0,0,4,0,0,0,0,0,0,"- ","- ",,,"SANTA BARBARA",LOMPOC,-120.46682980999999,34.635899870000003
7177201,2016,2016-02-09,4204,2016-01-17,1648,90322,47,7,5,5,4204,0,0,0,,0,002,COOK,ELIZABETH,0.00,,N,B,-,N,,,,,,,,,,Y,4,0,1,2,A,-,09,21802,A,N,D,C,A,A,H,-,A,A,0,,,,,Y,,A,07,0,0,1,0,0,0,0,0,0,"- ","- ",,,"SANTA BARBARA","SANTA MARIA",-120.42846987,34.949890000000003
7177202,2016,2016-02-09,4204,2016-01-25,1339,23240,69,1,5,5,4204,0,0,0,,0,003,"BRADLEY RD","HANCOCK AV",0.00,,Y,A,-,N,,,,,,,,,,Y,4,0,2,2,A,-,09,21802,A,N,D,C,A,A,H,-,A,A,0,,,,,Y,,A,07,0,0,2,0,0,0,0,0,0,"- ","- ",34.932850000000002,-120.41846,"SANTA BARBARA","SANTA MARIA",-120.41824987,34.932940090000002
7178375,2016,2017-02-07,4204,2016-01-29,1818,90322,27,5,5,5,4204,0,0,0,,0,001,BROADWAY,FESLER,0.00,,Y,A,-,Y,SB,5,135,-,-,16.000,I,6,S,N,4,0,1,2,A,-,17,21200,A,N,D,G,A,A,H,-,C,A,0,,Y,,,Y,,L,04,0,0,1,0,0,0,1,0,0,"- ","- ",,,"SANTA BARBARA","SANTA MARIA",-120.4358982,34.956365650000002
7178383,2016,2016-02-24,4204,2016-02-06,1822,93045,14,6,5,5,4204,0,0,0,,0,001,"DONOVAN RD",THORNBURG,0.00,,Y,A,-,N,,,,,,,,,,N,4,0,1,2,A,-,01,23153,A,N,C,C,A,A,H,-,C,D,0,,,,,Y,Y,D,22,0,0,1,0,0,0,0,0,0,"- ","- ",34.967849999999999,-120.43985000000001,"SANTA BARBARA","SANTA MARIA",-120.44011995,34.96773005
7179573,2016,2016-02-10,4203,2016-01-29,1619,3626,,5,5,5,4203,0,0,0,,0,006,"CLIFF DR","SANTA CRUZ BL",0.00,,Y,A,-,N,,,225,,,,,,,Y,4,0,2,2,A,-,09,21801,A,N,D,C,A,A,H,-,A,D,0,,,,,Y,,-,,0,0,2,0,0,0,0,0,0,"- ","- ",34.4009,-119.7148,"SANTA BARBARA","SANTA BARBARA",-119.71480816,34.400947309999999
7179585,2016,2016-02-16,4203,2016-01-28,1127,22857,,4,5,5,4203,0,0,0,,0,003,"SANTA BARBARA ST","E CANON PERDIDO ST",0.00,,Y,A,-,N,,,,,,,,,,Y,4,0,2,2,A,-,12,21453,A,N,D,C,A,A,H,-,A,A,0,,,,,Y,,-,,0,0,2,0,0,0,0,0,0,"- ","- ",34.251899999999999,-119.41589999999999,"SANTA BARBARA","SANTA BARBARA",-119.69829989,34.422650009999998
7179680,2016,2016-02-09,4203,2016-01-30,1857,5086,,6,5,5,4203,0,0,0,,0,006,"CLIFF DR","FLORA VISTA DR",0.00,,Y,A,-,N,,,225,,,,,,,N,3,0,1,2,D,-,00,,,F,A,B,B,A,H,-,C,A,0,Y,,,,Y,,-,"- ",0,1,0,0,1,0,0,0,0,"- ","- ",34.403059999999996,-119.72817000000001,"SANTA BARBARA","SANTA BARBARA",-119.72817585,34.403038389999999
7179737,2016,2016-02-17,4204,2016-01-30,0115,90239,02,6,5,5,4204,0,0,0,,0,001,"BLOSSER RD",TAYLOR,0.00,,Y,B,C,N,,,,,,,,,,Y,4,0,3,2,A,-,03,22350,,N,C,C,A,B,H,-,C,D,0,,,,,Y,,A,01,0,0,3,0,0,0,0,0,0,"- ","- ",34.975110000000001,-120.45355000000001,"SANTA BARBARA","SANTA MARIA",-120.45347988,34.975140019999998
7179758,2016,2016-02-17,4204,2016-01-31,2005,90322,59,7,5,5,4204,0,0,0,,0,002,"STOWELL RD","COLLEGE DR",0.00,,Y,A,F,N,,,,,,,,,,Y,4,0,1,2,A,-,12,21453,A,N,D,C,A,B,H,-,C,A,0,,,,,Y,,A,01,0,0,1,0,0,0,0,0,0,"- ","- ",,,"SANTA BARBARA","SANTA MARIA",-120.42487987,34.938390050000002
7179796,2016,2016-02-18,4204,2016-02-01,1047,23240,89,1,5,5,4204,0,0,0,,0,001,"COLLEGE DR","BRADLEY RD N",0.00,,Y,A,-,N,,,,,,,,,,Y,4,0,1,2,A,-,09,21802,A,N,D,C,A,A,H,-,A,A,0,,,,,Y,,A,07,0,0,1,0,0,0,0,0,0,"- ","- ",34.966030000000003,-120.42533,"SANTA BARBARA","SANTA MARIA",-120.42549993999999,34.966220100000001
7180083,2016,2016-02-11,4202,2016-01-14,1036,32104,LOMPO,4,5,4,4202,0,0,0,,0,004,"3RD ST","NORTH AV",15.00,N,N,A,-,N,,,,,,,,,,Y,4,0,1,2,A,-,09,21802,,N,D,C,A,A,H,-,A,A,0,,,,,Y,,A,01,0,0,1,0,0,0,0,0,0,"- ","- ",,,"SANTA BARBARA",LOMPOC,-120.4450788,34.65332119
7182193,2016,2016-02-26,4203,2016-02-11,1017,6700,48,4,5,5,4203,0,0,0,,0,003,"ANACAPA ST","MISSION ST",67.00,N,N,A,-,N,,,,,,,,,,Y,3,0,1,3,A,-,21,22106,,N,D,E,A,A,H,-,A,D,0,,,,,Y,,J,49,0,1,0,0,0,0,0,0,0,"- ","- ",34.43206,-119.71381,"SANTA BARBARA","SANTA BARBARA",-119.71371301000001,34.43204489
7182271,2016,2017-02-11,4204,2016-03-02,0829,23656,57,3,5,5,4204,0,0,0,,0,002,BROADWAY,"MORRISON AV",0.00,,Y,A,-,Y,SB,5,135,-,-,15.080,I,6,N,N,3,0,1,1,C,-,18,,,N,H,J,A,A,H,-,A,B,0,,,,,Y,,-,"- ",0,1,0,0,0,0,0,0,0,"- ","- ",34.943089999999998,-120.4358,"SANTA BARBARA","SANTA MARIA",-120.43595740000001,34.943095
7183186,2016,2016-03-25,4203,2016-03-12,1025,2106,4203,6,5,5,4203,0,0,0,,0,003,"MICHELTORENA ST","ANACAPA ST",0.00,,Y,A,-,N,,,,,,,,,,N,4,0,1,2,A,-,12,21453,A,N,D,C,A,A,H,-,A,-,0,,,,,Y,,-,,0,0,1,0,0,0,0,0,0,"- ","- ",34.253770000000003,-119.42254,"SANTA BARBARA","SANTA BARBARA",-119.70713991,34.427270010000001