CASE_ID,ACCIDENT_YEAR,PROC_DATE,JURIS,COLLISION_DATE,COLLISION_TIME,OFFICER_ID,REPORTING_DISTRICT,DAY_OF_WEEK,CHP_SHIFT,POPULATION,CNTY_CITY_LOC,SPECIAL_COND,BEAT_TYPE,CHP_BEAT_TYPE,CITY_DIVISION_LAPD,CHP_BEAT_CLASS,BEAT_NUMBER,PRIMARY_RD,SECONDARY_RD,DISTANCE,DIRECTION,INTERSECTION,WEATHER_1,WEATHER_2,STATE_HWY_IND,CALTRANS_COUNTY,CALTRANS_DISTRICT,STATE_ROUTE,ROUTE_SUFFIX,POSTMILE_PREFIX,POSTMILE,LOCATION_TYPE,RAMP_INTERSECTION,SIDE_OF_HWY,TOW_AWAY,COLLISION_SEVERITY,NUMBER_KILLED,NUMBER_INJURED,PARTY_COUNT,PRIMARY_COLL_FACTOR,PCF_CODE_OF_VIOL,PCF_VIOL_CATEGORY,PCF_VIOLATION,PCF_VIOL_SUBSECTION,HIT_AND_RUN,TYPE_OF_COLLISION,MVIW,PED_ACTION,ROAD_SURFACE,ROAD_COND_1,ROAD_COND_2,LIGHTING,CONTROL_DEVICE,CHP_ROAD_TYPE,PEDESTRIAN_ACCIDENT,BICYCLE_ACCIDENT,MOTORCYCLE_ACCIDENT,TRUCK_ACCIDENT,NOT_PRIVATE_PROPERTY,ALCOHOL_INVOLVED,STWD_VEHTYPE_AT_FAULT,CHP_VEHTYPE_AT_FAULT,COUNT_SEVERE_INJ,COUNT_VISIBLE_INJ,COUNT_COMPLAINT_PAIN,COUNT_PED_KILLED,COUNT_PED_INJURED,COUNT_BICYCLIST_KILLED,COUNT_BICYCLIST_INJURED,COUNT_MC_KILLED,COUNT_MC_INJURED,PRIMARY_RAMP,SECONDARY_RAMP,LATITUDE,LONGITUDE,COUNTY,CITY,POINT_X,POINT_Y
8004460,2016,2016-04-06,4204,2016-03-23,0742,23397,74,3,5,5,4204,0,0,0,,0,003,"DEPOT ST","CARMEN LN",10.00,S,N,A,-,N,,,,,,,,,,Y,4,0,1,2,A,-,08,22107,,N,B,C,A,A,H,-,A,D,0,,,,Y,Y,,F,26,0,0,1,0,0,0,0,0,0,"- ","- ",34.925190000000001,-120.44383000000001,"SANTA BARBARA","SANTA MARIA",-120.44382254999999,34.924922610000003
8005441,2016,2016-04-01,4202,2016-03-09,1853,274,,3,5,4,4202,0,0,0,,0,,"O ST","DATE AV",70.00,S,N,A,-,N,,,,,,,,,,N,4,0,1,2,A,-,21,22106,,N,B,C,A,A,H,-,A,D,0,,,,,Y,,A,07,0,0,1,0,0,0,0,0,0,"- ","- ",,,"SANTA BARBARA",LOMPOC,-120.46668894,34.646067860000002
8005443,2016,2016-04-14,4203,2016-03-25,1450,22854,,5,5,5,4203,0,0,0,,0,005,"CALLE REAL","PEACH GROVE LN",0.00,,Y,A,-,N,,,,,,,,,,Y,4,0,3,2,A,-,03,22350,,N,C,C,A,A,H,-,A,D,0,,,,,Y,,-,,0,0,3,0,0,0,0,0,0,"- ","- ",34.255299999999998,-119.4444,"SANTA BARBARA","SANTA BARBARA",-119.74417997,34.431440090000002
8005447,2016,2017-02-07,4203,2016-03-26,1642,3597,,6,5,5,4203,0,0,0,,0,002,"CASTILLO ST","RT 101",15.00,N,N,A,-,Y,SB,5,101,-,R,14.340,R,4,S,N,2,0,1,1,C,-,18,,,N,F,J,A,B,G,-,A,A,0,,Y,,,Y,,-,"- ",1,0,0,0,0,0,1,0,0,"- ",SF,,,"SANTA BARBARA","SANTA BARBARA",-119.70202696,34.412495569999997
7186614,2016,2016-02-24,4204,2016-02-05,1229,21846,4204,5,5,5,4204,0,0,0,,0,069,"STOWELL RD","COLLEGE DR",0.00,,Y,-,-,N,,,,,,,,,,Y,4,0,2,2,A,-,"- ",,,N,-,-,A,-,-,-,-,-,0,,,,,Y,,-,"- ",0,0,2,0,0,0,0,0,0,"- ","- ",34.938470000000002,-120.42487,"SANTA BARBARA","SANTA MARIA",-120.42487987,34.938390050000002
7187376,2016,2016-03-10,4202,2016-02-04,1258,277,LOMPO,4,5,4,4202,0,0,0,,0,,"LAUREL AV","N K ST",116.00,E,N,A,-,N,,,,,,,,,,N,4,0,1,2,A,-,09,21804,A,N,G,B,F,A,H,-,A,D,0,Y,,,,Y,,A,07,0,0,1,0,1,0,0,0,0,"- ","- ",,,"SANTA BARBARA",LOMPOC,-120.46127453,34.64384398
7187390,2016,2016-03-17,4202,2016-02-01,1512,06417,LOMPO,1,5,4,4202,0,0,0,,0,,"PINE AV","A ST",178.00,E,N,A,B,N,,,,,,,,,,Y,3,0,1,3,A,-,00,28002,,F,C,E,A,A,H,-,A,D,0,,,,,Y,,A,01,0,1,0,0,0,0,0,0,0,"- ","- ",,,"SANTA BARBARA",LOMPOC,-120.44829835,34.650120000000001
7187391,2016,2017-02-11,4202,2016-02-03,2155,,LOMPO,3,5,4,4202,0,0,0,,0,,"RT 1","BARTON AV",475.00,S,N,A,-,Y,SB,5,1,-,-,21.720,H,-,N,Y,4,0,1,2,A,-,09,21801,A,N,D,C,A,A,H,-,C,D,0,,,Y,,Y,,A,01,0,0,1,0,0,0,0,0,1,"- ","- ",,,"SANTA BARBARA",LOMPOC,-120.45759645,34.655749900000004
7187399,2016,2016-03-09,4204,2016-02-28,1648,90276,,7,5,5,4204,0,0,0,,0,B02,"BRADLEY RD","CYPRESS ST",0.00,,Y,A,-,N,,,,,,,,,,N,3,0,1,2,A,-,05,21650,1,F,H,G,A,A,H,-,A,D,0,,Y,,,Y,,L,04,0,1,0,0,0,0,1,0,0,"- ","- ",34.951099999999997,-120.4182,"SANTA BARBARA","SANTA MARIA",-120.41808995,34.950920109999998
7187407,2016,2016-03-09,4204,2016-02-10,0835,90081,73,3,5,5,4204,0,0,0,,0,003,"DEPOT ST","PRAIRIE LN",130.00,S,N,A,-,N,,,,,,,,,,N,4,0,1,1,A,-,08,22107,,N,E,I,A,A,H,-,A,D,0,,,,,Y,,A,07,0,0,1,0,0,0,0,0,0,"- ","- ",34.926769999999998,-120.44388000000001,"SANTA BARBARA","SANTA MARIA",-120.44384728999999,34.926223319999998
7187411,2016,2016-03-09,4204,2016-02-27,1120,90322,56,6,5,5,4204,0,0,0,,0,002,"PINE ST","PARK AV",200.00,N,N,A,-,N,,,,,,,,,,N,2,0,1,2,C,-,18,,,N,G,B,D,A,H,-,A,D,0,Y,,,,Y,,-,"- ",1,0,0,0,1,0,0,0,0,"- ","- ",34.944580000000002,-120.43886000000001,"SANTA BARBARA","SANTA MARIA",-120.43904852,34.945068730000003
7188089,2016,2016-02-22,4203,2016-02-04,1123,2264,,4,5,5,4203,0,0,0,,0,001,"N ALISOS ST","E MASON ST",252.00,N,N,A,-,N,,,,,,,,,,Y,4,0,1,3,C,-,18,,,N,C,E,A,A,H,-,A,D,0,,,,,Y,,-,"- ",0,0,1,0,0,0,0,0,0,"- ","- ",34.252699999999997,-119.40470000000001,"SANTA BARBARA","SANTA BARBARA",-119.67967623,34.424087630000002
7188093,2016,2016-02-22,4203,2016-02-10,1235,6700,36,3,5,5,4203,0,0,0,,0,005,"JUNIPERO ST","ALAMAR AV",135.00,W,N,A,-,N,,,,,,,,,,N,3,0,1,2,A,-,17,21200,,M,H,G,A,A,H,-,A,D,0,,Y,,,Y,,L,04,0,1,0,0,0,0,1,0,0,"- ","- ",34.42848,-119.72646,"SANTA BARBARA","SANTA BARBARA",-119.72639876,34.428466899999997
7188101,2016,2016-02-22,4203,2016-02-05,2237,23135,SBSC,5,5,5,4203,0,0,0,,0,006,"MARINA DR","CLIFF DR",9.00,E,N,A,-,N,,,,,,,,,,Y,3,0,1,1,A,-,03,22350,,N,A,I,A,A,H,-,D,A,0,,,,,Y,,-,,0,1,0,0,0,0,0,0,0,"- ","- ",34.243139999999997,-117.45216000000001,"SANTA BARBARA","SANTA BARBARA",-119.75625144999999,34.40891714
7188245,2016,2016-04-11,4204,2016-02-12,0633,90415,82,5,5,5,4204,0,0,0,,0,003,"BETTERAVIA RD","COLLEGE DR",328.00,W,N,A,-,N,,,,,,,,,,Y,4,0,1,2,A,-,03,22350,,N,C,C,A,A,H,-,A,A,0,,,,,Y,,I,11,0,0,1,0,0,0,0,0,0,"- ","- ",34.923499999999997,-120.42565,"SANTA BARBARA","SANTA MARIA",-120.42673383,34.923749999999998
8005455,2016,2016-04-01,4203,2016-03-22,1838,1584,14,2,5,5,4203,0,0,0,,0,002,"CASTILLO ST","HALEY ST",160.00,S,N,A,-,N,,,,,,,,,,Y,3,0,1,1,A,-,08,22107,,N,-,A,A,A,H,-,A,B,0,,Y,,,Y,,L,04,0,1,0,0,0,0,1,0,0,"- ","- ",34.244500000000002,-119.41578,"SANTA BARBARA","SANTA BARBARA",-119.69940299,34.412531489999999
8005459,2016,2016-04-01,4203,2016-03-22,1945,22859,,2,5,5,4203,0,0,0,,0,007,"HOLLISTER AV","CREMONA DR",0.00,,Y,A,-,N,,,,,,,,,,N,3,0,2,2,A,-,08,22107,,N,A,C,A,A,H,-,D,D,0,,,,,Y,,-,,0,2,0,0,0,0,0,0,0,"- ","- ",34.255200000000002,-119.5123,"SANTA BARBARA","SANTA BARBARA",-119.85635996000001,34.430750000000003
8005463,2016,2016-04-01,4203,2016-03-26,2032,6973,,6,5,5,4203,0,0,0,,0,003,"SANTA BARBARA ST","HALEY ST",30.00,S,N,A,-,N,,,,,,,,,,N,4,0,1,2,A,-,01,23153,,N,D,C,A,A,H,-,C,A,0,,,,,Y,Y,-,,0,0,1,0,0,0,0,0,0,"- ","- ",34.417999999999999,-119.693,"SANTA BARBARA","SANTA BARBARA",-119.69315704,34.418904060000003
8005475,2016,2016-04-01,4203,2016-03-26,1202,22854,,6,5,5,4203,0,0,0,,0,005,"STATE ST","CALLE LAURELES",0.00,,Y,A,-,N,,,,,,,,,,Y,3,0,2,2,A,-,09,21801,,N,D,C,A,A,H,-,A,A,0,,,,,Y,,-,"- ",0,2,0,0,0,0,0,0,0,"- ","- ",34.262500000000003,-119.4542,"SANTA BARBARA","SANTA BARBARA",-119.72814989,34.440370020000003
8005600,2016,2016-03-30,4202,2016-02-29,1837,230,LOMPO,1,5,4,4202,0,0,0,,0,,"CHESTNUT AV","O ST",9.00,E,N,A,-,N,,,,,,,,,,N,4,0,1,2,A,-,08,22107,,N,G,B,B,A,H,-,C,D,0,Y,,,,Y,,A,01,0,0,1,0,1,0,0,0,0,"- ","- ",,,"SANTA BARBARA",LOMPOC,-120.46671009000001,34.642309539999999
8005809,2016,2016-03-24,4203,2016-03-19,1839,6968,30,6,5,5,4203,0,0,0,,0,004,"W HALEY ST","DE LA VINA ST",0.00,,Y,A,-,N,,,,,,,,,,N,4,0,1,2,A,-,08,22107,,N,D,G,A,A,H,-,A,A,0,,Y,,,Y,,-,,0,0,1,0,0,0,1,0,0,"- ","- ",34.245280000000001,-119.41519,"SANTA BARBARA","SANTA BARBARA",-119.69778988,34.414680089999997
8005817,2016,2016-03-24,4203,2016-03-16,1345,2399,,3,5,5,4203,0,0,0,,0,004,"W VICTORIA ST","STATE ST",6.00,W,N,A,-,N,,,,,,,,,,N,4,0,1,2,A,-,08,22107,,N,B,C,A,A,H,-,A,A,0,,Y,,,Y,,L,04,0,0,1,0,0,0,1,0,0,"- ","- ",34.252630000000003,-119.42222,"SANTA BARBARA","SANTA BARBARA",-119.70575319,34.424287669999998
8005821,2016,2016-03-24,4203,2016-03-15,1126,6700,42,2,5,5,4203,0,0,0,,0,003,"ANACAPA ST","SOLA ST",0.00,,Y,A,-,N,,,,,,,,,,N,4,0,1,2,A,-,09,21802,A,N,D,C,A,A,H,-,A,A,0,,,,,Y,,A,07,0,0,1,0,0,0,0,0,0,"- ","- ",34.426310000000001,-119.7059,"SANTA BARBARA","SANTA BARBARA",-119.70581989,34.426310030000003
8005825,2016,2016-03-24,4203,2016-03-15,0849,6700,67,2,5,5,4203,0,0,0,,0,001,"NOPAL ST","ANAPAMU ST",214.00,S,N,A,-,N,,,,,,,,,,N,2,0,1,1,C,-,18,,,N,H,A,A,A,G,-,A,D,0,,Y,,,Y,,-,"- ",1,0,0,0,0,0,1,0,0,"- ","- ",34.431399999999996,-119.6949,"SANTA BARBARA","SANTA BARBARA",-119.69494243,34.431416659999996
8006016,2016,2016-03-25,4203,2016-03-10,1511,6700,14,4,5,5,4203,0,0,0,,0,002,"CASTILLO ST","MONTECITO ST",36.00,N,N,A,-,N,,,,,,,,,,N,4,0,1,2,A,-,03,22350,,N,C,C,A,A,H,-,A,A,0,,,,,Y,,A,07,0,0,1,0,0,0,0,0,0,"- ","- ",34.410789999999999,-119.69768000000001,"SANTA BARBARA","SANTA BARBARA",-119.6975801,34.41074476
8006728,2016,2016-08-24,4204,2016-03-23,1843,90341,,3,5,5,4204,0,0,0,,0,,"BETTERAVIA RD","MAHONEY RD",0.00,,Y,A,-,N,,,,,,,,,,N,3,0,1,1,A,-,03,22350,,N,H,A,A,A,H,-,A,A,0,,,Y,,Y,,C,02,0,1,0,0,0,0,0,0,1,"- ","- ",34.921210000000002,-120.47497,"SANTA BARBARA","SANTA MARIA",-120.47485998000001,34.920660060000003
8006732,2016,2016-04-05,4204,2016-03-24,0721,18261,48,4,5,5,4204,0,0,0,,0,002,"CYPRESS ST","RANCH ST",0.00,,Y,A,-,N,,,,,,,,,,Y,3,0,3,2,A,-,08,22100,B,N,A,C,A,A,H,-,A,A,0,,,,,Y,,A,01,0,2,1,0,0,0,0,0,0,"- ","- ",34.951149999999998,-120.42018,"SANTA BARBARA","SANTA MARIA",-120.42011986999999,34.950920089999997
8006886,2016,2016-04-12,4204,2016-03-31,1649,90242,78,4,5,5,4204,0,0,0,,0,003,"BETTERAVIA RD","MAHONEY RD",0.00,,Y,A,-,N,,,,,,,,,,N,4,0,1,2,A,-,09,21804,,N,D,C,A,A,H,-,A,D,0,,,,,Y,,D,22,0,0,1,0,0,0,0,0,0,"- ","- ",34.921210000000002,-120.47497,"SANTA BARBARA","SANTA MARIA",-120.47485998000001,34.920660060000003
8006963,2016,2016-04-11,4204,2016-03-25,1639,23656,,5,5,5,4204,0,0,0,,0,,"BLOSSER RD","STOWELL RD",0.00,,Y,A,-,N,,,,,,,,,,Y,4,0,1,2,A,-,12,21453,A,N,D,C,A,A,H,-,A,A,0,,,,,Y,,A,01,0,0,1,0,0,0,0,0,0,"- ","- ",34.939079999999997,-120.45375,"SANTA BARBARA","SANTA MARIA",-120.45389993000001,34.938780000000001
8010209,2016,2017-02-11,4204,2016-03-29,1233,18261,52,2,5,5,4204,0,0,0,,0,002,BROADWAY,"JONES ST",0.00,,Y,A,-,Y,SB,5,135,-,-,15.280,I,5,N,Y,4,0,3,2,A,-,09,21802,A,N,D,D,A,A,H,-,A,A,0,,,,,Y,,A,07,0,0,3,0,0,0,0,0,0,"- ","- ",34.945909999999998,-120.43622000000001,"SANTA BARBARA","SANTA MARIA",-120.43591585999999,34.94587147
8010213,2016,2017-02-07,4204,2016-03-31,1352,90242,36,4,5,5,4204,0,0,0,,0,002,"MAIN ST","BRADLEY RD",0.00,,Y,A,-,Y,SB,5,166,-,-,8.870,H,-,W,N,4,0,1,2,A,-,09,21801,A,N,D,C,A,A,H,-,A,D,0,,,,,Y,,A,01,0,0,1,0,0,0,0,0,0,"- ","- ",34.95317,-120.41808,"SANTA BARBARA","SANTA MARIA",-120.41844242000001,34.95306076
8010408,2016,2016-04-06,4200,2016-03-14,0756,3683,14,1,5,4,4214,0,0,0,,0,080,"CALLE REAL","SONOMA AV",11.00,E,N,A,-,N,,,,,,,,,,Y,4,0,1,2,A,-,09,21802,A,N,B,C,A,A,H,-,A,D,0,,,,,Y,,D,22,0,0,1,0,0,0,0,0,0,"- ","- ",,,"SANTA BARBARA",GOLETA,-119.87430732999999,34.433833399999997
8010436,2016,2016-04-15,4200,2016-03-05,1013,4041,14,6,5,4,4214,0,0,0,,0,060,"S KELLOGG AV","ARMITOS AV",364.00,N,N,C,-,N,,,,,,,,,,Y,4,0,1,1,C,-,18,,,N,E,I,A,B,H,-,A,D,0,,,,,Y,,-,"- ",0,0,1,0,0,0,0,0,0,"- ","- ",,,"SANTA BARBARA",GOLETA,-119.82119,34.438870000000001
8010448,2016,2016-04-06,4200,2016-03-02,0944,3116,14,3,5,4,4214,0,0,0,,0,080,"HOLLISTER AV","ELDERBERRY DR",0.00,,Y,A,-,N,,,,,,,,,,Y,4,0,2,2,A,-,09,21801,A,N,A,C,A,A,H,-,A,D,0,,,,,Y,,D,22,0,0,2,0,0,0,0,0,0,"- ","- ",,,"SANTA BARBARA",GOLETA,-119.89966995,34.429640059999997
8010514,2016,2016-04-05,4200,2016-03-15,1102,3116,14,2,5,4,4214,0,0,0,,0,080,"HOLLISTER AV","CANNON GREEN DR",0.00,,Y,A,-,N,,,,,,,,,,Y,3,0,1,2,A,-,09,21801,A,N,D,C,A,A,H,-,A,D,0,,,Y,,Y,,A,07,0,1,0,0,0,0,0,0,1,"- ","- ",,,"SANTA BARBARA",GOLETA,-119.88352995,34.429990080000003
8010784,2016,2017-02-11,4202,2016-03-13,1521,230,LOMPO,7,5,4,4202,0,0,0,,0,,"RT 246","3RD ST",0.00,,Y,A,-,Y,SB,5,246,-,-,19.810,H,-,E,Y,4,0,1,2,A,-,12,21453,A,N,D,C,A,A,H,-,A,A,0,,,,,Y,,D,22,0,0,1,0,0,0,0,0,0,"- ","- ",,,"SANTA BARBARA",LOMPOC,-120.29158789,34.635510519999997
8010835,2016,2016-04-06,4202,2016-03-26,1830,230,LOMPO,6,5,4,4202,0,0,0,,0,,"A ST","WALNUT AV",0.00,,Y,A,-,N,,,,,,,,,,Y,4,0,1,2,A,-,01,23152,B,N,D,C,A,A,H,-,B,A,0,,,,,Y,Y,A,07,0,0,1,0,0,0,0,0,0,"- ","- ",,,"SANTA BARBARA",LOMPOC,-120.44898992,34.640560069999999
8010914,2016,2017-02-07,4203,2016-03-24,1226,6700,32,4,5,5,4203,0,0,0,,0,004,"CARRILLO ST","RT 101",0.00,,Y,A,-,Y,SB,5,101,-,R,14.630,R,4,N,N,4,0,1,2,A,-,12,21453,A,N,D,C,A,A,H,-,A,A,0,,,,,Y,,A,01,0,0,1,0,0,0,0,0,0,"- ",NF,34.416600000000003,-119.70701,"SANTA BARBARA","SANTA BARBARA",-119.70585512,34.415368600000001
8010917,2016,2017-02-07,4203,2016-03-29,2116,8120,,2,5,5,4203,0,0,0,,0,005,"STATE ST","CALLE REAL",0.00,,Y,A,-,Y,SB,5,101,-,-,17.930,R,4,N,Y,4,0,1,2,A,-,12,21453,A,N,F,C,A,A,H,-,C,A,0,,,,,Y,,-,,0,0,1,0,0,0,0,0,0,"- ","- ",34.262500000000003,-119.4515,"SANTA BARBARA","SANTA BARBARA",-119.75330672,34.438427480000001
8010921,2016,2017-02-07,4203,2016-03-22,0747,5751,52,2,5,5,4203,0,0,0,,0,005,"FOOTHILL RD","CALLE PALO COLORADO",0.00,,Y,A,-,Y,SB,5,192,-,-,2.070,I,5,W,Y,3,0,2,2,A,-,09,21801,A,N,A,C,A,A,H,-,A,D,0,,,,,Y,,A,01,0,1,1,0,0,0,0,0,0,"- ","- ",34.448720000000002,-119.73063999999999,"SANTA BARBARA","SANTA BARBARA",-119.73059102000001,34.448693740000003
8010924,2016,2016-04-13,4204,2016-03-17,1650,90242,50,4,5,5,4204,0,0,0,,0,002,"BLOSSER RD","COOK ST",0.00,,Y,A,-,N,,,,,,,,,,N,4,0,1,2,A,-,03,22350,,N,C,C,A,A,H,-,A,D,0,,,,,Y,,D,22,0,0,1,0,0,0,0,0,0,"- ","- ",34.9495,-120.4539,"SANTA BARBARA","SANTA MARIA",-120.45376996,34.949620109999998
8010968,2016,2016-04-07,4203,2016-03-25,1507,7570,62,5,5,5,4203,0,0,0,,0,002,"CARPINTERIA ST","N ALISOS ST",203.00,E,N,A,-,N,,,,,,,,,,N,4,0,1,2,D,-,00,,,N,B,C,A,A,-,-,A,D,0,,,,,Y,,-,"- ",0,0,1,0,0,0,0,0,0,"- ","- ",,,"SANTA BARBARA","SANTA BARBARA",-119.67603918,34.42214096
8010988,2016,2016-04-07,4203,2016-03-24,1418,6700,52,4,5,5,4203,0,0,0,,0,005,"STATE ST","ONTARE RD",535.00,W,N,A,-,N,,,,,,,,,,N,4,0,1,2,A,-,03,22350,,N,C,C,A,A,D,-,A,A,0,,,,,Y,,A,01,0,0,1,0,0,0,0,0,0,"- ","- ",34.440460000000002,-119.74191,"SANTA BARBARA","SANTA BARBARA",-119.74186279,34.440420000000003
8010992,2016,2016-04-07,4203,2016-03-30,0825,22857,,3,5,5,4203,0,0,0,,0,005,"PESETAS LN","CALLE REAL",0.00,,Y,A,-,N,,,,,,,,,,N,2,0,1,2,A,-,09,21801,A,N,D,G,A,A,H,-,A,A,0,,Y,,,Y,,-,,1,0,0,0,0,0,1,0,0,"- ","- ",34.441519999999997,-119.75845,"SANTA BARBARA","SANTA BARBARA",-119.75840994000001,34.441510020000003
8010996,2016,2016-04-07,4203,2016-03-30,1302,2661,,3,5,5,4203,0,0,0,,0,005,"ALAMAR AV","CASTILLO ST",0.00,,Y,A,-,N,,,,,,,,,,Y,4,0,1,2,A,-,09,21802,A,N,D,C,A,A,C,-,A,A,0,,,,,Y,,-,,0,0,1,0,0,0,0,0,0,"- ","- ",34.255499999999998,-119.4335,"SANTA BARBARA","SANTA BARBARA",-119.72640995,34.432130039999997
8011000,2016,2016-04-07,4203,2016-03-31,1741,5086,,4,5,5,4203,0,0,0,,0,003,"LAGUNA ST","E FIGUEROA ST",0.00,,Y,A,-,N,,,,,,,,,,N,3,0,1,2,A,-,17,22109,,N,D,G,A,A,H,-,A,D,0,,Y,,,Y,,L,04,0,1,0,0,0,0,1,0,0,"- ","- ",34.252589999999998,-119.41549999999999,"SANTA BARBARA","SANTA BARBARA",-119.69860995000001,34.42670004
8011004,2016,2016-04-07,4203,2016-03-05,1303,2720,,6,5,5,4203,0,0,0,,0,002,"EAST CABRILLO BL","CHANNEL DR",380.00,W,N,C,-,N,,,,,,,,,,N,3,0,1,1,D,-,00,,,N,-,I,A,B,H,-,A,D,0,,Y,,,Y,,-,"- ",0,1,0,0,0,0,1,0,0,"- ","- ",34.420110000000001,-119.65863,"SANTA BARBARA","SANTA BARBARA",-119.65710180000001,34.420566350000001
8011008,2016,2016-04-07,4203,2016-03-25,1100,22857,,5,5,5,4203,0,0,0,,0,003,"OLIVE ST","E HALEY ST",0.00,,Y,A,-,N,,,,,,,,,,N,4,0,1,2,A,-,09,21802,A,N,D,G,A,A,H,-,A,A,0,,Y,,,Y,,-,,0,0,1,0,0,0,1,0,0,"- ","- ",34.251899999999999,-119.41240000000001,"SANTA BARBARA","SANTA BARBARA",-119.68982995,34.422140030000001
8011944,2016,2016-04-12,4204,2016-03-30,1949,90239,83,3,5,5,4204,0,0,0,,0,003,"BRADLEY RD","IRIS LN",0.00,,Y,A,-,N,,,,,,,,,,Y,4,0,1,2,A,-,09,21804,A,N,D,C,A,A,H,-,B,A,0,,,,,Y,,A,01,0,0,1,0,0,0,0,0,0,"- ","- ",34.918950000000002,-120.42135999999999,"SANTA BARBARA","SANTA MARIA",-120.42164990000001,34.918980060000003
8012054,2016,2016-04-06,4204,2016-03-29,1847,90276,,2,5,5,4204,0,0,0,,0,B02,"COOK ST","OAKLEY AV",0.00,,Y,A,-,N,,,,,,,,,,Y,4,0,2,3,A,-,09,21802,A,N,D,C,A,A,H,-,A,D,0,,,,,Y,,D,22,0,0,2,0,0,0,0,0,0,"- ","- ",34.949829999999999,-120.44729,"SANTA BARBARA","SANTA MARIA",-120.44717998,34.949570049999998
8012148,2016,2016-04-05,4204,2016-03-28,1652,90276,,1,5,5,4204,0,0,0,,0,B02,"MILLER ST","PARK AV",0.00,,Y,A,-,N,,,,,,,,,,Y,4,0,1,2,A,-,09,21802,A,N,D,C,A,A,H,-,A,D,0,,,,,Y,,A,01,0,0,1,0,0,0,0,0,0,"- ","- ",34.944290000000002,-120.43116999999999,"SANTA BARBARA","SANTA MARIA",-120.43141994,34.944400020000003
8012152,2016,2016-04-05,4204,2016-03-26,1439,90277,10,6,5,5,4204,0,0,0,,0,001,"DONOVAN RD","MILLER ST",0.00,,Y,A,-,N,,,,,,,,,,Y,4,0,1,1,A,-,12,21453,A,N,E,I,A,A,H,-,A,A,0,,,,,Y,,A,01,0,0,1,0,0,0,0,0,0,"- ","- ",34.967619999999997,-120.43097,"SANTA BARBARA","SANTA MARIA",-120.43122993,34.967690009999998
8012156,2016,2017-02-07,4204,2016-03-24,1802,90242,36,4,5,5,4204,0,0,0,,0,002,"MAIN ST","CONCEPCION AV",0.00,,Y,A,-,Y,SB,5,166,-,-,8.630,I,5,E,Y,3,0,2,2,A,-,12,22450,A,N,D,C,A,A,H,-,A,D,0,,,,,Y,,A,01,0,2,0,0,0,0,0,0,0,"- ","- ",34.952849999999998,-120.42267,"SANTA BARBARA","SANTA MARIA",-120.42264066,34.95302993
8013869,2016,2017-02-07,4203,2016-03-16,0820,6983,,3,5,5,4203,0,0,0,,0,002,"CASTILLO ST","RT 101",0.00,,Y,A,-,Y,SB,5,101,-,R,14.340,R,4,S,Y,4,0,1,2,A,-,03,22350,,N,C,C,A,B,H,-,A,A,0,,,,,Y,,-,,0,0,1,0,0,0,0,0,0,"- ",SF,34.411729999999999,-119.6987,"SANTA BARBARA","SANTA BARBARA",-119.70202696,34.412495569999997
8015570,2016,2016-05-23,4204,2016-04-01,1609,21338,60,5,5,5,4204,0,0,0,,0,003,"STOWELL RD","HANSON WY",0.00,,Y,A,-,N,,,,,,,,,,Y,4,0,1,2,A,-,09,21802,A,N,D,C,A,A,H,-,A,A,0,,,,Y,Y,,A,01,0,0,1,0,0,0,0,0,0,"- ","- ",34.938769999999998,-120.46146,"SANTA BARBARA","SANTA MARIA",-120.46106991000001,34.938740000000003
8016335,2016,2016-04-13,4202,2016-03-21,0743,292,,1,5,4,4202,0,0,0,,0,,"MAPLE AV","R ST",140.00,W,N,A,-,N,,,,,,,,,,Y,3,0,1,2,A,-,10,21954,B,N,A,B,D,A,H,-,A,D,0,Y,,,,Y,,A,01,0,1,0,0,1,0,0,0,0,"- ","- ",,,"SANTA BARBARA",LOMPOC,-120.47096529,34.645534849999997
8016339,2016,2016-04-13,4202,2016-03-17,1659,292,,4,5,4,4202,0,0,0,,0,,"A ST","CHESTNUT AV",0.00,,Y,A,-,N,,,,,,,,,,Y,4,0,2,2,A,-,09,21802,A,N,D,C,A,A,H,-,A,A,0,,,,,Y,,A,01,0,0,2,0,0,0,0,0,0,"- ","- ",,,"SANTA BARBARA",LOMPOC,-120.44897999,34.64215007
8016827,2016,2016-04-15,4203,2016-04-05,1527,6700,53,2,5,5,4203,0,0,0,,0,005,"LAS POSITAS RD","MCCAW AV",0.00,,Y,A,-,N,,,,,,,,,,Y,3,0,2,3,A,-,09,21801,A,N,D,C,A,A,H,-,A,A,0,,,,,Y,,A,07,0,1,1,0,0,0,0,0,0,"- ","- ",34.438479999999998,-119.73401,"SANTA BARBARA","SANTA BARBARA",-119.73393987999999,34.438530030000003
8016831,2016,2016-04-15,4203,2016-04-06,0956,6700,13,3,5,5,4203,0,0,0,,0,002,"YANONALI ST","BATH ST",0.00,,Y,A,-,N,,,,,,,,,,N,3,0,1,2,A,-,09,21801,A,N,D,C,A,A,H,-,A,A,0,,,Y,,Y,,A,01,0,1,0,0,0,0,0,0,1,"- ","- ",34.410820000000001,-119.69507,"SANTA BARBARA","SANTA BARBARA",-119.69501999000001,34.410850070000002