CASE_ID,ACCIDENT_YEAR,PROC_DATE,JURIS,COLLISION_DATE,COLLISION_TIME,OFFICER_ID,REPORTING_DISTRICT,DAY_OF_WEEK,CHP_SHIFT,POPULATION,CNTY_CITY_LOC,SPECIAL_COND,BEAT_TYPE,CHP_BEAT_TYPE,CITY_DIVISION_LAPD,CHP_BEAT_CLASS,BEAT_NUMBER,PRIMARY_RD,SECONDARY_RD,DISTANCE,DIRECTION,INTERSECTION,WEATHER_1,WEATHER_2,STATE_HWY_IND,CALTRANS_COUNTY,CALTRANS_DISTRICT,STATE_ROUTE,ROUTE_SUFFIX,POSTMILE_PREFIX,POSTMILE,LOCATION_TYPE,RAMP_INTERSECTION,SIDE_OF_HWY,TOW_AWAY,COLLISION_SEVERITY,NUMBER_KILLED,NUMBER_INJURED,PARTY_COUNT,PRIMARY_COLL_FACTOR,PCF_CODE_OF_VIOL,PCF_VIOL_CATEGORY,PCF_VIOLATION,PCF_VIOL_SUBSECTION,HIT_AND_RUN,TYPE_OF_COLLISION,MVIW,PED_ACTION,ROAD_SURFACE,ROAD_COND_1,ROAD_COND_2,LIGHTING,CONTROL_DEVICE,CHP_ROAD_TYPE,PEDESTRIAN_ACCIDENT,BICYCLE_ACCIDENT,MOTORCYCLE_ACCIDENT,TRUCK_ACCIDENT,NOT_PRIVATE_PROPERTY,ALCOHOL_INVOLVED,STWD_VEHTYPE_AT_FAULT,CHP_VEHTYPE_AT_FAULT,COUNT_SEVERE_INJ,COUNT_VISIBLE_INJ,COUNT_COMPLAINT_PAIN,COUNT_PED_KILLED,COUNT_PED_INJURED,COUNT_BICYCLIST_KILLED,COUNT_BICYCLIST_INJURED,COUNT_MC_KILLED,COUNT_MC_INJURED,PRIMARY_RAMP,SECONDARY_RAMP,LATITUDE,LONGITUDE,COUNTY,CITY,POINT_X,POINT_Y
8016839,2016,2016-04-15,4203,2016-04-05,1415,5751,62,2,5,5,4203,0,0,0,,0,001,"N MILPAS ST","E DELAGUERA ST",0.00,,Y,A,-,N,,,,,,,,,,Y,4,0,1,2,A,-,12,21453,A,N,D,C,A,A,H,-,A,A,0,,,,,Y,,A,07,0,0,1,0,0,0,0,0,0,"- ","- ",34.429130000000001,-119.68925,"SANTA BARBARA","SANTA BARBARA",-119.68917997,34.429140089999997
8016843,2016,2016-04-15,4203,2016-04-05,0715,5751,61,2,5,5,4203,0,0,0,,0,001,"E CANON PERDIDO ST","N NOPAL ST",165.00,W,N,A,-,N,,,,,,,,,,N,2,0,1,2,A,-,17,22517,,N,H,G,A,A,H,-,A,D,0,,Y,,,Y,,A,01,1,0,0,0,0,0,1,0,0,"- ","- ",34.428530000000002,-119.6921,"SANTA BARBARA","SANTA BARBARA",-119.69193812,34.428655050000003
8016847,2016,2016-04-15,4203,2016-04-05,1330,5751,50,2,5,5,4203,0,0,0,,0,005,"STATE ST","W ALAMAR ST",238.00,S,N,A,-,N,,,,,,,,,,N,3,0,1,1,A,-,03,22350,,N,F,A,A,A,H,-,A,D,0,,,Y,,Y,,C,03,0,1,0,0,0,0,0,0,1,"- ","- ",34.438099999999999,-119.72432999999999,"SANTA BARBARA","SANTA BARBARA",-119.72425401,34.438046749999998
8017137,2016,2016-04-21,4203,2016-04-04,1532,6700,62,1,5,5,4203,0,0,0,,0,001,"HALEY ST","MILPAS ST",255.00,W,N,A,-,N,,,,,,,,,,N,4,0,1,2,A,-,03,22350,,N,C,C,A,A,H,-,A,D,0,,,,,Y,,A,01,0,0,1,0,0,0,0,0,0,"- ","- ",34.425730000000001,-119.68600000000001,"SANTA BARBARA","SANTA BARBARA",-119.68593153,34.425819879999999
8017343,2016,2016-04-15,4203,2016-04-03,2048,1985,,7,5,5,4203,0,0,0,,0,006,"MODOC RD","LAS POSITAS RD",360.00,W,N,A,-,N,,,,,,,,,,Y,3,0,2,1,A,-,08,22107,,N,F,A,A,A,H,-,C,D,0,,,,,Y,,-,,0,1,1,0,0,0,0,0,0,"- ","- ",34.25347,-119.44985,"SANTA BARBARA","SANTA BARBARA",-119.73588082000001,34.426427680000003
8017347,2016,2016-04-15,4203,2016-04-07,1417,6700,47,4,5,5,4203,0,0,0,,0,003,"ANACAPA ST","VALERIO ST",227.00,N,N,B,-,N,,,,,,,,,,N,3,0,1,2,B,-,22,,,N,H,G,A,A,H,-,A,D,0,,Y,,,Y,,L,04,0,1,0,0,0,0,1,0,0,"- ","- ",34.429639999999999,-119.71025,"SANTA BARBARA","SANTA BARBARA",-119.71028029,34.429515840000001
8017351,2016,2016-04-15,4203,2016-04-08,1705,7187,,5,5,5,4203,0,0,0,,0,005,"STATE ST","HITCHCOCK WY",100.00,W,N,C,-,N,,,,,,,,,,N,4,0,2,3,A,-,03,22350,,N,C,C,A,B,H,-,A,D,0,,,,,Y,,-,,0,0,2,0,0,0,0,0,0,"- ","- ",,,"SANTA BARBARA","SANTA BARBARA",-119.74478141,34.440480000000001
8017355,2016,2016-04-15,4203,2016-04-07,2315,23133,,4,5,5,4203,0,0,0,,0,002,"MILPAS ST","CACIQUE ST",153.00,S,N,A,-,N,,,,,,,,,,Y,4,0,1,2,A,-,08,22107,,N,A,C,A,A,H,-,C,A,0,,,,,Y,,A,01,0,0,1,0,0,0,0,0,0,"- ","- ",,,"SANTA BARBARA","SANTA BARBARA",-119.67598094,34.419482100000003
8017359,2016,2016-04-15,4203,2016-04-07,0841,6700,20,4,5,5,4203,0,0,0,,0,002,"CARRILLO ST","SAN PASCUAL ST",59.00,W,N,B,-,N,,,,,,,,,,N,4,0,1,3,A,-,03,22350,,N,C,C,A,A,H,-,A,A,0,,,,,Y,,A,07,0,0,1,0,0,0,0,0,0,"- ","- ",34.415050000000001,-119.70926,"SANTA BARBARA","SANTA BARBARA",-119.70927929,34.415075459999997
8018539,2016,2016-06-09,4204,2016-04-14,1021,23240,32,4,5,5,4204,0,0,0,,0,002,"FESLER ST","BENWILEY AV",0.00,,Y,A,-,N,,,,,,,,,,Y,4,0,1,2,A,-,12,22450,A,N,D,C,A,A,H,-,A,A,0,,,,Y,Y,,A,01,0,0,1,0,0,0,0,0,0,"- ","- ",34.956719999999997,-120.44583,"SANTA BARBARA","SANTA MARIA",-120.4456399,34.95687006
8018562,2016,2017-02-15,4204,2016-04-07,1344,90242,48,4,5,5,4204,0,0,0,,0,002,"MAIN ST","RANCH ST",0.00,,Y,A,-,Y,SB,5,166,-,-,8.780,I,5,E,Y,3,0,1,2,A,-,11,21950,B,N,G,B,B,A,H,-,A,D,0,Y,,,,Y,,N,60,0,1,0,0,1,0,0,0,0,"- ","- ",34.953229999999998,-120.42014,"SANTA BARBARA","SANTA MARIA",-120.42002607000001,34.9529955
7205676,2016,2016-03-17,4204,2016-03-04,1652,90242,32,5,5,5,4204,0,0,0,,0,002,"BLOSSER RD","CYPRESS ST",0.00,,Y,B,-,N,,,,,,,,,,N,4,0,1,2,A,-,03,22350,,N,C,C,A,A,H,-,A,D,0,,,,,Y,,A,01,0,0,1,0,0,0,0,0,0,"- ","- ",34.950719999999997,-120.45381999999999,"SANTA BARBARA","SANTA MARIA",-120.45374992000001,34.950810109999999
7205680,2016,2016-03-17,4200,2016-03-03,1526,3116,14,4,5,4,4214,0,0,0,,0,080,"HOLLISTER AV","LOWELL WY",73.00,S,N,A,-,N,,,,,,,,,,N,4,0,2,2,A,-,03,22350,,N,C,C,A,A,H,-,A,D,0,,,,,Y,,A,01,0,0,2,0,0,0,0,0,0,"- ","- ",,,"SANTA BARBARA",GOLETA,-119.88153,34.430019999999999
7205681,2016,2016-03-15,4200,2016-02-21,1442,4652,14,7,5,4,4214,0,0,0,,0,080,"STORKE RD","HOLLISTER AV",0.00,,Y,A,-,N,,,,,,,,,,N,4,0,2,2,A,-,03,22350,A,N,C,C,A,A,H,-,A,A,0,,,,,Y,,A,07,0,0,2,0,0,0,0,0,0,"- ","- ",,,"SANTA BARBARA",GOLETA,-119.86974995,34.430100090000003
7205848,2016,2016-03-21,4203,2016-03-02,1107,5751,53,3,5,5,4203,0,0,0,,0,005,"PALERMO DR","NORTH PORTOFINO WY",185.00,N,N,A,-,N,,,,,,,,,,Y,4,0,1,3,A,-,08,22107,,N,B,E,A,A,H,-,A,D,0,,,,,Y,,A,08,0,0,1,0,0,0,0,0,0,"- ","- ",34.427779999999998,-119.74670999999999,"SANTA BARBARA","SANTA BARBARA",-119.74670216,34.427861579999998
7206496,2016,2016-03-23,4204,2016-03-09,1717,90242,35,3,5,5,4204,0,0,0,,0,002,"MILLER ST","MILL ST",0.00,,Y,A,-,N,,,,,,,,,,N,4,0,1,2,A,-,09,21804,A,N,G,G,A,A,H,-,A,D,0,,Y,,,Y,,L,04,0,0,1,0,0,0,1,0,0,"- ","- ",34.955289999999998,-120.43138999999999,"SANTA BARBARA","SANTA MARIA",-120.43143986,34.955350039999999
7206500,2016,2016-03-23,4204,2016-03-07,0800,90373,72,1,5,5,4204,0,0,0,,0,003,"BLOSSER RD","SONYA LN",0.00,,Y,C,-,N,,,,,,,,,,Y,3,0,1,2,A,-,09,21802,A,N,D,C,A,B,H,-,A,D,0,,,,,Y,,A,01,0,1,0,0,0,0,0,0,0,"- ","- ",,,"SANTA BARBARA","SANTA MARIA",-120.45400988,34.927880020000003
7207049,2016,2016-03-23,4204,2016-03-11,2247,90343,75,5,5,5,4204,0,0,0,,0,003,"BETTERAVIA RD","COLLEGE DR",0.00,,Y,B,-,N,,,,,,,,,,Y,3,0,1,1,A,-,01,23153,A,N,E,I,A,B,H,-,C,A,0,,,,,Y,Y,A,01,0,1,0,0,0,0,0,0,0,"- ","- ",34.923499999999997,-120.42565,"SANTA BARBARA","SANTA MARIA",-120.42563995,34.923750060000003
7207297,2016,2017-02-11,4204,2016-02-21,0234,90246,4204,7,5,5,4204,0,0,0,,0,001,BROADWAY,"RT 101",750.00,S,N,A,-,Y,SB,5,135,-,-,17.790,H,-,N,Y,3,0,1,1,A,-,08,22107,,F,E,I,A,A,H,-,C,D,0,,,,,Y,,A,08,0,1,0,0,0,0,0,0,0,"- ","- ",34.98124,-120.43137,"SANTA BARBARA","SANTA MARIA",-120.43163626,34.981163799999997
7207349,2016,2017-02-07,4204,2016-02-18,1544,21338,32,4,5,5,4204,0,0,0,,0,002,MAIN,WESTERN,0.00,,Y,A,-,Y,SB,5,166,-,-,7.120,I,5,W,Y,4,0,2,2,A,-,12,21453,A,N,D,C,A,A,H,-,A,A,0,,,,,Y,,A,01,0,0,2,0,0,0,0,0,0,"- ","- ",,,"SANTA BARBARA","SANTA MARIA",-120.44938037999999,34.953322659999998
7207353,2016,2017-02-11,4204,2016-02-25,1006,23656,82,4,5,5,4204,0,0,0,,0,003,BROADWAY,"MCCOY LN",500.00,N,N,A,-,Y,SB,5,135,-,-,13.360,H,-,N,Y,4,0,1,2,A,-,12,21453,A,N,D,C,A,A,H,-,A,A,0,,,,,Y,,A,01,0,0,1,0,0,0,0,0,0,"- ","- ",34.916670000000003,-120.43615,"SANTA BARBARA","SANTA MARIA",-120.43592723,34.91814952
7207357,2016,2016-08-24,4204,2016-02-25,1651,90242,37,4,5,5,4204,0,0,0,,0,002,MAIN,"CONCORD AV",0.00,,Y,A,-,N,,,,,,,,,,N,4,0,1,2,A,-,09,21802,A,N,B,C,A,A,H,-,A,D,0,,,,,Y,,A,01,0,0,1,0,0,0,0,0,0,"- ","- ",34.95299,-120.4139,"SANTA BARBARA","SANTA MARIA",-120.41389995999999,34.952900110000002
8018654,2016,2016-04-27,4204,2016-04-07,1404,90373,80,4,5,5,4204,0,0,0,,0,003,"BETTERAVIA RD","BLOSSER RD",0.00,,Y,B,-,N,,,,,,,,,,N,4,0,1,2,A,-,10,21950,A,N,G,B,B,A,H,-,A,A,0,Y,,,,Y,,A,01,0,0,1,0,1,0,0,0,0,"- ","- ",34.92069,-120.45393,"SANTA BARBARA","SANTA MARIA",-120.45408988,34.920630109999998
8018666,2016,2016-04-27,4204,2016-04-08,1115,90376,59,5,5,5,4204,0,0,0,,0,002,"STOWELL RD","BRADLEY RD",500.00,W,N,C,-,N,,,,,,,,,,N,4,0,1,2,A,-,09,21804,A,N,D,C,A,B,H,-,A,A,0,,,,,Y,,A,01,0,0,1,0,0,0,0,0,0,"- ","- ",34.938299999999998,-120.41945,"SANTA BARBARA","SANTA MARIA",-120.42108759,34.938355309999999
8018695,2016,2016-04-27,4204,2016-04-14,0041,90239,038,4,5,5,4204,0,0,0,,0,002,"SUEY RD","MAIN ST",437.00,N,N,A,-,N,,,,,,,,,,Y,4,0,1,1,A,-,08,22107,,N,E,I,A,A,H,-,C,A,0,,,,,Y,,A,01,0,0,1,0,0,0,0,0,0,"- ","- ",34.952829999999999,-120.40907,"SANTA BARBARA","SANTA MARIA",-120.40903647,34.95404027
8018699,2016,2016-04-27,4204,2016-04-16,1219,21116,02,6,5,5,4204,0,0,0,,0,032,"FESLER ST","BENWILEY AV",60.00,W,N,A,-,N,,,,,,,,,,Y,2,0,1,4,A,-,01,23153,B,F,D,E,E,-,H,-,A,D,0,Y,,,,Y,Y,A,01,1,0,0,0,1,0,0,0,0,"- ","- ",34.956719999999997,-120.44583,"SANTA BARBARA","SANTA MARIA",-120.44584014,34.956873080000001
8018719,2016,2016-04-27,4204,2016-04-12,1400,90242,42,2,5,5,4204,0,0,0,,0,002,"COOK ST","LINCOLN ST",0.00,,Y,A,-,N,,,,,,,,,,N,4,0,1,2,A,-,10,21950,A,M,G,B,B,A,H,-,A,A,0,Y,,,,Y,,-,,0,0,1,0,1,0,0,0,0,"- ","- ",34.949930000000002,-120.43754,"SANTA BARBARA","SANTA MARIA",-120.43741987,34.949840090000002
8018725,2016,2016-04-28,4200,2016-04-03,1754,3083,14,7,5,4,4214,0,0,0,,0,050,"CALLE REAL","KINGSTON AV",400.00,W,N,A,-,N,,,,,,,,,,N,3,0,1,2,A,-,10,21952,,F,G,B,F,A,H,-,A,D,0,Y,,,,Y,,D,22,0,1,0,0,1,0,0,0,0,"- ","- ",,,"SANTA BARBARA",GOLETA,-119.82301361,34.44119182
8018794,2016,2016-04-29,4200,2016-02-27,0238,3116,14,6,5,4,4214,0,0,0,,0,080,"CANNON GREEN DR","GREENSBORO ST",63.00,N,N,A,-,N,,,,,,,,,,Y,3,0,1,2,A,-,01,23152,A,M,C,E,A,A,H,-,C,D,0,,,,,Y,Y,A,01,0,1,0,0,0,0,0,0,0,"- ","- ",,,"SANTA BARBARA",GOLETA,-119.88295526,34.426642950000002
8018798,2016,2016-04-28,4200,2016-04-11,1619,3683,14,1,5,4,4214,0,0,0,,0,050,"CAMINO LAGUNA VISTA","CATHEDRAL OAKS RD",50.00,S,N,A,-,N,,,,,,,,,,N,3,0,1,2,A,-,21,22106,,N,H,C,A,A,H,-,A,D,0,,,,,Y,,D,22,0,1,0,0,0,0,0,0,0,"- ","- ",,,"SANTA BARBARA",GOLETA,-119.85006300000001,34.448288419999997
8019423,2016,2016-04-15,4204,2016-04-04,1333,90338,4204,1,5,5,4204,0,0,0,,0,003,"BETTERAVIA RD","COLLEGE DR",0.00,,Y,A,-,N,,,,,,,,,,N,4,0,1,2,A,-,03,22350,,N,C,C,A,A,H,-,A,A,0,,,,,Y,,A,07,0,0,1,0,0,0,0,0,0,"- ","- ",34.923499999999997,-120.42565,"SANTA BARBARA","SANTA MARIA",-120.42563995,34.923750060000003
8022000,2016,2017-02-11,4203,2016-03-20,0253,6972,,7,5,5,4203,0,0,0,,0,001,"S MILPAS ST","RT 101",0.00,,Y,A,-,Y,SB,5,101,-,-,12.865,R,4,N,Y,4,0,1,1,A,-,01,23152,A,M,E,I,A,A,H,-,C,A,0,,,,,Y,Y,-,,0,0,1,0,0,0,0,0,0,"- ",NO,34.257440000000003,-119.40394000000001,"SANTA BARBARA","SANTA BARBARA",-119.67922527,34.420277290000001
8023796,2016,2016-04-27,4204,2016-03-24,0805,90081,11,4,5,5,4204,0,0,0,,0,001,"DONOVAN RD","CARLOTTI DR",0.00,,Y,A,-,N,,,,,,,,,,Y,4,0,2,2,A,-,09,21801,A,N,A,C,A,A,H,-,A,A,0,,,,,Y,,A,01,0,0,2,0,0,0,0,0,0,"- ","- ",34.968029999999999,-120.42066,"SANTA BARBARA","SANTA MARIA",-120.42069997999999,34.967640090000003
7207497,2016,2016-03-16,4204,2016-02-29,0745,22113,51,1,5,5,4204,0,0,0,,0,002,"JONES ST","PINE ST",0.00,,Y,A,-,N,,,,,,,,,,Y,4,0,1,2,A,-,10,21950,A,N,G,B,D,A,H,-,A,A,0,Y,,,,Y,,A,08,0,0,1,0,1,0,0,0,0,"- ","- ",34.945990000000002,-120.43928,"SANTA BARBARA","SANTA MARIA",-120.43899995,34.945890059999996
7207501,2016,2016-03-16,4204,2016-02-27,2157,90456,94,6,5,5,4204,0,0,0,,0,003,"UNION VALLEY PKWY","FOXENWOOD LN",0.00,,Y,A,-,N,,,,,,,,,,Y,3,0,1,2,A,-,09,21802,A,N,D,C,A,A,H,-,C,A,0,,,Y,,Y,,A,01,0,1,0,0,0,0,0,0,1,"- ","- ",34.879640000000002,-120.43876,"SANTA BARBARA","SANTA MARIA",-120.43874995,34.87962005
7207505,2016,2016-03-16,4204,2016-02-10,2010,90081,15,3,5,5,4204,0,0,0,,0,001,"RAILROAD AV","ALVIN AV",0.00,,Y,A,-,N,,,,,,,,,,N,4,0,1,3,A,-,10,21950,A,N,G,B,B,A,H,-,C,A,0,Y,,,,Y,,A,07,0,0,1,0,1,0,0,0,0,"- ","- ",34.96069,-120.44454,"SANTA BARBARA","SANTA MARIA",-120.4445899,34.960509999999999
7208653,2016,2016-08-24,4204,2016-03-02,1753,90269,17,3,5,5,4204,0,0,0,,0,001,"DONOVAN RD","COLLEGE DR",100.00,E,N,A,-,N,,,,,,,,,,Y,4,0,1,2,A,-,09,21801,A,N,D,C,A,A,H,-,C,D,0,,,,,Y,,D,22,0,0,1,0,0,0,0,0,0,"- ","- ",34.967509999999997,-120.42543999999999,"SANTA BARBARA","SANTA MARIA",-120.42531649999999,34.967678550000002
7208655,2016,2017-02-07,4204,2016-03-05,2147,90139,32,6,5,5,4204,0,0,0,,0,002,"MAIN ST","BENWILEY AV",0.00,,Y,C,-,Y,SB,5,166,-,-,7.340,H,-,W,Y,3,0,1,5,A,-,07,21658,A,N,C,E,A,B,H,-,C,D,0,,,,,Y,,A,07,0,1,0,0,0,0,0,0,0,"- ","- ",34.953440000000001,-120.44571000000001,"SANTA BARBARA","SANTA MARIA",-120.44542235999999,34.953308909999997
7208657,2016,2017-02-11,4204,2016-03-07,1155,90376,16,1,5,5,4204,0,0,0,,0,001,BROADWAY,"ALVIN AV",0.00,,Y,C,-,Y,SB,5,135,-,-,16.270,H,-,N,Y,4,0,1,2,A,-,03,22350,,N,C,C,A,B,H,-,A,A,0,,,,,Y,,D,22,0,0,1,0,0,0,0,0,0,"- ","- ",34.960450000000002,-120.43576,"SANTA BARBARA","SANTA MARIA",-120.43570219999999,34.960324999999997
7209843,2016,2016-03-21,4203,2016-03-02,1318,6700,26,3,5,5,4203,0,0,0,,0,006,"LAS POSITAS RD","PORTESUELLO AV",65.00,S,N,A,-,N,,,225,,,,,,,N,4,0,1,2,A,-,03,22350,,N,C,C,A,A,H,-,A,D,0,,,,,Y,,A,01,0,0,1,0,0,0,0,0,0,"- ","- ",34.417879999999997,-119.74120000000001,"SANTA BARBARA","SANTA BARBARA",-119.7412262,34.417881250000001
7209863,2016,2016-03-21,4203,2016-03-05,1308,2661,,6,5,5,4203,0,0,0,,0,001,"MILPAS ST","GUTIERREZ ST",0.00,,Y,B,-,N,,,,,,,,,,Y,4,0,2,3,A,-,12,21453,A,N,D,C,A,B,H,-,A,A,0,,,,,Y,,A,01,0,0,2,0,0,0,0,0,0,"- ","- ",34.424799999999998,-119.6842,"SANTA BARBARA","SANTA BARBARA",-119.68405991,34.425390020000002
7209867,2016,2016-03-21,4203,2016-03-02,1556,5751,30,3,5,5,4203,0,0,0,,0,004,"HALEY ST","BATH ST",0.00,,Y,A,-,N,,,,,,,,,,Y,2,0,1,2,A,-,09,21801,A,N,D,C,A,A,H,-,A,A,0,,,Y,,Y,,A,01,1,0,0,0,0,0,0,0,1,"- ","- ",34.413629999999998,-119.69898000000001,"SANTA BARBARA","SANTA BARBARA",-119.69891998,34.413610030000001
7210245,2016,2016-03-29,4202,2016-03-01,1723,234,LOMPO,2,5,4,4202,0,0,0,,0,,"OAK AV","M ST",13.00,E,N,A,-,N,,,,,,,,,,N,3,0,2,3,A,-,10,21954,B,N,G,B,D,A,H,-,A,D,0,Y,,,,Y,,D,22,0,1,1,0,2,0,0,0,0,"- ","- ",,,"SANTA BARBARA",LOMPOC,-120.46404681,34.651838949999998
7210257,2016,2016-03-29,4202,2016-03-02,1657,274,,3,5,4,4202,0,0,0,,0,,"D ST","NORTH AV",20.00,N,N,A,-,N,,,,,,,,,,N,4,0,1,2,A,-,08,22107,,N,B,C,A,A,H,-,A,A,0,,,Y,,Y,,D,22,0,0,1,0,0,0,0,0,1,"- ","- ",,,"SANTA BARBARA",LOMPOC,-120.45264896,34.653392660000002
8026046,2016,2016-04-27,4203,2016-04-07,1235,6700,60,4,5,5,4203,0,0,0,,0,001,"CALLE CESAR CHAVEZ","GUTIERREZ ST",0.00,,Y,B,-,N,,,,,,,,,,N,4,0,1,2,A,-,09,21801,A,N,H,G,A,A,H,-,A,A,0,,Y,,,Y,,D,22,0,0,1,0,0,0,1,0,0,"- ","- ",34.422170000000001,-119.6875,"SANTA BARBARA","SANTA BARBARA",-119.68741987999999,34.422220019999997
8026106,2016,2016-04-21,4203,2016-04-15,0712,5751,,5,5,5,4203,0,0,0,,0,002,"HARBOR WY","SHORELINE DR",75.00,S,N,A,-,N,,,,,,,,,,N,4,0,1,2,A,-,01,23152,A,N,B,C,A,A,H,-,A,D,0,,,,,Y,Y,A,01,0,0,1,0,0,0,0,0,0,"- ","- ",34.403100000000002,-119.69577,"SANTA BARBARA","SANTA BARBARA",-119.69472565,34.404091729999998
8027237,2016,2016-04-27,4204,2016-04-18,2211,90322,15,1,5,5,4204,0,0,0,,0,001,"ALVIN AV","RAILROAD AV",0.00,,Y,A,-,N,,,,,,,,,,N,4,0,1,2,A,-,17,21200,A,N,D,G,A,A,H,-,C,A,0,,Y,,,Y,Y,L,04,0,0,1,0,0,0,1,0,0,"- ","- ",,,"SANTA BARBARA","SANTA MARIA",-120.4445899,34.960509999999999
8027241,2016,2016-04-27,4204,2016-04-18,1710,90322,1,1,5,5,4204,0,0,0,,0,015,"LINCOLN ST","BUNNY AV",100.00,S,N,A,-,N,,,,,,,,,,N,2,0,1,2,A,-,21,22106,,N,G,B,F,A,H,-,A,D,0,Y,,,,Y,,A,08,1,0,0,0,1,0,0,0,0,"- ","- ",34.963329999999999,-120.43716000000001,"SANTA BARBARA","SANTA MARIA",-120.43723331,34.962975350000001
8028016,2016,2016-04-28,4203,2016-04-16,0855,2661,,6,5,5,4203,0,0,0,,0,001,"SALSIPUEDES ST","CANYON PERDIDO ST",80.00,S,N,A,-,N,,,,,,,,,,Y,4,0,1,2,A,-,08,22107,,N,B,C,A,A,H,-,A,D,0,,,,,Y,,-,,0,0,1,0,0,0,0,0,0,"- ","- ",34.255899999999997,-119.4162,"SANTA BARBARA","SANTA BARBARA",-119.69356609,34.426800239999999
8028020,2016,2016-05-02,4203,2016-04-11,1609,2399,,1,5,5,4203,0,0,0,,0,004,"BATH ST","MICHELTORENA ST",248.00,N,N,A,-,N,,,,,,,,,,N,4,0,1,2,A,-,03,22350,,N,C,C,A,A,H,-,A,A,0,,,,,Y,Y,-,,0,0,1,0,0,0,0,0,0,"- ","- ",34.252209999999998,-119.42409000000001,"SANTA BARBARA","SANTA BARBARA",-119.71224779000001,34.423478260000003
8028088,2016,2016-04-27,4203,2016-04-14,0842,1278,,4,5,5,4203,0,0,0,,0,001,"DELAGUERA ST","VOLUNTARIO ST",0.00,,Y,A,-,N,,,,,,,,,,Y,3,0,1,2,A,-,12,22450,A,N,D,C,A,A,H,-,A,A,0,,,,,Y,,-,,0,1,0,0,0,0,0,0,0,"- ","- ",34.255200000000002,-119.4113,"SANTA BARBARA","SANTA BARBARA",-119.68691989,34.431230030000002
8028092,2016,2016-04-27,4203,2016-04-15,1754,2059,,5,5,5,4203,0,0,0,,0,004,"STATE ST","GUTIERREZ ST",247.00,N,N,A,-,N,,,,,,,,,,N,4,0,1,2,D,-,00,,,F,H,G,A,A,H,-,A,A,0,,Y,,,Y,,-,"- ",0,0,1,0,0,0,1,0,0,"- ","- ",34.245849999999997,-119.41407,"SANTA BARBARA","SANTA BARBARA",-119.69484312,34.416309570000003
8029171,2016,2017-02-18,4204,2016-04-18,1750,90345,43,1,5,5,4204,0,0,0,,0,002,"COOK ST",BROADWAY,0.00,,Y,A,-,Y,SB,5,135,-,-,15.550,I,5,S,N,4,0,1,2,A,-,12,21453,A,N,D,C,A,A,H,-,A,A,0,,,,,Y,,D,22,0,0,1,0,0,0,0,0,0,"- ","- ",34.9499,-120.43597,"SANTA BARBARA","SANTA MARIA",-120.43598855,34.949845779999997
8029179,2016,2016-04-29,4204,2016-04-12,0816,22807,16,2,5,5,4204,0,0,0,,0,001,"ALVIN AV","MILLER ST",0.00,,Y,A,-,N,,,,,,,,,,Y,4,0,2,3,A,-,03,22350,,N,-,C,A,A,H,-,A,D,0,,,,,Y,,A,01,0,0,2,0,0,0,0,0,0,"- ","- ",34.960380000000001,-120.43136,"SANTA BARBARA","SANTA MARIA",-120.43132989999999,34.960420020000001
8029187,2016,2016-04-29,4204,2016-04-15,2244,18261,17,5,5,5,4204,0,0,0,,0,001,"ALVIN AV","MILLER ST",0.00,,Y,A,-,N,,,,,,,,,,Y,3,0,1,4,A,-,01,23153,B,N,D,D,A,A,H,-,C,A,0,,,,,Y,Y,D,22,0,1,0,0,0,0,0,0,0,"- ","- ",34.960380000000001,-120.43136,"SANTA BARBARA","SANTA MARIA",-120.43132989999999,34.960420020000001
7210678,2016,2016-03-28,4200,2016-03-11,1319,3640,10,5,5,3,4205,0,0,0,,0,030,"CARPINTERIA AV","VALLECITO RD",0.00,,Y,C,-,N,,,,,,,,,,N,4,0,1,2,A,-,09,21801,A,N,D,C,A,B,H,-,A,A,0,,,,,Y,,A,08,0,0,1,0,0,0,0,0,0,"- ","- ",,,"SANTA BARBARA",CARPINTERIA,-119.51607996,34.396980079999999
7210761,2016,2016-03-23,4202,2016-02-01,0902,KIFER,LOMPO,1,5,4,4202,0,0,0,,0,,"D ST","NORTH AV",0.00,,Y,A,-,N,,,,,,,,,,N,3,0,1,2,A,-,12,22450,A,N,D,G,A,A,H,-,A,A,0,,Y,,,Y,,A,01,0,1,0,0,0,0,1,0,0,"- ","- ",,,"SANTA BARBARA",LOMPOC,-120.45262986,34.653340100000001
7212930,2016,2016-03-17,4204,2016-03-07,0944,90377,,1,5,5,4204,0,0,0,,0,001,"DONOVAN RD","SURREY WY",0.00,,Y,B,C,N,,,,,,,,,,Y,4,0,1,2,A,-,09,21801,A,N,A,C,A,B,H,-,A,A,0,,,,,Y,,A,01,0,0,1,0,0,0,0,0,0,"- ","- ",34.967799999999997,-120.41473000000001,"SANTA BARBARA","SANTA MARIA",-120.41474995999999,34.967560069999998