CASE_ID,ACCIDENT_YEAR,PROC_DATE,JURIS,COLLISION_DATE,COLLISION_TIME,OFFICER_ID,REPORTING_DISTRICT,DAY_OF_WEEK,CHP_SHIFT,POPULATION,CNTY_CITY_LOC,SPECIAL_COND,BEAT_TYPE,CHP_BEAT_TYPE,CITY_DIVISION_LAPD,CHP_BEAT_CLASS,BEAT_NUMBER,PRIMARY_RD,SECONDARY_RD,DISTANCE,DIRECTION,INTERSECTION,WEATHER_1,WEATHER_2,STATE_HWY_IND,CALTRANS_COUNTY,CALTRANS_DISTRICT,STATE_ROUTE,ROUTE_SUFFIX,POSTMILE_PREFIX,POSTMILE,LOCATION_TYPE,RAMP_INTERSECTION,SIDE_OF_HWY,TOW_AWAY,COLLISION_SEVERITY,NUMBER_KILLED,NUMBER_INJURED,PARTY_COUNT,PRIMARY_COLL_FACTOR,PCF_CODE_OF_VIOL,PCF_VIOL_CATEGORY,PCF_VIOLATION,PCF_VIOL_SUBSECTION,HIT_AND_RUN,TYPE_OF_COLLISION,MVIW,PED_ACTION,ROAD_SURFACE,ROAD_COND_1,ROAD_COND_2,LIGHTING,CONTROL_DEVICE,CHP_ROAD_TYPE,PEDESTRIAN_ACCIDENT,BICYCLE_ACCIDENT,MOTORCYCLE_ACCIDENT,TRUCK_ACCIDENT,NOT_PRIVATE_PROPERTY,ALCOHOL_INVOLVED,STWD_VEHTYPE_AT_FAULT,CHP_VEHTYPE_AT_FAULT,COUNT_SEVERE_INJ,COUNT_VISIBLE_INJ,COUNT_COMPLAINT_PAIN,COUNT_PED_KILLED,COUNT_PED_INJURED,COUNT_BICYCLIST_KILLED,COUNT_BICYCLIST_INJURED,COUNT_MC_KILLED,COUNT_MC_INJURED,PRIMARY_RAMP,SECONDARY_RAMP,LATITUDE,LONGITUDE,COUNTY,CITY,POINT_X,POINT_Y
7213725,2016,2017-02-07,4204,2016-03-05,1900,90139,35,6,5,5,4204,0,0,0,,0,002,"MAIN ST","MILLER ST",0.00,,Y,C,-,Y,SB,5,166,-,-,8.130,I,5,W,Y,4,0,1,2,A,-,01,23153,B,F,D,C,A,B,H,-,C,A,0,,,,,Y,Y,A,01,0,0,1,0,0,0,0,0,0,"- ","- ",34.95308,-120.43145,"SANTA BARBARA","SANTA MARIA",-120.43135432,34.953212460000003
8001424,2016,2016-04-15,4204,2016-03-11,1129,90242,72,5,5,5,4204,0,0,0,,0,003,"BLOSSER RD","SONYA LN",0.00,,Y,C,-,N,,,,,,,,,,N,4,0,1,2,A,-,09,21802,A,N,D,C,A,B,H,-,A,D,0,,,,Y,Y,,A,01,0,0,1,0,0,0,0,0,0,"- ","- ",34.927930000000003,-120.45359999999999,"SANTA BARBARA","SANTA MARIA",-120.45400988,34.927880020000003
8001471,2016,2017-02-11,4204,2016-03-19,2055,90322,33,6,5,5,4204,0,0,0,,0,002,BROADWAY,MILL,0.00,,Y,A,-,Y,SB,5,135,-,-,15.930,I,5,S,Y,4,0,1,2,A,-,09,21802,A,N,D,C,A,A,H,-,C,A,0,,,,,Y,,A,07,0,0,1,0,0,0,0,0,0,"- ","- ",,,"SANTA BARBARA","SANTA MARIA",-120.43592662,34.955362819999998
8001475,2016,2017-02-11,4204,2016-03-18,1215,18261,75,5,5,5,4204,0,0,0,,0,003,BROADWAY,"NEWLOVE DR",0.00,,Y,B,-,Y,SB,5,135,-,-,14.170,I,5,S,Y,4,0,1,3,A,-,01,23153,A,N,D,D,A,A,H,-,A,A,0,,,,,Y,Y,A,07,0,0,1,0,0,0,0,0,0,"- ","- ",34.929879999999997,-120.43622000000001,"SANTA BARBARA","SANTA MARIA",-120.43612562,34.92988682
8001479,2016,2017-02-11,4204,2016-03-15,1542,90242,82,2,5,5,4204,0,0,0,,0,003,BROADWAY,"BETTERAVIA RD",0.00,,Y,A,-,Y,SB,5,135,-,-,13.540,I,5,S,Y,4,0,1,2,A,-,12,21453,A,N,D,C,A,A,H,-,A,A,0,,,,,Y,,A,07,0,0,1,0,0,0,0,0,0,"- ","- ",34.92089,-120.43613000000001,"SANTA BARBARA","SANTA MARIA",-120.43612017,34.920818019999999
8001483,2016,2017-02-11,4204,2016-03-09,1256,21338,052,3,5,5,4204,0,0,0,,0,002,BROADWAY,"JONES ST",75.00,S,N,A,-,Y,SB,5,135,-,-,15.270,H,-,S,N,4,0,4,3,A,-,03,22350,,N,C,C,A,A,H,-,A,A,0,,,,,Y,,A,07,0,0,4,0,0,0,0,0,0,"- ","- ",34.945909999999998,-120.43622000000001,"SANTA BARBARA","SANTA MARIA",-120.43604276000001,34.945737690000001
8001670,2016,2016-04-05,4204,2016-03-05,1221,90343,48,6,5,5,4204,0,0,0,,0,002,"COLLEGE DR","ORANGE ST",0.00,,Y,A,-,N,,,,,,,,,,Y,4,0,1,3,A,-,12,22450,A,N,D,C,A,A,H,-,A,A,0,,,,,Y,,A,01,0,0,1,0,0,0,0,0,0,"- ","- ",34.694870000000002,-120.42497,"SANTA BARBARA","SANTA MARIA",-120.42482989,34.948900109999997
8001674,2016,2016-04-05,4204,2016-03-09,1222,90242,53,3,5,5,4204,0,0,0,,0,002,"MILLER ST","CYPRESS ST",0.00,,Y,A,-,N,,,,,,,,,,N,4,0,3,3,A,-,15,26453,,N,C,C,A,A,H,-,A,D,0,,,,,Y,,A,01,0,0,3,0,0,0,0,0,0,"- ","- ",34.950870000000002,-120.43154,"SANTA BARBARA","SANTA MARIA",-120.43147988,34.950940060000001
8002101,2016,2017-02-11,4200,2016-03-17,2053,4038,11,4,5,2,4212,0,0,0,,0,,"INDUSTRIAL WY","RT 246",0.00,,Y,A,-,Y,SB,5,246,-,R,25.719,I,6,E,N,4,0,1,2,A,-,01,23152,A,N,C,C,A,A,H,-,C,A,0,,,,,Y,Y,A,01,0,0,1,0,0,0,0,0,0,"- ","- ",,,"SANTA BARBARA",BUELLTON,-120.19879604,34.615381399999997
8004251,2016,2016-04-01,4203,2016-03-25,0538,22854,,5,5,5,4203,0,0,0,,0,006,"MEIGS RD","CLIFF DR",800.00,N,N,A,-,N,,,,,,,,,,Y,3,0,1,1,A,-,01,23152,,N,E,I,A,A,H,-,C,D,0,,,,,Y,Y,-,,0,1,0,0,0,0,0,0,0,"- ","- ",,,"SANTA BARBARA","SANTA BARBARA",-119.72152097,34.403608149999997
8004255,2016,2016-04-01,4203,2016-03-21,1627,6700,53,1,5,5,4203,0,0,0,,0,005,"STATE ST","LAS POSITAS RD",435.00,W,N,A,-,N,,,,,,,,,,N,2,0,1,2,A,-,09,21801,A,N,H,G,A,A,H,-,A,D,0,,Y,,,Y,,A,01,1,0,0,0,0,0,1,0,0,"- ","- ",34.440309999999997,-119.7358,"SANTA BARBARA","SANTA BARBARA",-119.73568071,34.440399999999997
8004259,2016,2016-04-01,4203,2016-03-19,1739,3597,,6,5,5,4203,0,0,0,,0,002,"CABRILLO BL","BATH ST",0.00,,Y,A,-,N,,,,,,,,,,Y,4,0,3,2,A,-,09,21801,A,N,D,C,A,A,H,-,A,A,0,,,,,Y,,-,,0,0,3,0,0,0,0,0,0,"- ","- ",34.409170000000003,-119.69273,"SANTA BARBARA","SANTA BARBARA",-119.69269989,34.409160100000001
8004263,2016,2017-02-11,4203,2016-03-22,0155,9018,,2,5,5,4203,0,0,0,,0,005,"RT 192","CALLE LAURELES",15.00,W,N,A,G,Y,SB,5,192,-,-,2.210,H,-,W,Y,3,0,1,1,A,-,01,23152,A,N,E,I,A,A,H,-,C,D,0,,,,,Y,Y,-,,0,1,0,0,0,0,0,0,0,"- ","- ",34.26529,-119.43427,"SANTA BARBARA","SANTA BARBARA",-119.72829987,34.447992470000003
8004307,2016,2016-04-01,4203,2016-03-25,1831,3597,,5,5,5,4203,0,0,0,,0,002,"LOMA ALTA DR","SHORELINE DR",180.00,N,N,A,-,N,,,,,,,,,,Y,3,0,1,1,A,-,01,23152,A,N,E,I,A,A,H,-,A,A,0,,,,,Y,Y,-,,0,1,0,0,0,0,0,0,0,"- ","- ",34.241410000000002,-119.41533,"SANTA BARBARA","SANTA BARBARA",-119.69781679,34.403683569999998
8043420,2016,2016-05-23,4204,2016-05-02,1634,90322,4,1,5,5,4204,0,0,0,,0,001,"BIRCH ST","TAYLOR ST",0.00,,Y,A,-,N,,,,,,,,,,Y,4,0,1,3,A,-,01,23152,B,N,C,C,A,A,H,-,A,A,0,,,,,Y,Y,D,22,0,0,1,0,0,0,0,0,0,"- ","- ",34.975050000000003,-120.43789,"SANTA BARBARA","SANTA MARIA",-120.43776986,34.974990009999999
8043428,2016,2017-02-18,4204,2016-05-03,1651,90322,82,2,5,5,4204,0,0,0,,0,003,BROADWAY,"BETTERAVIA RD",50.00,S,N,A,-,Y,SB,5,135,-,-,13.530,H,-,S,Y,4,0,1,3,A,-,08,22107,,N,A,C,A,A,H,-,A,D,0,,,,,Y,,D,22,0,0,1,0,0,0,0,0,0,"- ","- ",,,"SANTA BARBARA","SANTA MARIA",-120.43612207,34.920669289999999
8043453,2016,2016-05-23,4204,2016-04-21,1453,90242,72,4,5,5,4204,0,0,0,,0,003,"WESTGATE RD","VENETO DR",0.00,,Y,A,-,N,,,,,,,,,,N,3,0,5,3,A,-,09,21802,B,N,A,C,A,A,H,-,A,D,0,,,,,Y,,A,07,0,2,3,0,0,0,0,0,0,"- ","- ",34.930619999999998,-120.45820000000001,"SANTA BARBARA","SANTA MARIA",-120.45857986,34.930430080000001
8043476,2016,2016-05-20,4204,2016-04-12,1413,90242,82,2,5,5,4204,0,0,0,,0,003,"MILLER ST","CENTERPOINTE PKWY",0.00,,Y,A,-,N,,,,,,,,,,Y,4,0,1,3,A,-,09,21802,B,N,D,C,A,A,H,-,A,D,0,,,,,Y,,A,08,0,0,1,0,0,0,0,0,0,"- ","- ",34.921030000000002,-120.43095,"SANTA BARBARA","SANTA MARIA",-120.43086996,34.921050080000001
8043480,2016,2016-05-20,4204,2016-04-05,0837,21338,,2,5,5,4204,0,0,0,,0,,"MCCLELLAND ST","FESLER ST",0.00,,Y,A,-,N,,,,,,,,,,N,4,0,1,2,A,-,09,21802,A,N,D,C,A,A,H,-,A,A,0,,,,,Y,,A,01,0,0,1,0,0,0,0,0,0,"- ","- ",34.956440000000001,-120.43409,"SANTA BARBARA","SANTA MARIA",-120.4341799,34.956460079999999
8031637,2016,2017-02-14,4204,2016-04-25,0948,90274,35,1,5,5,4204,0,0,0,,0,002,"MAIN ST","MILLER ST",0.00,,Y,A,-,Y,SB,5,166,-,-,8.130,I,5,W,Y,4,0,1,2,A,-,03,22350,,N,C,C,A,A,H,-,A,A,0,,,,,Y,,A,01,0,0,1,0,0,0,0,0,0,"- ","- ",34.95308,-120.43145,"SANTA BARBARA","SANTA MARIA",-120.43135432,34.953212460000003
8032246,2016,2016-05-02,4200,2016-03-22,0821,3683,14,2,5,4,4214,0,0,0,,0,060,"SAINT JOSEPH ST","HOLLISTER AV",0.00,,Y,A,-,N,,,,,,,,,,Y,3,0,1,2,A,-,09,21802,A,N,D,C,A,A,H,-,A,D,0,,,Y,,Y,,A,01,0,1,0,0,0,0,0,0,1,"- ","- ",,,"SANTA BARBARA",GOLETA,-119.81516988,34.435150100000001
8032270,2016,2017-02-11,4200,2016-03-31,1447,3116,14,4,5,4,4214,0,0,0,,0,060,"HOLLISTER AV","RT 217",0.00,,Y,A,-,Y,SB,5,217,-,-,2.030,R,4,W,N,4,0,1,2,A,-,03,22350,,N,C,C,A,A,H,-,A,A,0,,,,,Y,,A,07,0,0,1,0,0,0,0,0,0,"- ","- ",,,"SANTA BARBARA",GOLETA,-119.82015024,34.432722060000003
8032922,2016,2016-05-06,4200,2016-04-14,1512,4222,11,4,5,2,4212,0,0,0,,0,,"2ND ST","LA LATA DR",254.00,W,N,A,-,N,,,,,,,,,,N,4,0,1,3,A,-,11,21954,A,N,G,B,D,A,C,-,A,D,0,Y,Y,,,Y,,N,60,0,0,1,0,1,0,0,0,0,"- ","- ",,,"SANTA BARBARA",BUELLTON,-120.19913124999999,34.617780969999998
8033713,2016,2016-05-11,4204,2016-04-28,1244,23397,25,4,5,5,4204,0,0,0,,0,001,"BLOSSER RD","FESLER ST",0.00,,Y,A,-,N,,,,,,,,,,Y,3,0,1,2,A,-,09,21802,A,N,D,C,A,A,H,-,A,D,0,,,,,Y,,A,01,0,1,0,0,0,0,0,0,0,"- ","- ",34.956960000000002,-120.45368999999999,"SANTA BARBARA","SANTA MARIA",-120.45355988,34.95696006
8033774,2016,2017-02-14,4202,2016-04-08,1040,292,,5,5,4,4202,0,0,0,,0,,"PINE AV","RT 1",10.00,E,N,B,C,Y,SB,5,1,-,-,21.338,I,6,N,N,4,0,2,2,A,-,00,21703,A,N,C,C,A,B,H,-,A,A,0,,,,,Y,,A,01,0,0,2,0,0,0,0,0,0,"- ","- ",,,"SANTA BARBARA",LOMPOC,-120.45771906,34.650199569999998
8033789,2016,2017-02-14,4202,2016-04-21,1545,292,,4,5,4,4202,0,0,0,,0,,"RT 1","HANCOCK DR",0.00,,Y,A,-,Y,SB,5,1,-,R,23.512,I,5,S,Y,4,0,2,2,A,-,12,21453,A,N,D,C,A,A,H,-,A,A,0,,,,,Y,,A,01,0,0,2,0,0,0,0,0,0,"- ","- ",,,"SANTA BARBARA",LOMPOC,-120.458135,34.681051719999999
8033912,2016,2016-05-10,4202,2016-04-23,1715,234,LOMPO,6,5,4,4202,0,0,0,,0,,"CENTRAL AV","L ST",191.00,E,N,A,-,N,,,,,,,,,,Y,3,0,4,3,-,-,"- ",,,N,C,C,A,A,H,-,A,A,0,,,,,Y,,-,"- ",0,2,2,0,0,0,0,0,0,"- ","- ",,,"SANTA BARBARA",LOMPOC,-120.46137512,34.660822699999997
8034043,2016,2017-02-18,4203,2016-04-30,1742,3596,,6,5,5,4203,0,0,0,,0,003,"GARDEN ST","RT 101",0.00,,Y,A,-,Y,SB,5,101,-,-,13.611,R,3,N,N,4,0,1,2,A,-,10,21950,A,N,G,B,B,A,H,-,A,A,0,Y,,,,Y,,-,,0,0,1,0,1,0,0,0,0,"- ",NO,34.419490000000003,-119.69011,"SANTA BARBARA","SANTA BARBARA",-119.69119275,34.417073010000003
8034237,2016,2017-02-18,4200,2016-05-02,1158,4222,11,1,5,2,4212,0,0,0,,0,,"RT 246","RT 101",70.00,W,N,A,-,Y,SB,5,246,-,-,26.310,H,-,E,Y,4,0,1,2,A,-,03,22350,,N,C,C,A,A,H,-,A,A,0,,,,,Y,,A,01,0,0,1,0,0,0,0,0,0,"- ",NF,,,"SANTA BARBARA",BUELLTON,-120.18972519,34.611918940000002
8034625,2016,2016-08-29,4202,2016-04-17,1230,234,LOMPO,7,5,4,4202,0,0,0,,0,,"HICKORY AV","O ST",4.00,E,N,A,-,N,,,,,,,,,,N,2,0,1,2,A,-,21,22106,,F,H,C,A,A,H,-,A,D,0,,,Y,,Y,,D,22,1,0,0,0,0,0,0,0,1,"- ","- ",,,"SANTA BARBARA",LOMPOC,-120.46681671,34.635789789999997
8034655,2016,2016-05-04,4202,2016-04-06,0813,292,,3,5,4,4202,0,0,0,,0,,"COLLEGE AV","B ST",98.00,W,N,A,-,N,,,,,,,,,,Y,3,0,5,2,A,-,09,21804,A,N,D,C,A,A,H,-,A,A,0,,,,,Y,,A,01,0,1,4,0,0,0,0,0,0,"- ","- ",,,"SANTA BARBARA",LOMPOC,-120.45052573,34.646949999999997
7188430,2016,2016-02-23,4204,2016-02-05,1252,90081,35,5,5,5,4204,0,0,0,,0,002,MILLER,MILL,58.00,S,N,A,-,N,,,,,,,,,,N,4,0,1,2,A,-,03,22350,,N,C,C,A,A,H,-,A,D,0,,,,,Y,,A,01,0,0,1,0,0,0,0,0,0,"- ","- ",34.955289999999998,-120.43138999999999,"SANTA BARBARA","SANTA MARIA",-120.43144295,34.955190709999997
7188727,2016,2016-02-25,4200,2016-02-05,1543,3116,14,5,5,4,4214,0,0,0,,0,050,"FAIRVIEW AV","ENCINA RD",0.00,,Y,A,-,N,,,,,,,,,,Y,4,0,1,2,A,-,08,22100,A,N,D,C,A,A,H,-,A,A,0,,,,,Y,,A,07,0,0,1,0,0,0,0,0,0,"- ","- ",,,"SANTA BARBARA",GOLETA,-119.83067993,34.443070030000001
7189360,2016,2016-02-23,4203,2016-02-01,1412,6700,35,1,5,5,4203,0,0,0,,0,005,"STATE ST","JUNIPERO ST",51.00,N,N,A,-,N,,,,,,,,,,N,2,0,1,1,D,-,00,,,N,H,G,A,A,H,-,A,D,0,,Y,,,Y,,-,"- ",1,0,0,0,0,0,1,0,0,"- ","- ",,,"SANTA BARBARA","SANTA BARBARA",-119.71993702,34.43462238
7189965,2016,2017-02-07,4204,2016-01-28,1821,90242,57,4,5,5,4204,0,0,0,,0,002,BROADWAY,"PALM COURT DR",0.00,,Y,A,-,Y,SB,5,135,-,-,14.900,I,5,N,N,2,0,1,2,A,-,11,21950,B,N,G,B,D,A,H,-,C,D,0,Y,,,,Y,,A,01,1,0,0,0,1,0,0,0,0,"- ","- ",34.94041,-120.4359,"SANTA BARBARA","SANTA MARIA",-120.43593396999999,34.940336950000003
7189981,2016,2017-02-07,4204,2016-01-15,1241,23471,75,5,5,5,4204,0,0,0,,0,003,BROADWAY,"INGER DR",0.00,,Y,A,-,Y,SB,5,135,-,-,13.950,I,6,N,N,3,0,1,2,A,-,05,21650,1,N,B,G,A,A,H,-,A,D,0,,Y,,,Y,,L,04,0,1,0,0,0,0,1,0,0,"- ","- ",34.926670000000001,-120.43595999999999,"SANTA BARBARA","SANTA MARIA",-120.43594415,34.926790310000001
7190488,2016,2016-10-17,4203,2016-08-09,2049,3510,,2,5,5,4203,0,0,0,,0,006,"CLIFF DR","PACIFIC VIEW",107.00,W,N,A,-,N,,,225,,,,,,,Y,1,3,1,1,A,-,01,23152,A,N,E,I,A,A,H,-,D,D,0,,,,,Y,Y,-,,1,0,0,0,0,0,0,0,0,"- ","- ",34.401800000000001,-119.7093,"SANTA BARBARA","SANTA BARBARA",-119.7093491,34.401936999999997
7191589,2016,2017-02-11,4204,2016-02-13,1113,23509,68,6,5,5,4204,0,0,0,,0,003,BROADWAY,"STOWELL RD",524.00,S,N,A,-,Y,SB,5,135,-,-,14.680,H,-,N,N,4,0,1,2,A,-,03,22350,,N,C,C,A,A,H,-,A,-,0,,,,,Y,,-,,0,0,1,0,0,0,0,0,0,"- ","- ",34.938499999999998,-120.43595999999999,"SANTA BARBARA","SANTA MARIA",-120.43593113999999,34.937082930000003
7192368,2016,2016-03-14,4200,2016-02-06,2331,4097,14,6,5,4,4214,0,0,0,,0,080,"HOLLISTER AV","STORKE RD",0.00,,Y,A,-,N,,,,,,,,,,Y,4,0,1,2,A,-,12,21453,A,N,D,C,A,A,H,-,C,A,0,,,,,Y,,-,"- ",0,0,1,0,0,0,0,0,0,"- ","- ",,,"SANTA BARBARA",GOLETA,-119.86974995,34.430100090000003
7192372,2016,2016-08-24,4200,2016-02-11,1915,4097,14,4,5,4,4214,0,0,0,,0,080,"HOLLISTER AV","CATHEDRAL OAKS RD",0.00,,Y,A,-,N,,,,,,,,,,Y,4,0,1,2,A,-,12,22450,A,N,D,C,A,A,H,-,C,A,0,,,,,Y,,D,22,0,0,1,0,0,0,0,0,0,"- ","- ",,,"SANTA BARBARA",GOLETA,-119.90637992000001,34.431170100000003
7192498,2016,2016-02-29,4203,2016-02-12,1309,2264,,5,5,5,4203,0,0,0,,0,002,"COAST VILLAGE RD","COAST VILLAGE CIR",345.00,W,N,A,-,N,,,,,,,,,,Y,3,0,2,2,A,-,09,21804,A,N,D,C,A,A,H,-,A,D,0,,,,,Y,,-,,0,1,1,0,0,0,0,0,0,"- ","- ",,,"SANTA BARBARA","SANTA BARBARA",-119.65492777,34.423097470000002
7192749,2016,2016-02-24,4203,2016-02-14,1526,1584,43,7,5,5,4203,0,0,0,,0,002,"MONTECITO ST","GRAY ST",0.00,,Y,A,-,N,,,,,,,,,,Y,3,0,2,2,A,-,09,21802,A,N,D,C,A,A,H,-,A,A,0,,,,,Y,,-,,0,2,0,0,0,0,0,0,0,"- ","- ",34.245930000000001,-119.41279,"SANTA BARBARA","SANTA BARBARA",-119.69113998,34.41652002
8043601,2016,2017-02-18,4204,2016-05-05,1350,22807,68,4,5,5,4204,0,0,0,,0,003,BROADWAY,"ENOS DR",0.00,,Y,C,-,Y,SB,5,135,-,-,14.460,H,-,N,N,4,0,1,2,A,-,03,22350,,N,C,C,A,B,H,-,A,A,0,,,,,Y,,A,01,0,0,1,0,0,0,0,0,0,"- ","- ",34.93412,-120.4361,"SANTA BARBARA","SANTA MARIA",-120.43592098000001,34.933971380000003
8043605,2016,2016-05-23,4204,2016-05-03,1001,21338,27,2,5,5,4204,0,0,0,,0,002,"FESLER ST","MCCLELLAND ST",0.00,,Y,B,-,N,,,,,,,,,,Y,4,0,1,2,A,-,09,21802,A,N,A,C,A,A,H,-,A,A,0,,,,,Y,,A,01,0,0,1,0,0,0,0,0,0,"- ","- ",34.956440000000001,-120.43409,"SANTA BARBARA","SANTA MARIA",-120.4341799,34.956460079999999
8043609,2016,2017-02-18,4204,2016-05-11,1157,19527,016,3,5,5,4204,0,0,0,,0,001,BROADWAY,"ORCHARD ST",0.00,,Y,B,-,Y,SB,5,135,-,-,16.660,I,5,S,Y,4,0,1,2,A,-,09,21801,A,N,D,C,A,A,H,-,A,A,0,,,,,Y,,-,,0,0,1,0,0,0,0,0,0,"- ","- ",34.965960000000003,-120.43549,"SANTA BARBARA","SANTA MARIA",-120.43575262,34.965908820000003
8043613,2016,2016-05-23,4204,2016-05-08,1437,90458,55,7,5,5,4204,0,0,0,,0,B02,"BLOSSER RD","KNUDSEN WY",0.00,,Y,A,-,N,,,,,,,,,,Y,4,0,1,2,A,-,09,21802,A,N,D,C,A,A,H,-,A,A,0,,,,,Y,,A,07,0,0,1,0,0,0,0,0,0,"- ","- ",34.944560000000003,-120.45402,"SANTA BARBARA","SANTA MARIA",-120.45379995,34.944700040000001
8043653,2016,2016-05-23,4204,2016-05-06,1748,90228,48,5,5,5,4204,0,0,0,,0,002,"MAIN ST","COLLEGE DR",200.00,E,N,A,-,N,,,166,,,,,,,N,4,0,1,2,A,-,03,22350,,N,C,C,A,A,H,-,A,A,0,,,,,Y,,A,01,0,0,1,0,0,0,0,0,0,"- ","- ",34.952930000000002,-120.42484,"SANTA BARBARA","SANTA MARIA",-120.42483784,34.953064980000001
8043821,2016,2016-05-27,4203,2016-05-04,1239,6700,19,3,5,5,4203,0,0,0,,0,006,"CLIFF DR","FLORA VISTA DR",0.00,,Y,B,-,N,,,225,,,,,,,N,4,0,1,2,D,-,00,,,F,D,C,A,A,H,-,A,A,0,,,,,Y,,-,"- ",0,0,1,0,0,0,0,0,0,"- ","- ",34.403570000000002,-119.72987000000001,"SANTA BARBARA","SANTA BARBARA",-119.72988814,34.403505189999997
8043884,2016,2016-05-24,4200,2016-04-24,1807,4167,14,7,5,4,4214,0,0,0,,0,060,"HOLLISTER AV","CORTONA DR",110.00,E,N,A,-,N,,,,,,,,,,Y,3,0,1,2,A,-,09,21804,A,N,D,C,A,A,H,-,A,D,0,,,Y,,Y,,A,01,0,1,0,0,0,0,0,0,1,"- ","- ",,,"SANTA BARBARA",GOLETA,-119.86770549000001,34.430213610000003
8043982,2016,2016-05-25,4200,2016-04-03,0904,4783,14,7,5,4,4214,0,0,0,,0,060,"HOLLISTER AV","SUMIDA GARDENS",275.00,E,N,A,-,N,,,,,,,,,,N,2,0,1,1,A,-,03,22350,,N,B,I,A,A,H,-,A,A,0,,,Y,,Y,,C,02,1,0,0,0,0,0,0,0,1,"- ","- ",,,"SANTA BARBARA",GOLETA,-119.81305971,34.435073389999999
8043986,2016,2017-02-04,4200,2016-04-06,1944,3709,,3,5,3,4205,0,0,0,,0,,"OGAN RD","RT 101",0.00,,Y,A,-,Y,SB,5,101,-,-,3.040,R,4,N,N,3,0,1,2,A,-,00,21201,,N,D,G,A,A,H,-,C,D,0,,Y,,,Y,,L,04,0,1,0,0,0,0,1,0,0,"- ",NO,,,"SANTA BARBARA",CARPINTERIA,-119.51619288000001,34.401127899999999
8044052,2016,2016-05-25,4202,2016-05-10,1612,292,,2,5,4,4202,0,0,0,,0,,"Q ST","DATE ST",120.00,S,N,A,-,N,,,,,,,,,,N,3,0,1,2,A,-,09,21804,A,M,D,G,A,A,H,-,A,D,0,,Y,,,Y,,L,04,0,1,0,0,0,0,1,0,0,"- ","- ",,,"SANTA BARBARA",LOMPOC,-120.46921,34.645960379999998
8044056,2016,2016-05-25,4202,2016-05-06,1547,00080,LOMPO,5,5,4,4202,0,0,0,,0,,"A ST","CHESTNUT AV",0.00,,Y,B,-,N,,,,,,,,,,Y,3,0,3,2,A,-,09,21802,A,N,D,C,A,A,H,-,A,-,0,,,,,Y,,A,01,0,3,0,0,0,0,0,0,0,"- ","- ",,,"SANTA BARBARA",LOMPOC,-120.44897999,34.64215007
7192757,2016,2016-02-24,4203,2016-02-09,1034,6700,43,2,5,5,4203,0,0,0,,0,003,"HALEY ST","GARDEN ST",0.00,,Y,A,-,N,,,,,,,,,,Y,4,0,1,2,A,-,12,21453,A,N,D,C,A,A,H,-,A,A,0,,,,,Y,,A,01,0,0,1,0,0,0,0,0,0,"- ","- ",34.420000000000002,-119.69217999999999,"SANTA BARBARA","SANTA BARBARA",-119.69211994,34.420009999999998
8055393,2016,2016-06-02,4203,2016-05-25,1500,7775,,3,5,5,4203,0,0,0,,0,006,"LAS POSITAS RD","MODOC RD",0.00,,Y,A,-,N,,,,,,,,,,Y,4,0,1,2,A,-,04,21703,,N,C,C,A,A,H,-,A,D,0,,,,,Y,Y,A,01,0,0,1,0,0,0,0,0,0,"- ","- ",34.255099999999999,-119.43258,"SANTA BARBARA","SANTA BARBARA",-119.73479994,34.426110020000003
8055394,2016,2016-06-02,4203,2016-05-21,1658,2520,4203,6,5,5,4203,0,0,0,,0,002,"WENTWORTH AV","COTA ST",0.00,,Y,A,-,N,,,,,,,,,,N,2,0,1,2,A,-,09,21804,A,N,D,G,A,A,H,-,A,D,0,,Y,,,Y,,L,04,1,0,0,0,0,0,1,0,0,"- ","- ",34.413600000000002,-119.7003,"SANTA BARBARA","SANTA BARBARA",-119.70276997000001,34.412130079999997
8055395,2016,2016-06-02,4203,2016-05-22,1025,4937,,7,5,5,4203,0,0,0,,0,005,"LAS POSITAS",MCCAW,21.00,S,N,A,-,N,,,,,,,,,,Y,3,0,1,1,A,-,08,22107,,N,B,I,A,A,H,-,A,D,0,,,,,Y,,-,,0,1,0,0,0,0,0,0,0,"- ","- ",34.438400000000001,-119.4421,"SANTA BARBARA","SANTA BARBARA",-119.73392421,34.43847384
8055396,2016,2016-06-02,4203,2016-05-24,1952,23515,,2,5,5,4203,0,0,0,,0,001,"E GUTIERREZ ST","NOPAL ST",120.00,W,N,A,-,N,,,,,,,,,,N,2,0,1,2,D,-,00,,,F,B,C,A,A,H,-,B,D,0,,,,,Y,,-,"- ",1,0,0,0,0,0,0,0,0,"- ","- ",34.252600000000001,-119.41800000000001,"SANTA BARBARA","SANTA BARBARA",-119.68543207,34.424092219999999
8055424,2016,2017-02-18,4203,2016-05-26,1653,6968,72,4,5,5,4203,0,0,0,,0,001,"S SALINAS ST","RT 101",30.00,N,N,A,-,Y,SB,5,101,-,-,12.120,R,2,S,Y,4,0,2,2,A,-,01,23152,A,N,A,C,A,A,H,-,A,D,0,,,,,Y,Y,-,,0,0,2,0,0,0,0,0,0,"- ",NO,34.251820000000002,-119.39586,"SANTA BARBARA","SANTA BARBARA",-119.66637230000001,34.421142359999997
8056260,2016,2016-06-14,4200,2016-05-17,0754,4622,10,2,5,3,4205,0,0,0,,0,030,"BAILARD AV","VIA REAL",88.00,S,N,A,-,N,,,,,,,,,,Y,4,0,1,2,A,-,09,21800,A,N,D,C,A,A,H,-,A,D,0,,,,,Y,,D,22,0,0,1,0,0,0,0,0,0,"- ","- ",,,"SANTA BARBARA",CARPINTERIA,-119.49766554999999,34.388984819999997