CASE_ID,ACCIDENT_YEAR,PROC_DATE,JURIS,COLLISION_DATE,COLLISION_TIME,OFFICER_ID,REPORTING_DISTRICT,DAY_OF_WEEK,CHP_SHIFT,POPULATION,CNTY_CITY_LOC,SPECIAL_COND,BEAT_TYPE,CHP_BEAT_TYPE,CITY_DIVISION_LAPD,CHP_BEAT_CLASS,BEAT_NUMBER,PRIMARY_RD,SECONDARY_RD,DISTANCE,DIRECTION,INTERSECTION,WEATHER_1,WEATHER_2,STATE_HWY_IND,CALTRANS_COUNTY,CALTRANS_DISTRICT,STATE_ROUTE,ROUTE_SUFFIX,POSTMILE_PREFIX,POSTMILE,LOCATION_TYPE,RAMP_INTERSECTION,SIDE_OF_HWY,TOW_AWAY,COLLISION_SEVERITY,NUMBER_KILLED,NUMBER_INJURED,PARTY_COUNT,PRIMARY_COLL_FACTOR,PCF_CODE_OF_VIOL,PCF_VIOL_CATEGORY,PCF_VIOLATION,PCF_VIOL_SUBSECTION,HIT_AND_RUN,TYPE_OF_COLLISION,MVIW,PED_ACTION,ROAD_SURFACE,ROAD_COND_1,ROAD_COND_2,LIGHTING,CONTROL_DEVICE,CHP_ROAD_TYPE,PEDESTRIAN_ACCIDENT,BICYCLE_ACCIDENT,MOTORCYCLE_ACCIDENT,TRUCK_ACCIDENT,NOT_PRIVATE_PROPERTY,ALCOHOL_INVOLVED,STWD_VEHTYPE_AT_FAULT,CHP_VEHTYPE_AT_FAULT,COUNT_SEVERE_INJ,COUNT_VISIBLE_INJ,COUNT_COMPLAINT_PAIN,COUNT_PED_KILLED,COUNT_PED_INJURED,COUNT_BICYCLIST_KILLED,COUNT_BICYCLIST_INJURED,COUNT_MC_KILLED,COUNT_MC_INJURED,PRIMARY_RAMP,SECONDARY_RAMP,LATITUDE,LONGITUDE,COUNTY,CITY,POINT_X,POINT_Y
8056264,2016,2016-08-29,4200,2016-04-18,1216,3683,14,1,5,4,4214,0,0,0,,0,060,"S FAIRVIEW AV","RT 101",20.00,S,N,A,-,N,,,,,,,,,,Y,4,0,2,2,A,-,09,21802,A,N,D,C,A,A,H,-,A,A,0,,,,,Y,,D,22,0,0,2,0,0,0,0,0,0,"- ","- ",,,"SANTA BARBARA",GOLETA,-119.83241221,34.439545459999998
8056268,2016,2016-08-29,4200,2016-05-23,1605,3116,14,1,5,4,4214,0,0,0,,0,050,"FAIRVIEW AV","RT 101",496.00,N,N,A,-,N,,,,,,,,,,Y,4,0,2,3,C,-,18,,,N,D,C,A,A,H,-,A,D,0,,,,Y,Y,,-,"- ",0,0,2,0,0,0,0,0,0,"- ",SO,,,"SANTA BARBARA",GOLETA,-119.83088531999999,34.439902930000002
8056288,2016,2016-06-10,4200,2016-05-20,1624,3116,14,5,5,4,4214,0,0,0,,0,080,"STORKE RD","HOLLISTER AV",90.00,S,N,A,-,N,,,,,,,,,,N,4,0,1,2,A,-,02,22400,A,N,C,C,A,A,H,-,A,D,0,,,,,Y,,D,22,0,0,1,0,0,0,0,0,0,"- ","- ",,,"SANTA BARBARA",GOLETA,-119.86977526,34.429853749999999
8056292,2016,2016-06-16,4200,2016-05-11,1718,3077,14,3,5,4,4214,0,0,0,,0,050,"CATHEDRAL OAKS RD","LOS CARNEROS RD",0.00,,Y,A,-,N,,,,,,,,,,N,3,0,1,2,A,-,05,21650,1,N,H,G,A,A,H,-,A,A,0,,Y,,,Y,,L,04,0,1,0,0,0,0,1,0,0,"- ","- ",,,"SANTA BARBARA",GOLETA,-119.85542999,34.445959999999999
8034656,2016,2017-02-14,4202,2016-04-14,2101,239,LOMPC,4,5,4,4202,0,0,0,,0,004,"H ST","BARTON AV",540.00,S,N,A,G,Y,SB,5,1,-,-,21.740,H,-,S,Y,3,0,1,2,A,-,03,22350,,N,C,C,A,A,H,-,C,D,0,,,,,Y,,A,01,0,1,0,0,0,0,0,0,0,"- ","- ",,,"SANTA BARBARA",LOMPOC,-120.45769824,34.656040789999999
8034657,2016,2017-02-14,4202,2016-04-14,1113,292,,4,5,4,4202,0,0,0,,0,,"J ST","OCEAN AV",0.00,,Y,A,-,Y,SB,5,246,-,-,9.410,I,6,W,N,4,0,1,2,A,-,05,21650,1,N,D,G,A,A,H,-,A,A,0,,Y,,,Y,,L,04,0,0,1,0,0,0,1,0,0,"- ","- ",,,"SANTA BARBARA",LOMPOC,-120.46208454000001,34.639067150000002
8034665,2016,2016-05-04,4202,2016-03-30,1245,292,,3,5,4,4202,0,0,0,,0,,"PINE AV","G ST",38.00,W,N,A,-,N,,,,,,,,,,N,3,0,1,2,D,-,00,,,F,A,B,D,A,H,-,A,D,0,Y,,,,Y,,-,"- ",0,1,0,0,1,0,0,0,0,"- ","- ",,,"SANTA BARBARA",LOMPOC,-120.45657629999999,34.650180970000001
8034666,2016,2017-02-11,4202,2016-03-26,1434,230,LOMPO,6,5,4,4202,0,0,0,,0,,"I ST","RT 246",0.00,,Y,A,-,Y,SB,5,246,-,-,9.480,I,5,E,N,3,0,1,2,A,-,05,21650,,N,D,G,A,A,H,-,A,A,0,,Y,,,Y,,L,04,0,1,0,0,0,0,1,0,0,"- ","- ",,,"SANTA BARBARA",LOMPOC,-120.46122871,34.638962489999997
8036089,2016,2016-05-04,4203,2016-04-19,1144,5751,66,2,5,5,4203,0,0,0,,0,001,"N MILPAS ST","DE LA GUERRA ST",209.00,S,N,A,-,N,,,,,,,,,,Y,4,0,1,2,A,-,21,22106,,N,B,C,A,A,H,-,A,D,0,,,,,Y,,A,01,0,0,1,0,0,0,0,0,0,"- ","- ",34.428730000000002,-119.68854,"SANTA BARBARA","SANTA BARBARA",-119.68866117,34.428759929999998
8036097,2016,2016-05-04,4203,2016-04-07,0800,2717,21,4,5,5,4203,0,0,0,,0,006,"SAN ANDRES ST","CARRILLO ST",0.00,,Y,A,-,N,,,,,,,,,,N,4,0,1,2,D,-,00,,,N,C,C,A,A,H,-,A,A,0,,,,,Y,,-,"- ",0,0,1,0,0,0,0,0,0,"- ","- ",,,"SANTA BARBARA","SANTA BARBARA",-119.71062990999999,34.414710059999997
8036105,2016,2016-05-04,4203,2016-04-26,1805,2399,,2,5,5,4203,0,0,0,,0,005,"CALLE REAL","PESETAS LN",0.00,,Y,A,-,N,,,,,,,,,,Y,4,0,1,2,A,-,09,21801,A,N,D,C,A,A,H,-,A,D,0,,,,,Y,,-,,0,0,1,0,0,0,0,0,0,"- ","- ",34.262999999999998,-119.45310000000001,"SANTA BARBARA","SANTA BARBARA",-119.75840994000001,34.441510020000003
8036109,2016,2016-05-09,4203,2016-04-25,1156,6700,31,1,5,5,4203,0,0,0,,0,004,"CARRILLO ST","CHAPALA ST",75.00,W,N,A,-,N,,,,,,,,,,N,4,0,1,2,A,-,03,22350,,N,C,C,A,A,H,-,A,A,0,,,,,Y,,A,01,0,0,1,0,0,0,0,0,0,"- ","- ",34.420189999999998,-119.70323999999999,"SANTA BARBARA","SANTA BARBARA",-119.70313375000001,34.420295109999998
8036123,2016,2017-02-18,4203,2016-04-24,1103,6983,,7,5,5,4203,0,0,0,,0,002,"CASTILLO ST","RT 101",36.00,N,N,A,-,Y,SB,5,101,-,R,14.430,R,4,S,N,3,0,1,1,A,-,03,22350,,N,F,G,A,B,H,-,A,A,0,,Y,,,Y,,L,04,0,1,0,0,0,0,1,0,0,"- ",SF,34.244289999999999,-119.41561,"SANTA BARBARA","SANTA BARBARA",-119.70369374000001,34.413298930000003
8036127,2016,2017-02-18,4203,2016-04-27,1634,7570,14,3,5,5,4203,0,0,0,,0,002,"CASTILLO ST","RT 1",0.00,,Y,G,-,Y,SB,5,101,-,R,14.340,R,4,S,Y,3,0,1,4,A,-,01,23152,A,N,H,C,A,B,H,-,A,A,0,,,,,Y,Y,-,,0,1,0,0,0,0,0,0,0,"- ",SF,34.411900000000003,-119.69889999999999,"SANTA BARBARA","SANTA BARBARA",-119.70202696,34.412495569999997
8036131,2016,2016-05-04,4201,2016-04-10,1800,3317,,7,5,2,4201,0,0,0,,0,051,"PACIFIC DUNES WY","SURF BIRD LN",0.00,,Y,A,-,N,,,,,,,,,,N,3,0,1,2,A,-,08,22107,,N,D,D,A,A,H,-,A,-,0,,,,,Y,,-,,0,1,0,0,0,0,0,0,0,"- ","- ",,,"SANTA BARBARA",GUADALUPE,-120.5845399,34.959600039999998
8044089,2016,2016-05-24,4200,2016-05-03,0809,3683,14,2,5,4,4214,0,0,0,,0,050,"N FAIRVIEW AV","CATHEDRAL OAKS RD",29.00,S,N,A,-,N,,,,,,,,,,N,3,0,1,2,A,-,05,21650,1,F,H,G,A,A,H,-,A,D,0,,Y,,,Y,,L,04,0,1,0,0,0,0,1,0,0,"- ","- ",,,"SANTA BARBARA",GOLETA,-119.83071181,34.451300379999999
8044090,2016,2016-05-24,4203,2016-05-08,1915,23136,SBSC,7,5,5,4203,0,0,0,,0,003,"CANON PERDIDO ST","SANTA BARBARA ST",0.00,,Y,D,-,N,,,,,,,,,,N,4,0,1,2,D,-,00,,,N,D,C,A,A,H,-,A,A,0,,,,,Y,,-,"- ",0,0,1,0,0,0,0,0,0,"- ","- ",,,"SANTA BARBARA","SANTA BARBARA",-119.69829989,34.422650009999998
8044093,2016,2016-05-24,4200,2016-05-05,1455,3287,10,4,5,3,4205,0,0,0,,0,040,"SANTA YNEZ RD","VIA REAL",46.00,N,N,B,-,N,,,,,,,,,,N,4,0,1,2,A,-,03,22350,,M,D,G,A,A,H,-,A,D,0,,Y,,,Y,,L,04,0,0,1,0,0,0,1,0,0,"- ","- ",,,"SANTA BARBARA",CARPINTERIA,-119.52657943,34.404561719999997
8044098,2016,2016-05-24,4203,2016-05-09,1550,2399,BARBA,1,5,5,4203,0,0,0,,0,002,"HARBOR WY","SHORELINE DR",123.00,S,N,A,-,N,,,,,,,,,,N,4,0,1,2,A,-,03,22350,,N,G,B,E,A,H,-,A,D,0,Y,,,,Y,,-,,0,0,1,0,1,0,0,0,0,"- ","- ",34.241999999999997,-119.4139,"SANTA BARBARA","SANTA BARBARA",-119.69460126,34.404009629999997
8044102,2016,2016-05-24,4203,2016-05-16,1743,23133,,1,5,5,4203,0,0,0,,0,006,"CLIFF DR","OLIVER RD",15.00,,N,A,-,N,,,,,,,,,,Y,4,0,1,2,A,-,01,23152,A,N,D,C,A,A,H,-,A,D,0,,,,,Y,Y,-,,0,0,1,0,0,0,0,0,0,"- ","- ",,,"SANTA BARBARA","SANTA BARBARA",-119.72601998,34.402450039999998
8044106,2016,2017-02-18,4203,2016-05-12,1220,6700,14,4,5,5,4203,0,0,0,,0,002,"CASTILLO ST","RT 101",36.00,N,N,A,-,Y,SB,5,101,-,R,14.340,R,4,S,N,4,0,1,2,A,-,"- ",,,F,C,C,A,B,H,-,A,A,0,,,,,Y,,A,01,0,0,1,0,0,0,0,0,0,"- ",SF,34.41207,-119.69907000000001,"SANTA BARBARA","SANTA BARBARA",-119.70202696,34.412495569999997
8044110,2016,2016-05-24,4203,2016-05-12,1632,5761,32,4,5,5,4203,0,0,0,,0,004,"W FIGUEROA ST","DE LA VINA ST",0.00,,Y,A,-,N,,,,,,,,,,Y,3,0,1,2,A,-,09,21802,A,N,D,C,A,A,H,-,A,D,0,,,,,Y,,A,01,0,1,0,0,0,0,0,0,0,"- ","- ",,,"SANTA BARBARA","SANTA BARBARA",-119.70544991,34.420300089999998
8044118,2016,2016-05-24,4203,2016-05-12,0146,6693,,4,5,5,4203,0,0,0,,0,005,"FOOTHILL RD","ALAMAR AV",572.00,W,N,A,-,N,,,,,,,,,,Y,3,0,1,3,A,-,08,22107,,N,C,E,A,A,H,-,C,D,0,,,,,Y,,A,01,0,1,0,0,0,0,0,0,0,"- ","- ",34.265000000000001,-119.43340000000001,"SANTA BARBARA","SANTA BARBARA",-119.72645075,34.447380250000002
8044133,2016,2017-02-18,4203,2016-05-10,0910,6983,,2,5,5,4203,0,0,0,,0,002,"CASTILLO ST","RT 101",0.00,N,N,B,-,Y,SB,5,101,-,R,14.340,R,4,S,N,3,0,1,1,A,-,03,22350,,N,F,I,A,B,G,-,A,A,0,,Y,,,Y,,L,04,0,1,0,0,0,0,1,0,0,"- ",SF,34.244300000000003,-119.423,"SANTA BARBARA","SANTA BARBARA",-119.70202696,34.412495569999997
8044137,2016,2016-05-24,4203,2016-05-07,1123,22854,,6,5,5,4203,0,0,0,,0,005,"LAS POSITAS RD","MCCAW AV",0.00,,Y,A,-,N,,,,,,,,,,N,3,0,2,2,A,-,09,21801,A,N,A,C,A,A,A,-,A,D,0,,,,,Y,,-,"- ",0,2,0,0,0,0,0,0,0,"- ","- ",,,"SANTA BARBARA","SANTA BARBARA",-119.73393987999999,34.438530030000003
8044141,2016,2016-05-24,4203,2016-05-07,1150,2106,4203,6,5,5,4203,0,0,0,,0,003,"OLIVE ST","COTA ST",0.00,,Y,A,-,N,,,,,,,,,,N,4,0,1,2,D,-,00,,,F,D,G,A,A,H,-,A,A,0,,Y,,,Y,,-,"- ",0,0,1,0,0,0,1,0,0,"- ","- ",,,"SANTA BARBARA","SANTA BARBARA",-119.69110999,34.42308002
8056331,2016,2017-02-14,4200,2016-05-23,1015,3116,14,1,5,4,4214,0,0,0,,0,080,"GLEN ANNIE RD","CALLE REAL",0.00,,Y,A,-,Y,SB,5,101,-,-,24.284,R,4,N,N,3,0,1,2,A,-,11,21950,B,N,G,B,B,A,H,-,A,A,0,Y,,,,Y,,N,60,0,1,0,0,1,0,0,0,0,"- ","- ",,,"SANTA BARBARA",GOLETA,-119.86268364999999,34.435966440000001
8056332,2016,2016-06-09,4200,2016-05-23,0821,3542,10,1,5,3,4205,0,0,0,,0,030,"VIA REAL","CASITAS PASS RD",0.00,,Y,A,-,N,,,,,,,,,,Y,3,0,4,2,A,-,12,22450,A,N,D,C,A,A,H,-,A,A,0,,,,,Y,,A,01,0,1,3,0,0,0,0,0,0,"- ","- ",,,"SANTA BARBARA",CARPINTERIA,-119.51114995,34.397020060000003
8056992,2016,2016-06-13,4204,2016-06-05,1651,90458,68,7,5,5,4204,0,0,0,,0,B03,BROADWAY,"STOWELL RD",600.00,S,N,A,-,N,,,135,,,,,,,Y,4,0,3,3,A,-,03,22350,,N,C,C,A,A,H,-,A,A,0,,,,,Y,,I,11,0,0,3,0,0,0,0,0,0,"- ","- ",34.938499999999998,-120.43595999999999,"SANTA BARBARA","SANTA MARIA",-120.43594783,34.938500849999997
8057847,2016,2016-06-17,4200,2016-05-07,1616,3083,14,6,5,4,4214,0,0,0,,0,080,"ELLWOOD STATION RD","CALLE REAL",156.00,N,N,A,-,N,,,,,,,,,,Y,3,0,1,4,A,-,08,22107,,N,C,E,A,A,H,-,A,D,0,,,,,Y,,A,01,0,1,0,0,0,0,0,0,0,"- ","- ",,,"SANTA BARBARA",GOLETA,-119.88514739999999,34.433138249999999
8057848,2016,2016-06-17,4200,2016-05-17,1223,3116,14,2,5,4,4214,0,0,0,,0,080,"HOLLISTER AV","SANTA FELICIA DR",0.00,,Y,B,-,N,,,,,,,,,,Y,3,0,1,2,A,-,09,21801,A,N,D,C,A,A,H,-,A,D,0,,,,,Y,,A,01,0,1,0,0,0,0,0,0,0,"- ","- ",,,"SANTA BARBARA",GOLETA,-119.87589991,34.430120019999997
8057849,2016,2016-06-17,4200,2016-05-05,1511,3116,14,4,5,4,4214,0,0,0,,0,080,"HOLLISTER AV","SANTA FELICIA DR",0.00,,Y,A,-,N,,,,,,,,,,Y,4,0,2,2,A,-,09,21801,A,N,D,C,A,A,H,-,A,D,0,,,,,Y,,A,01,0,0,2,0,0,0,0,0,0,"- ","- ",,,"SANTA BARBARA",GOLETA,-119.87589991,34.430120019999997
8058045,2016,2017-02-14,4202,2016-05-10,0734,292,,2,5,4,4202,0,0,0,,0,,"CENTRAL AV","RT 1",29.00,W,N,B,-,Y,SB,5,1,-,-,22.068,I,6,S,Y,3,0,2,2,A,-,09,21453,C,N,D,C,A,A,H,-,A,A,0,,,,,Y,,A,01,0,2,0,0,0,0,0,0,0,"- ","- ",,,"SANTA BARBARA",LOMPOC,-120.45776984,34.660807910000003
8058124,2016,2017-02-18,4200,2016-04-19,1541,3683,14,2,5,4,4214,0,0,0,,0,,"S FAIRVIEW AV","RT 101",296.00,N,N,A,-,Y,SB,5,101,-,-,22.360,R,4,S,Y,4,0,2,3,A,-,07,21658,A,N,B,C,A,A,H,-,A,A,0,,,,,Y,,A,01,0,0,2,0,0,0,0,0,0,"- ","- ",,,"SANTA BARBARA",GOLETA,-119.82938962,34.43973433
8058242,2016,2016-06-10,4202,2016-05-12,0948,292,,4,5,4,4202,0,0,0,,0,,"WALNUT AV","L ST",0.00,,Y,B,-,N,,,,,,,,,,Y,4,0,1,2,A,-,09,21802,A,N,D,C,A,A,H,-,A,A,0,,,,,Y,,A,01,0,0,1,0,0,0,0,0,0,"- ","- ",,,"SANTA BARBARA",LOMPOC,-120.46295994,34.640660109999999
8058274,2016,2016-06-10,4202,2016-05-19,0700,292,,4,5,4,4202,0,0,0,,0,,"LAUREL AV","L ST",0.00,,Y,B,-,N,,,,,,,,,,Y,4,0,1,2,A,-,09,21802,A,N,D,C,A,B,H,-,A,A,0,,,,,Y,,A,07,0,0,1,0,0,0,0,0,0,"- ","- ",,,"SANTA BARBARA",LOMPOC,-120.46292995,34.64386004
8058278,2016,2016-06-10,4202,2016-05-10,0828,292,,2,5,4,4202,0,0,0,,0,,"LAUREL AV","W ST",8.00,W,N,B,-,N,,,,,,,,,,N,4,0,1,2,A,-,09,21800,A,N,D,G,A,A,H,-,A,D,0,,Y,,,Y,,A,01,0,0,1,0,0,0,1,0,0,"- ","- ",,,"SANTA BARBARA",LOMPOC,-120.45784,34.643819999999998
8058307,2016,2016-06-13,4204,2016-05-24,1536,90081,17,2,5,5,4204,0,0,0,,0,001,"DONOVAN RD","COLLEGE DR",205.00,E,N,A,-,N,,,,,,,,,,N,4,0,1,2,A,-,17,22109,,N,C,C,A,A,H,-,A,D,0,,,,,Y,,A,01,0,0,1,0,0,0,0,0,0,"- ","- ",34.967509999999997,-120.42543999999999,"SANTA BARBARA","SANTA MARIA",-120.42496618,34.967680000000001
8036210,2016,2016-05-04,4203,2016-04-21,2148,6377,,4,5,5,4203,0,0,0,,0,005,"DE LA VINA ST","VERNON RD",0.00,,Y,A,-,N,,,,,,,,,,N,3,0,1,2,A,-,"- ",,,F,-,G,A,A,H,-,C,A,0,,Y,,,Y,Y,-,,0,1,0,0,0,0,1,0,0,"- ","- ",34.261099999999999,-119.43340000000001,"SANTA BARBARA","SANTA BARBARA",-119.72621999,34.436619999999998
8036214,2016,2016-05-04,4203,2016-04-21,0742,5751,62,4,5,5,4203,0,0,0,,0,001,"CARPINTERIA ST","S ALISOS ST",0.00,,Y,A,-,N,,,,,,,,,,N,3,0,1,2,A,-,"- ",,,F,H,G,A,A,H,-,A,D,0,,Y,,,Y,,A,01,0,1,0,0,0,0,1,0,0,"- ","- ",,,"SANTA BARBARA","SANTA BARBARA",-119.67647998,34.421720030000003
8036218,2016,2016-05-02,4203,2016-04-23,1220,7774,4203,6,5,5,4203,0,0,0,,0,005,"CHAPALA ST","PUEBLO ST",0.00,,Y,A,-,N,,,,,,,,,,Y,4,0,1,2,A,-,09,21802,A,N,D,C,A,A,H,-,A,A,0,,,,,Y,,-,,0,0,1,0,0,0,0,0,0,"- ","- ",34.255719999999997,-119.43106,"SANTA BARBARA","SANTA BARBARA",-119.71958992,34.43259011
8036222,2016,2016-05-10,4203,2016-04-16,1628,4937,,6,5,5,4203,0,0,0,,0,005,"DE LA VINA ST","ARDEN ST",174.00,N,N,-,-,N,,,,,,,,,,N,3,0,1,2,A,-,08,22107,,N,-,-,A,-,-,-,-,-,0,,Y,,,Y,,A,01,0,1,0,0,0,0,1,0,0,"- ","- ",34.261600000000001,-119.43380000000001,"SANTA BARBARA","SANTA BARBARA",-119.72718537,34.437629600000001
8036329,2016,2017-02-18,4203,2016-04-29,1618,7187,,5,5,5,4203,0,0,0,,0,005,"FOOTHILL RD","WILLOW GLENN RD",72.00,E,N,A,-,Y,SB,5,192,-,-,1.220,H,-,W,Y,3,0,1,2,A,-,03,22350,,N,C,C,A,A,H,-,A,D,0,,,,,Y,,-,,0,1,0,0,0,0,0,0,0,"- ","- ",34.271360000000001,-119.44369,"SANTA BARBARA","SANTA BARBARA",-119.74391676,34.45390725
8036358,2016,2016-05-04,4203,2016-04-27,1611,6972,,3,5,5,4203,0,0,0,,0,003,"ANACAPA ST","E GUTIERREZ ST",9.00,N,N,A,-,N,,,,,,,,,,N,4,0,2,2,D,-,00,,,F,C,C,A,A,H,-,A,A,0,,,,,Y,,-,"- ",0,0,2,0,0,0,0,0,0,"- ","- ",34.250100000000003,-119.41352999999999,"SANTA BARBARA","SANTA BARBARA",-119.69305193,34.416976750000003
8036362,2016,2016-05-04,4203,2016-04-26,0754,6048,,2,5,5,4203,0,0,0,,0,005,"STATE ST","CALLE REAL",261.00,E,N,A,-,N,,,,,,,,,,Y,4,0,2,2,A,-,09,21804,A,N,D,C,A,A,H,-,A,D,0,,,,,Y,,-,,0,0,2,0,0,0,0,0,0,"- ","- ",34.262549999999997,-119.45111,"SANTA BARBARA","SANTA BARBARA",-119.75331586,34.4404422
8036366,2016,2016-05-06,4203,2016-04-30,0131,7189,,6,5,5,4203,0,0,0,,0,001,"CASTILLO ST","W MONTECITO ST",590.00,N,N,A,-,N,,,101,,,,,,,N,4,0,1,2,A,-,"- ",,,F,-,C,A,A,H,-,C,A,0,,,,,Y,,A,08,0,0,1,0,0,0,0,0,0,"- ","- ",34.411900000000003,-119.69892,"SANTA BARBARA","SANTA BARBARA",-119.69893657999999,34.412146329999999
8036697,2016,2017-02-18,4204,2016-04-25,1105,22113,27,1,5,5,4204,0,0,0,,0,002,BROADWAY,"FESLER ST",160.00,S,N,A,-,Y,SB,5,135,-,-,15.970,H,-,S,N,4,0,1,2,A,-,05,21202,A,N,G,G,A,A,H,-,A,A,0,,Y,,,Y,,L,04,0,0,1,0,0,0,1,0,0,"- ","- ",34.956479999999999,-120.43573000000001,"SANTA BARBARA","SANTA MARIA",-120.43591039,34.955935599999997
8036767,2016,2016-05-09,4204,2016-04-25,1617,23028,69,1,5,5,4204,0,0,0,,0,003,"STOWELL RD","BRADLEY RD",309.00,W,N,A,-,N,,,,,,,,,,N,4,0,1,2,A,-,09,21801,A,N,D,C,A,A,H,-,A,D,0,,,,,Y,,A,07,0,0,1,0,0,0,0,0,0,"- ","- ",34.938299999999998,-120.41945,"SANTA BARBARA","SANTA MARIA",-120.42045057,34.93835
8036782,2016,2016-05-11,4204,2016-04-19,1435,23028,76,2,5,5,4204,0,0,0,,0,003,"BETTERAVIA RD","BRADLEY RD",0.00,,Y,A,-,N,,,,,,,,,,N,4,0,2,2,A,-,03,22350,,N,C,C,A,A,H,-,A,A,0,,,,,Y,,A,01,0,0,2,0,0,0,0,0,0,"- ","- ",34.923380000000002,-120.41987,"SANTA BARBARA","SANTA MARIA",-120.42206993000001,34.923740090000003
8044145,2016,2016-05-24,4203,2016-05-12,1914,1436,,4,5,5,4203,0,0,0,,0,003,"STATE ST","GUTIERREZ ST",76.00,S,N,A,-,N,,,,,,,,,,Y,3,0,1,1,A,-,01,23152,,N,E,I,A,A,H,-,A,A,0,,,,,Y,Y,-,,0,1,0,0,0,0,0,0,0,"- ","- ",,,"SANTA BARBARA","SANTA BARBARA",-119.69403509,34.415728399999999
8044254,2016,2016-05-25,4204,2016-05-15,0043,90323,26,7,5,5,4204,0,0,0,,0,001,"RAILROAD AV","EL CAMINO ST",20.00,S,N,A,-,N,,,,,,,,,,Y,4,0,1,2,A,-,01,23152,A,N,B,E,A,A,H,-,C,D,0,,,,,Y,Y,A,01,0,0,1,0,0,0,0,0,0,"- ","- ",34.958860000000001,-120.44464000000001,"SANTA BARBARA","SANTA MARIA",-120.44459927,34.958595070000001
8044256,2016,2016-06-01,4204,2016-05-13,1127,23397,14,5,5,5,4204,0,0,0,,0,001,"ORCHARD ST","THORNBURG ST",300.00,W,N,A,-,N,,,,,,,,,,Y,4,0,1,2,A,-,08,22107,,N,C,E,A,A,H,-,A,D,0,,,,,Y,,D,22,0,0,1,0,0,0,0,0,0,"- ","- ",34.966070000000002,-120.43996,"SANTA BARBARA","SANTA MARIA",-120.44113097,34.965910000000001
8044266,2016,2016-05-25,4204,2016-05-14,1626,90458,7,6,5,5,4204,0,0,0,,0,BO1,"RAILROAD AV","TAYLOR ST",100.00,S,N,A,-,N,,,,,,,,,,N,3,0,1,1,A,-,01,23152,B,N,E,I,A,A,H,-,A,A,0,,,,,Y,Y,A,01,0,1,0,0,0,0,0,0,0,"- ","- ",34.97484,-120.44459000000001,"SANTA BARBARA","SANTA MARIA",-120.44441999999999,34.974777330000002
8044520,2016,2016-05-25,4204,2016-05-11,1033,19527,032,3,5,5,4204,0,0,0,,0,002,"RAILROAD AV","FESLER ST",0.00,,Y,B,-,N,,,,,,,,,,Y,4,0,1,2,A,-,09,21802,A,N,A,C,A,A,H,-,A,A,0,,,,,Y,,A,01,0,0,1,0,0,0,0,0,0,"- ","- ",34.95722,-120.44452,"SANTA BARBARA","SANTA MARIA",-120.4446599,34.956870029999997
8044524,2016,2017-02-14,4204,2016-05-14,1612,90373,14,6,5,5,4204,0,0,0,,0,001,"MAIN ST","MILLER ST",0.00,,Y,A,-,Y,SB,5,166,-,-,8.140,H,-,W,N,4,0,1,2,A,-,03,22350,,F,C,C,A,A,H,-,A,A,0,,,,,Y,,A,01,0,0,1,0,0,0,0,0,0,"- ","- ",34.95308,-120.43145,"SANTA BARBARA","SANTA MARIA",-120.43118036,34.953211099999997
8044581,2016,2016-05-25,4204,2016-05-12,1924,90242,16,4,5,5,4204,0,0,0,,0,001,"BUNNY AV","MILLER ST",0.00,,Y,A,-,N,,,,,,,,,,N,3,0,1,2,A,-,09,21804,A,N,G,G,A,A,H,-,A,D,0,,Y,,,Y,,L,04,0,1,0,0,0,0,1,0,0,"- ","- ",34.963180000000001,-120.43118,"SANTA BARBARA","SANTA MARIA",-120.43124996,34.963180039999997
8044585,2016,2016-05-25,4204,2016-05-11,1200,23028,67,3,5,5,4204,0,0,0,,0,1412,"WINDSOR ST","VICTORIA PL",10.00,E,N,A,-,N,,,,,,,,,,N,4,0,1,2,A,-,11,21954,A,F,G,B,D,A,H,-,A,D,0,Y,,,,Y,,N,60,0,0,1,0,1,0,0,0,0,"- ","- ",34.936770000000003,-120.44329999999999,"SANTA BARBARA","SANTA MARIA",-120.44327758999999,34.936613520000002
8048767,2016,2017-02-11,4204,2016-05-19,1530,23028,81,4,5,5,4204,0,0,0,,0,003,BROADWAY,"BETTERAVIA RD",0.00,,Y,A,-,Y,SB,5,135,-,-,13.500,H,-,N,N,4,0,1,2,A,-,03,22350,,N,C,C,A,A,H,-,A,A,0,,,,,Y,,A,01,0,0,1,0,0,0,0,0,0,"- ","- ",34.92089,-120.43613000000001,"SANTA BARBARA","SANTA MARIA",-120.4359449,34.92022016
8048775,2016,2016-05-31,4204,2016-05-22,0343,23601,6,7,5,5,4204,0,0,0,,0,001,"GAYLENE DR","WESTERN AV",0.00,,Y,A,-,N,,,,,,,,,,Y,3,0,1,4,A,-,01,23152,B,N,C,E,A,A,H,-,C,A,0,,,,,Y,Y,A,01,0,1,0,0,0,0,0,0,0,"- ","- ",34.974519999999998,-120.44844000000001,"SANTA BARBARA","SANTA MARIA",-120.44821987,34.974620090000002