CASE_ID,ACCIDENT_YEAR,PROC_DATE,JURIS,COLLISION_DATE,COLLISION_TIME,OFFICER_ID,REPORTING_DISTRICT,DAY_OF_WEEK,CHP_SHIFT,POPULATION,CNTY_CITY_LOC,SPECIAL_COND,BEAT_TYPE,CHP_BEAT_TYPE,CITY_DIVISION_LAPD,CHP_BEAT_CLASS,BEAT_NUMBER,PRIMARY_RD,SECONDARY_RD,DISTANCE,DIRECTION,INTERSECTION,WEATHER_1,WEATHER_2,STATE_HWY_IND,CALTRANS_COUNTY,CALTRANS_DISTRICT,STATE_ROUTE,ROUTE_SUFFIX,POSTMILE_PREFIX,POSTMILE,LOCATION_TYPE,RAMP_INTERSECTION,SIDE_OF_HWY,TOW_AWAY,COLLISION_SEVERITY,NUMBER_KILLED,NUMBER_INJURED,PARTY_COUNT,PRIMARY_COLL_FACTOR,PCF_CODE_OF_VIOL,PCF_VIOL_CATEGORY,PCF_VIOLATION,PCF_VIOL_SUBSECTION,HIT_AND_RUN,TYPE_OF_COLLISION,MVIW,PED_ACTION,ROAD_SURFACE,ROAD_COND_1,ROAD_COND_2,LIGHTING,CONTROL_DEVICE,CHP_ROAD_TYPE,PEDESTRIAN_ACCIDENT,BICYCLE_ACCIDENT,MOTORCYCLE_ACCIDENT,TRUCK_ACCIDENT,NOT_PRIVATE_PROPERTY,ALCOHOL_INVOLVED,STWD_VEHTYPE_AT_FAULT,CHP_VEHTYPE_AT_FAULT,COUNT_SEVERE_INJ,COUNT_VISIBLE_INJ,COUNT_COMPLAINT_PAIN,COUNT_PED_KILLED,COUNT_PED_INJURED,COUNT_BICYCLIST_KILLED,COUNT_BICYCLIST_INJURED,COUNT_MC_KILLED,COUNT_MC_INJURED,PRIMARY_RAMP,SECONDARY_RAMP,LATITUDE,LONGITUDE,COUNTY,CITY,POINT_X,POINT_Y
8048807,2016,2017-02-18,4204,2016-05-23,0750,90376,52,1,5,5,4204,0,0,0,,0,002,BROADWAY,"JONES ST",0.00,,Y,A,-,Y,SB,5,135,-,-,15.280,I,5,S,N,4,0,1,2,A,-,09,21802,A,F,H,G,A,A,H,-,A,A,0,,Y,,,Y,,A,07,0,0,1,0,0,0,1,0,0,"- ","- ",34.945909999999998,-120.43622000000001,"SANTA BARBARA","SANTA MARIA",-120.43604022,34.945874670000002
8058311,2016,2016-06-13,4204,2016-05-26,1509,23656,76,4,5,5,4204,0,0,0,,0,003,"BETTERAVIA RD","BRADLEY RD E",0.00,,Y,A,-,N,,,,,,,,,,N,4,0,2,2,A,-,07,21658,A,N,B,C,A,A,H,-,A,A,0,,,,,Y,,D,22,0,0,2,0,0,0,0,0,0,"- ","- ",34.923380000000002,-120.41987,"SANTA BARBARA","SANTA MARIA",-120.42206993000001,34.923740090000003
8058387,2016,2016-06-15,4200,2016-04-20,1429,3683,14,3,5,4,4214,0,0,0,,0,080,"STROKE RD","HOLLISTER AV",48.00,N,N,A,-,N,,,,,,,,,,Y,3,0,2,3,A,-,03,22350,,N,C,C,A,A,H,-,A,D,0,,,,,Y,,A,01,0,1,1,0,0,0,0,0,0,"- ","- ",,,"SANTA BARBARA",GOLETA,-119.8697313,34.430230889999997
8058406,2016,2016-06-13,4204,2016-06-03,1852,90342,3,5,5,5,4204,0,0,0,,0,001,"RANCHO VERDE","FIESTA WY",50.00,W,N,A,-,N,,,,,,,,,,Y,2,0,1,2,A,-,08,22103,,N,D,C,A,A,H,-,A,D,0,,,Y,,Y,,A,08,1,0,0,0,0,0,0,0,1,"- ","- ",34.977179999999997,-120.45017,"SANTA BARBARA","SANTA MARIA",-120.45017685000001,34.977229999999999
8058410,2016,2016-06-13,4204,2016-06-03,1445,90363,41,5,5,5,4204,0,0,0,,0,002,"DEPOT ST","CHURCH ST",0.00,,Y,A,-,N,,,,,,,,,,N,3,0,1,2,A,-,04,21703,,F,C,G,A,A,H,-,A,D,0,,Y,,,Y,,A,08,0,1,0,0,0,0,1,0,0,"- ","- ",34.952269999999999,-120.44371,"SANTA BARBARA","SANTA MARIA",-120.44366992,34.952040019999998
8058414,2016,2016-06-13,4204,2016-06-02,1901,90272,7,4,5,5,4204,0,0,0,,0,001,BROADWAY,"GRANT ST",0.00,,Y,A,-,N,,,135,,,,,,,N,3,0,1,2,A,-,05,21202,,F,A,G,A,A,G,-,A,A,0,,Y,,,Y,Y,L,04,0,1,0,0,0,0,1,0,0,"- ","- ",34.972790000000003,-120.43577000000001,"SANTA BARBARA","SANTA MARIA",-120.43567452000001,34.972789259999999
8058418,2016,2017-02-04,4204,2016-06-02,1322,23656,42,4,5,5,4204,0,0,0,,0,002,BROADWAY,"COOK ST",0.00,,Y,A,-,Y,SB,5,135,-,-,15.570,H,-,S,N,4,0,1,2,A,-,04,21703,,N,C,C,A,A,H,-,A,A,0,,,,,Y,,A,07,0,0,1,0,0,0,0,0,0,"- ","- ",34.9499,-120.43597,"SANTA BARBARA","SANTA MARIA",-120.43598854,34.950137060000003
8058433,2016,2016-06-13,4204,2016-06-05,1510,23471,4204,7,5,5,4204,0,0,0,,0,003,"BETTERAVIA RD","MILLER ST",0.00,,Y,A,-,N,,,,,,,,,,Y,4,0,4,2,A,-,03,22350,,N,C,C,A,A,H,-,A,A,0,,,,,Y,,A,01,0,0,4,0,0,0,0,0,0,"- ","- ",34.922350000000002,-120.43127,"SANTA BARBARA","SANTA MARIA",-120.43128989,34.922600070000001
8058556,2016,2017-02-18,4204,2016-05-27,1442,22807,51,5,5,5,4204,0,0,0,,0,002,BROADWAY,"JONES ST",0.00,,Y,A,-,Y,SB,5,135,-,-,15.270,H,-,S,N,4,0,1,2,A,-,03,22350,,N,C,C,A,A,H,-,A,D,0,,,,,Y,,A,01,0,0,1,0,0,0,0,0,0,"- ","- ",34.945909999999998,-120.43622000000001,"SANTA BARBARA","SANTA MARIA",-120.43604276000001,34.945737690000001
8058560,2016,2016-06-14,4200,2016-05-10,1239,3116,14,2,5,4,4214,0,0,0,,0,050,"FAIRVIEW AV","ENCINA RD",0.00,,Y,B,-,N,,,,,,,,,,N,3,0,2,2,A,-,09,21801,A,N,D,C,A,A,H,-,A,A,0,,,,,Y,,A,01,0,1,1,0,0,0,0,0,0,"- ","- ",,,"SANTA BARBARA",GOLETA,-119.83067993,34.443070030000001
8059235,2016,2016-06-15,4203,2016-06-07,1853,22856,,2,5,5,4203,0,0,0,,0,004,"CHAPALA ST","W ISLAY ST",27.00,S,N,A,-,N,,,,,,,,,,N,3,0,1,2,A,-,09,21802,A,N,H,A,A,A,H,-,B,D,0,,,Y,,Y,Y,A,01,0,1,0,0,0,0,0,0,1,"- ","- ",34.253999999999998,-119.4247,"SANTA BARBARA","SANTA BARBARA",-119.71318205999999,34.427901769999998
8059251,2016,2016-06-14,4204,2016-06-04,1423,90322,42,6,5,5,4204,0,0,0,,0,002,"COOK ST","LINCOLN ST",0.00,,Y,A,-,N,,,,,,,,,,Y,4,0,2,2,A,-,12,21453,A,N,D,C,A,A,A,-,A,A,0,,,,,Y,,A,01,0,0,2,0,0,0,0,0,0,"- ","- ",34.949930000000002,-120.43754,"SANTA BARBARA","SANTA MARIA",-120.43741987,34.949840090000002
8059275,2016,2016-06-15,4203,2016-06-03,1705,1436,55MC,5,5,5,4203,0,0,0,,0,003,"ANACAPA ST","GUTIERREZ ST",2.00,N,N,A,-,N,,,,,,,,,,N,4,0,1,2,D,-,00,,,N,A,B,B,A,H,-,A,A,0,Y,,,,Y,,-,"- ",0,0,1,0,1,0,0,0,0,"- ","- ",,,"SANTA BARBARA","SANTA BARBARA",-119.69303487000001,34.416963719999998
8059279,2016,2016-06-15,4203,2016-06-01,1812,2520,4203,3,5,5,4203,0,0,0,,0,003,"GARDEN ST","CARRILLO ST",0.00,,Y,A,-,N,,,,,,,,,,N,4,0,1,2,A,-,10,21950,A,N,G,B,B,A,H,-,A,D,0,Y,,,,Y,,-,,0,0,1,0,1,0,0,0,0,"- ","- ",,,"SANTA BARBARA","SANTA BARBARA",-119.69846990000001,34.424680049999999
8059444,2016,2016-06-14,4203,2016-06-02,0848,5751,55,4,5,5,4203,0,0,0,,0,005,"STATE ST","S HOPE AV",0.00,,Y,A,-,N,,,,,,,,,,N,4,0,1,2,A,-,03,22350,,N,C,C,A,A,A,H,A,A,0,,,,,Y,,D,22,0,0,1,0,0,0,0,0,0,"- ","- ",34.440390000000001,-119.74696,"SANTA BARBARA","SANTA BARBARA",-119.74671988,34.440410069999999
8059532,2016,2016-06-16,4203,2016-05-26,1737,7187,,4,5,5,4203,0,0,0,,0,005,"W CONSTANCE ST","ORELLA ST",60.00,E,N,A,-,N,,,,,,,,,,N,3,0,1,2,A,-,03,22350,,N,B,G,A,A,H,-,A,D,0,,Y,,,Y,,-,,0,1,0,0,0,0,1,0,0,"- ","- ",34.260210000000001,-119.43306,"SANTA BARBARA","SANTA BARBARA",-119.72494045000001,34.433954980000003
8059536,2016,2016-06-16,4203,2016-05-29,1442,4937,,7,5,5,4203,0,0,0,,0,,"DE LA VINA ST","VICTORIA ST",0.00,,Y,B,-,N,,,,,,,,,,N,4,0,1,2,A,-,09,21802,A,N,D,C,A,A,H,-,A,A,0,,,,,Y,,-,,0,0,1,0,0,0,0,0,0,"- ","- ",34.4221,-119.4228,"SANTA BARBARA","SANTA BARBARA",-119.70800989999999,34.422180099999999
8059540,2016,2016-06-16,4203,2016-05-28,1551,7187,,6,5,5,4203,0,0,0,,0,005,"STATE ST","CALLE LAURELES",20.00,N,N,A,-,N,,,,,,,,,,N,3,0,1,2,A,-,03,22350,,N,C,C,A,A,H,-,A,A,0,,,,,Y,,-,,0,1,0,0,0,0,0,0,0,"- ","- ",34.262430000000002,-119.43407000000001,"SANTA BARBARA","SANTA BARBARA",-119.72815,34.440370000000001
8059544,2016,2016-06-16,4203,2016-05-24,1459,6700,11,2,5,5,4203,0,0,0,,0,002,"COAST VILLAGE RD","ELIZABETH ST",8.00,E,N,A,B,N,,,,,,,,,,Y,4,0,1,2,A,-,09,21801,A,N,D,C,A,A,H,-,A,D,0,,,,,Y,,A,07,0,0,1,0,0,0,0,0,0,"- ","- ",34.421129999999998,-119.6426,"SANTA BARBARA","SANTA BARBARA",-119.64262494,34.421137160000001
8059548,2016,2016-06-16,4203,2016-05-23,1257,5751,31,1,5,5,4203,0,0,0,,0,004,"DE LA VINA ST","W ORTEGA ST",0.00,,Y,A,-,N,,,,,,,,,,Y,4,0,1,2,A,-,08,22100,B,N,B,C,A,A,H,-,A,D,0,,,,,Y,,A,07,0,0,1,0,0,0,0,0,0,"- ","- ",34.416559999999997,-119.70031,"SANTA BARBARA","SANTA BARBARA",-119.70031996,34.416540009999999
8059552,2016,2016-06-16,4203,2016-05-30,1700,2399,,1,5,5,4203,0,0,0,,0,001,"MOUNTAIN DR","TREMONTO RD",270.00,N,N,A,-,N,,,,,,,,,,,2,0,1,1,A,-,01,23152,A,N,H,I,A,A,H,-,A,D,0,,,,,Y,Y,-,,1,0,0,0,0,0,0,0,0,"- ","- ",,,"SANTA BARBARA","SANTA BARBARA",-119.7054859,34.445040579999997
8059858,2016,2016-06-14,4203,2016-06-01,0012,23136,SBSC,3,5,5,4203,0,0,0,,0,0V1,"HOLLISTER AV","HARTLEY PL",53.00,W,N,B,-,N,,,,,,,,,,Y,3,0,3,1,A,-,01,23152,A,N,-,-,A,A,H,-,D,D,0,,,,,Y,Y,A,01,0,3,0,0,0,0,0,0,0,"- ","- ",34.25591,-119.50207,"SANTA BARBARA","SANTA BARBARA",-119.83875839,34.433378589999997
8059907,2016,2016-08-29,4203,2016-05-24,1610,6983,,2,5,5,4203,0,0,0,,0,002,"COAST VILLAGE RD","CABRILLO BL",0.00,,Y,B,-,N,,,,,,,,,,N,4,0,1,2,A,-,09,21803,,N,B,C,A,A,H,-,A,A,0,,,,,Y,,-,,0,0,1,0,0,0,0,0,0,"- ","- ",34.252200000000002,-119.39700000000001,"SANTA BARBARA","SANTA BARBARA",-119.6538199,34.422920070000004
8038923,2016,2017-02-18,4204,2016-04-30,1618,90373,34,6,5,5,4204,0,0,0,,0,002,BROADWAY,"MAIN ST",0.00,,Y,A,-,Y,SB,5,135,-,-,15.780,H,-,S,N,4,0,1,2,A,-,03,22350,,N,C,C,A,A,H,-,A,A,0,,,,,Y,,A,01,0,0,1,0,0,0,0,0,0,"- ","- ",34.953139999999998,-120.43586000000001,"SANTA BARBARA","SANTA MARIA",-120.43595946000001,34.953193849999998
8039596,2016,2016-05-13,4203,2016-04-27,1123,6700,44,3,5,5,4203,0,0,0,,0,003,"SANTA BARBARA ST","ORTEGA ST",0.00,,Y,A,-,N,,,,,,,,,,Y,4,0,1,2,A,-,03,22350,,N,C,C,A,A,H,-,A,A,0,,,,,Y,,A,07,0,0,1,0,0,0,0,0,0,"- ","- ",34.420780000000001,-119.69580000000001,"SANTA BARBARA","SANTA BARBARA",-119.69577990000001,34.420810080000003
8039600,2016,2016-05-13,4203,2016-04-28,1330,6983,,4,5,5,4203,0,0,0,,0,001,"BOND AV","MILPAS ST",150.00,W,N,A,-,N,,,,,,,,,,N,3,0,3,3,A,-,17,22517,,N,A,C,A,A,H,-,A,A,0,,,,,Y,,-,,0,2,1,0,0,0,0,0,0,"- ","- ",34.255740000000003,-119.41175,"SANTA BARBARA","SANTA BARBARA",-119.68631574,34.426488939999999
8039601,2016,2017-02-14,4203,2016-04-30,0820,22854,4203,6,5,5,4203,0,0,0,,0,006,"CLIFF DR","MEIGS RD",135.00,W,N,A,-,Y,SB,5,225,-,-,2.740,H,-,W,N,3,0,1,2,D,-,00,,,F,G,B,C,A,H,-,A,D,0,Y,,,,Y,,-,"- ",0,1,0,0,1,0,0,0,0,"- ","- ",34.240659999999998,-119.43226,"SANTA BARBARA","SANTA BARBARA",-119.72259462,34.401647560000001
8039605,2016,2016-05-13,4203,2016-04-30,1645,23135,SBSC,6,5,5,4203,0,0,0,,0,004,"W HALEY ST","FIG AV",0.00,,Y,A,-,N,,,,,,,,,,N,4,0,1,2,A,-,07,21658,A,N,B,C,A,A,H,-,A,D,0,,,,,Y,,-,,0,0,1,0,0,0,0,0,0,"- ","- ",34.416339999999998,-119.69602999999999,"SANTA BARBARA","SANTA BARBARA",-119.69605998,34.416300059999998
8039609,2016,2016-05-13,4203,2016-04-25,1435,6700,35,1,5,5,4203,0,0,0,,0,004,"CHAPALA ST","MISSION ST",0.00,,Y,A,-,N,,,,,,,,,,Y,3,0,1,2,A,-,12,21453,A,N,D,C,A,A,H,-,A,A,0,,,,,Y,,A,01,0,1,0,0,0,0,0,0,0,"- ","- ",34.429740000000002,-119.71585,"SANTA BARBARA","SANTA BARBARA",-119.71579995,34.429790079999997
8040162,2016,2016-05-13,4203,2016-05-01,1724,2399,,7,5,5,4203,0,0,0,,0,004,"BATH ST","HALEY ST",48.00,S,N,A,-,N,,,,,,,,,,N,4,0,1,3,A,-,03,22350,,N,C,C,A,A,H,-,A,A,0,,,,,Y,,A,01,0,0,1,0,0,0,0,0,0,"- ","- ",34.25311,-119.42019999999999,"SANTA BARBARA","SANTA BARBARA",-119.69879609,34.413527389999999
8040170,2016,2016-05-13,4203,2016-05-03,1116,6700,44,2,5,5,4203,0,0,0,,0,003,"SANTA BARBARA ST","ORTEGA ST",6.00,N,N,A,B,N,,,,,,,,,,N,2,0,1,2,A,-,10,21950,A,N,G,B,B,A,H,-,A,A,0,Y,,,,Y,,A,01,1,0,0,0,1,0,0,0,0,"- ","- ",34.420859999999998,-119.69584999999999,"SANTA BARBARA","SANTA BARBARA",-119.69579498,34.420820829999997
8040174,2016,2016-05-13,4203,2016-05-06,2027,3626,,5,5,5,4203,0,0,0,,0,002,"CLIFF DR","RANCHERIA ST",528.00,W,N,A,-,N,,,,,,,,,,N,2,0,1,1,D,-,00,,,N,F,I,A,A,H,-,C,D,0,,,Y,,Y,Y,-,"- ",1,0,0,0,0,0,0,0,1,"- ","- ",34.242829999999998,-119.41549999999999,"SANTA BARBARA","SANTA BARBARA",-119.69882837999999,34.40830236
8040198,2016,2016-05-13,4203,2016-05-01,2244,23136,SB50,7,5,5,4203,0,0,0,,0,002,"EAST CABRILLO BL","NINOS ST",1554.00,W,N,A,-,N,,,,,,,,,,Y,4,0,1,2,A,-,03,22350,,F,B,C,A,A,H,-,C,D,0,,,,,Y,Y,A,01,0,0,1,0,0,0,0,0,0,"- ","- ",34.25694,-119.39453,"SANTA BARBARA","SANTA BARBARA",-119.67247779,34.41672449
8040206,2016,2016-05-13,4203,2016-05-05,1643,7570,43,4,5,5,4203,0,0,0,,0,001,"E HALEY ST","OLIVE ST",185.00,E,N,A,-,N,,,,,,,,,,Y,4,0,2,2,A,-,03,22350,,F,C,C,A,A,H,-,A,A,0,,,,,Y,,D,22,0,0,2,0,0,0,0,0,0,"- ","- ",34.422699999999999,-119.6892,"SANTA BARBARA","SANTA BARBARA",-119.68942366,34.422520290000001
8059911,2016,2016-08-29,4203,2016-05-31,0836,5751,55,2,5,5,4203,0,0,0,,0,005,"STATE ST","RT 101",300.00,E,N,A,-,N,,,,,,,,,,Y,4,0,1,2,A,-,09,21804,A,N,D,C,A,A,H,-,A,D,0,,,,,Y,,A,01,0,0,1,0,0,0,0,0,0,"- ",NF,34.440359999999998,-119.75302000000001,"SANTA BARBARA","SANTA BARBARA",-119.75555,34.440300000000001
8059919,2016,2017-02-18,4203,2016-05-28,1545,7897,51,6,5,5,4203,0,0,0,,0,005,"FOOTHILL RD","CALLE LAURELES",15.00,N,N,A,-,Y,SB,5,192,-,-,2.210,H,-,E,Y,3,0,3,3,A,-,03,22350,,N,C,C,A,A,H,-,A,A,0,,,,,Y,,A,01,0,1,2,0,0,0,0,0,0,"- ","- ",34.447980000000001,-119.72826999999999,"SANTA BARBARA","SANTA BARBARA",-119.72829987,34.447992470000003
8060321,2016,2016-06-14,4204,2016-05-23,1423,90338,,1,5,5,4204,0,0,0,,0,001,"POLK ST","CURRYER ST",0.00,,Y,A,-,N,,,,,,,,,,Y,4,0,1,2,A,-,09,21800,B,N,D,C,A,A,H,-,A,D,0,,,,,Y,,A,01,0,0,1,0,0,0,0,0,0,"- ","- ",34.974379999999996,-120.44082,"SANTA BARBARA","SANTA MARIA",-120.44067995,34.974250089999998
8060352,2016,2016-06-14,4204,2016-06-06,1925,90322,40,1,5,5,4204,0,0,0,,0,002,"WESTERN AV","CHURCH ST",0.00,,Y,A,-,N,,,,,,,,,,Y,3,0,2,2,A,-,09,21802,A,N,D,C,A,A,H,-,A,A,0,,,Y,,Y,,A,01,0,1,1,0,0,0,0,0,1,"- ","- ",34.952010000000001,-120.44936,"SANTA BARBARA","SANTA MARIA",-120.44932998,34.952220050000001
8060499,2016,2016-06-15,4204,2016-05-24,1541,23240,11,2,5,5,4204,0,0,0,,0,001,"DONOVAN RD","CARLOTTI DR",200.00,E,N,A,-,N,,,,,,,,,,N,4,0,1,2,A,-,03,22350,,N,C,C,A,A,H,-,A,A,0,,,,,Y,,A,01,0,0,1,0,0,0,0,0,0,"- ","- ",34.968029999999999,-120.42066,"SANTA BARBARA","SANTA MARIA",-120.42003284,34.96763
8060536,2016,2016-06-15,4204,2016-05-12,1602,21338,,4,5,5,4204,0,0,0,,0,,"BRADLEY RD","STOWELL RD",150.00,N,N,A,-,N,,,,,,,,,,N,4,0,1,2,A,-,05,21202,A,N,H,G,A,A,H,-,A,A,0,,Y,,,Y,,L,04,0,0,1,0,0,0,1,0,0,"- ","- ",34.938299999999998,-120.41945,"SANTA BARBARA","SANTA MARIA",-120.41948247000001,34.938727419999999
8060540,2016,2016-06-15,4204,2016-05-12,0722,21338,049,4,5,5,4204,0,0,0,,0,002,"NICHOLSON AV","MAIN ST",150.00,S,N,B,-,N,,,,,,,,,,N,4,0,1,2,A,-,05,21202,A,N,H,G,A,A,H,-,A,A,0,,Y,,,Y,,L,04,0,0,1,0,0,0,1,0,0,"- ","- ",34.95308,-120.41633,"SANTA BARBARA","SANTA MARIA",-120.41640954,34.952569279999999
8060544,2016,2016-06-15,4204,2016-05-18,1229,21338,076,3,5,5,4204,0,0,0,,0,003,"BRADLEY RD","BETTERAVIA RD",560.00,N,N,A,-,N,,,,,,,,,,N,2,0,1,2,A,-,05,21651,A,N,A,C,A,A,H,-,A,A,0,,,Y,,Y,,C,02,1,0,0,0,0,0,0,0,1,"- ","- ",,,"SANTA BARBARA","SANTA MARIA",-120.42207000000001,34.923740000000002
8061767,2016,2017-02-18,4204,2016-05-15,2051,90364,081,7,5,5,4204,0,0,0,,0,B03,"MCCOY LN",BROADWAY,0.00,,Y,A,-,Y,SB,5,135,-,-,13.260,I,5,S,Y,3,0,1,2,A,-,12,21453,A,N,D,C,A,A,H,-,C,A,0,,,,,Y,,A,01,0,1,0,0,0,0,0,0,0,"- ","- ",34.916670000000003,-120.43615,"SANTA BARBARA","SANTA MARIA",-120.43610162,34.916664820000001
8061795,2016,2017-02-18,4204,2016-05-31,1812,90322,86,2,5,5,4204,0,0,0,,0,003,"SKYWAY DR","RT 135",20.00,N,N,A,-,Y,SB,5,135,-,-,11.740,H,-,S,N,3,0,3,2,A,-,01,23153,A,N,C,C,A,A,H,-,A,A,0,,,,,Y,Y,A,01,0,3,0,0,0,0,0,0,0,"- ","- ",,,"SANTA BARBARA","SANTA MARIA",-120.43663367000001,34.894656380000001
8062588,2016,2016-06-14,4204,2016-05-29,1650,90377,04,7,5,5,4204,0,0,0,,0,001,"TAYLOR ST","CURRYER ST",0.00,,Y,A,-,N,,,,,,,,,,Y,4,0,1,2,A,-,03,22350,,N,C,C,A,A,H,-,A,A,0,,,,,Y,,D,22,0,0,1,0,0,0,0,0,0,"- ","- ",34.975119999999997,-120.44081,"SANTA BARBARA","SANTA MARIA",-120.44068996,34.975020039999997
8041641,2016,2016-05-26,4204,2016-04-15,2109,90268,73,5,5,5,4204,0,0,0,,0,003,"SONYA LN","WESTERN AV",0.00,,Y,A,-,N,,,,,,,,,,N,3,0,1,2,A,-,10,21950,A,N,G,B,B,A,H,-,C,A,0,Y,,,,Y,,A,01,0,1,0,0,1,0,0,0,0,"- ","- ",34.927779999999998,-120.44928,"SANTA BARBARA","SANTA MARIA",-120.44949995,34.927799999999998
8041683,2016,2017-02-18,4203,2016-05-14,1338,3843,30,6,5,5,4203,0,0,0,,0,004,"MISSION ST","RT 101",96.00,W,N,A,-,Y,SB,5,101,-,R,15.860,R,4,N,N,4,0,1,2,A,-,03,22350,,N,C,C,A,A,H,-,A,A,0,,,,,Y,,A,01,0,0,1,0,0,0,0,0,0,"- ",NO,,,"SANTA BARBARA","SANTA BARBARA",-119.72218999,34.426047570000001
8041687,2016,2016-05-27,4203,2016-05-15,0745,3843,4203,7,5,5,4203,0,0,0,,0,002,"CABRILLO BL","CHAPALA ST",180.00,W,N,A,-,N,,,,,,,,,,Y,4,0,1,2,A,-,08,22107,,N,D,C,A,A,H,-,A,D,0,,,,,Y,,-,,0,0,1,0,0,0,0,0,0,"- ","- ",,,"SANTA BARBARA","SANTA BARBARA",-119.69079922,34.410885010000001
8041691,2016,2016-06-22,4203,2016-05-11,0230,22857,,3,5,5,4203,0,0,0,,0,001,"LAS ALTURAS RD","RINCON VISTA RD",120.00,N,N,A,-,N,,,,,,,,,,Y,4,0,1,1,A,-,00,23103,A,M,F,A,A,A,H,-,D,D,0,,,,,Y,,-,,0,0,1,0,0,0,0,0,0,"- ","- ",34.261499999999998,-119.4051,"SANTA BARBARA","SANTA BARBARA",-119.6811246,34.43759515
8041695,2016,2016-05-26,4203,2016-05-12,1830,2059,,4,5,5,4203,0,0,0,,0,004,"DIBLEE AV","CASTILLO ST",210.00,W,N,A,-,N,,,,,,,,,,N,2,0,1,2,A,-,09,21804,A,N,D,G,A,A,H,-,A,A,0,,Y,,,Y,,L,04,1,0,0,0,0,0,1,0,0,"- ","- ",34.244880000000002,-119.42077999999999,"SANTA BARBARA","SANTA BARBARA",-119.70235738,34.413568429999998
8041699,2016,2016-05-26,4203,2016-05-10,1632,5751,44,2,5,5,4203,0,0,0,,0,003,"ANACAPA ST","E CANON PERDIDO ST",0.00,,Y,A,-,N,,,,,,,,,,N,2,0,1,2,A,-,03,22350,,N,H,G,A,A,H,-,A,A,0,,Y,,,Y,,L,04,1,0,0,0,0,0,1,0,0,"- ","- ",34.421559999999999,-119.69943000000001,"SANTA BARBARA","SANTA BARBARA",-119.6993899,34.421640060000001
8041703,2016,2017-02-21,4203,2016-05-05,0749,5751,58,4,5,5,4203,0,0,0,,0,005,"FOOTHILL RD","CALLE LAURELES",0.00,,Y,A,-,Y,SB,5,192,-,-,2.210,H,-,E,Y,2,0,1,2,A,-,03,22350,,N,C,C,A,A,H,-,A,D,0,,,Y,,Y,,C,02,1,0,0,0,0,0,0,0,1,"- ","- ",34.447969999999998,-119.7283,"SANTA BARBARA","SANTA BARBARA",-119.72829987,34.447992470000003
8041715,2016,2017-02-18,4203,2016-05-17,1620,6983,,2,5,5,4203,0,0,0,,0,002,"CASTILLO ST","RT 101",15.00,N,N,A,-,Y,SB,5,101,-,R,14.340,R,4,S,Y,4,0,1,1,A,-,03,22350,,N,F,J,A,B,-,-,A,A,0,,,Y,,Y,,C,02,0,0,1,0,0,0,0,0,1,"- ",SF,34.243699999999997,-119.4148,"SANTA BARBARA","SANTA BARBARA",-119.70202696,34.412495569999997
8042057,2016,2016-06-01,4203,2016-05-13,1428,5751,30,5,5,5,4203,0,0,0,,0,004,"DE LA VINA ST","W COTA ST",0.00,,Y,A,-,N,,,,,,,,,,Y,3,0,1,2,A,-,08,22100,B,N,D,C,A,A,H,-,A,D,0,,,,,Y,,A,07,0,1,0,0,0,0,0,0,0,"- ","- ",34.415649999999999,-119.69911999999999,"SANTA BARBARA","SANTA BARBARA",-119.6990699,34.415620109999999
8042092,2016,2016-06-02,4203,2016-05-18,1835,5086,,3,5,5,4203,0,0,0,,0,004,"CASTILLO ST","VALERIO ST",0.00,,Y,A,-,N,,,,,,,,,,N,4,0,1,2,A,-,09,21802,A,N,D,C,A,A,H,-,A,D,0,,,,,Y,,-,,0,0,1,0,0,0,0,0,0,"- ","- ",34.25262,-119.42556999999999,"SANTA BARBARA","SANTA BARBARA",-119.71534991999999,34.42387007
8042096,2016,2016-06-02,4203,2016-05-19,1224,5751,52,4,5,5,4203,0,0,0,,0,005,"N LA CUMBRE RD","MARICOPA DR",40.00,N,N,A,-,N,,,,,,,,,,N,3,0,2,2,A,-,03,22350,,N,C,C,A,A,H,-,A,D,0,,,,,Y,,A,01,0,1,1,0,0,0,0,0,0,"- ","- ",34.442889999999998,-119.75112,"SANTA BARBARA","SANTA BARBARA",-119.75109,34.442819829999998
8042176,2016,2016-06-08,4203,2016-04-11,2020,3197,,1,5,5,4203,0,0,0,,0,003,"E MICHELTORENA ST","GARDEN ST",99.00,W,N,A,-,N,,,,,,,,,,N,4,0,1,3,A,-,08,22107,,N,B,E,E,A,H,-,C,D,0,Y,,,,Y,,-,,0,0,1,0,1,0,0,0,0,"- ","- ",34.254399999999997,-119.4218,"SANTA BARBARA","SANTA BARBARA",-119.70511079000001,34.429148959999999
8068483,2016,2016-06-22,4203,2016-06-18,2201,6577,,6,5,5,4203,0,0,0,,0,001,"OLIVE ST","CARILLO ST",270.00,S,N,A,-,N,,,,,,,,,,Y,3,0,1,2,A,-,08,22107,,N,F,E,A,A,H,-,C,D,0,,,,,Y,Y,-,,0,1,0,0,0,0,0,0,0,"- ","- ",34.42586,-119.64501,"SANTA BARBARA","SANTA BARBARA",-119.69553237,34.426355979999997