CASE_ID,ACCIDENT_YEAR,PROC_DATE,JURIS,COLLISION_DATE,COLLISION_TIME,OFFICER_ID,REPORTING_DISTRICT,DAY_OF_WEEK,CHP_SHIFT,POPULATION,CNTY_CITY_LOC,SPECIAL_COND,BEAT_TYPE,CHP_BEAT_TYPE,CITY_DIVISION_LAPD,CHP_BEAT_CLASS,BEAT_NUMBER,PRIMARY_RD,SECONDARY_RD,DISTANCE,DIRECTION,INTERSECTION,WEATHER_1,WEATHER_2,STATE_HWY_IND,CALTRANS_COUNTY,CALTRANS_DISTRICT,STATE_ROUTE,ROUTE_SUFFIX,POSTMILE_PREFIX,POSTMILE,LOCATION_TYPE,RAMP_INTERSECTION,SIDE_OF_HWY,TOW_AWAY,COLLISION_SEVERITY,NUMBER_KILLED,NUMBER_INJURED,PARTY_COUNT,PRIMARY_COLL_FACTOR,PCF_CODE_OF_VIOL,PCF_VIOL_CATEGORY,PCF_VIOLATION,PCF_VIOL_SUBSECTION,HIT_AND_RUN,TYPE_OF_COLLISION,MVIW,PED_ACTION,ROAD_SURFACE,ROAD_COND_1,ROAD_COND_2,LIGHTING,CONTROL_DEVICE,CHP_ROAD_TYPE,PEDESTRIAN_ACCIDENT,BICYCLE_ACCIDENT,MOTORCYCLE_ACCIDENT,TRUCK_ACCIDENT,NOT_PRIVATE_PROPERTY,ALCOHOL_INVOLVED,STWD_VEHTYPE_AT_FAULT,CHP_VEHTYPE_AT_FAULT,COUNT_SEVERE_INJ,COUNT_VISIBLE_INJ,COUNT_COMPLAINT_PAIN,COUNT_PED_KILLED,COUNT_PED_INJURED,COUNT_BICYCLIST_KILLED,COUNT_BICYCLIST_INJURED,COUNT_MC_KILLED,COUNT_MC_INJURED,PRIMARY_RAMP,SECONDARY_RAMP,LATITUDE,LONGITUDE,COUNTY,CITY,POINT_X,POINT_Y
8068487,2016,2016-06-22,4203,2016-06-17,2145,6972,,5,5,5,4203,0,0,0,,0,004,"WEST CARILLO ST","DE LA VINA ST",0.00,,Y,A,-,N,,,,,,,,,,Y,2,0,2,2,A,-,01,23153,,N,C,C,A,A,H,-,C,A,0,,,,,Y,Y,-,,1,0,1,0,0,0,0,0,0,"- ","- ",34.251370000000001,-119.42101,"SANTA BARBARA","SANTA BARBARA",-119.70413992,34.419350080000001
8068491,2016,2016-06-22,4203,2016-06-08,0958,5751,36,3,5,5,4203,0,0,0,,0,005,"DE LA VINA ST","WEST PUEBLO ST",0.00,,Y,A,-,N,,,,,,,,,,Y,3,0,3,2,A,-,09,21802,A,N,D,C,A,A,H,-,A,D,0,,,,,Y,,A,01,0,2,1,0,0,0,0,0,0,"- ","- ",34.431649999999998,-119.72067,"SANTA BARBARA","SANTA BARBARA",-119.72067991999999,34.431650040000001
8068495,2016,2016-06-22,4203,2016-06-14,1849,22856,,2,5,5,4203,0,0,0,,0,003,"EAST COTA ST","ANACAPA ST",75.00,W,N,A,-,N,,,,,,,,,,Y,4,0,1,2,A,-,09,21804,A,N,-,C,A,A,H,-,A,A,0,,,,,Y,,-,,0,0,1,0,0,0,0,0,0,"- ","- ",34.250599999999999,-119.4145,"SANTA BARBARA","SANTA BARBARA",-119.69578303999999,34.418704599999998
8068499,2016,2016-06-22,4203,2016-06-18,0747,7897,56,6,5,5,4203,0,0,0,,0,005,"CALLE REAL","DE PAUL DR",0.00,,Y,A,-,N,,,,,,,,,,Y,4,0,2,2,A,-,03,22350,,N,C,C,A,A,H,-,A,A,0,,,,,Y,,A,01,0,0,2,0,0,0,0,0,0,"- ","- ",34.441360000000003,-119.76338,"SANTA BARBARA","SANTA BARBARA",-119.76336986,34.441350100000001
8068503,2016,2016-06-22,4203,2016-06-12,1350,23889,,7,5,5,4203,0,0,0,,0,001,"SOUTH SALINAS ST",PITOS,117.00,S,N,A,-,N,,,,,,,,,,Y,4,0,2,3,A,-,21,22106,,N,D,C,A,A,H,-,A,D,0,,,,,Y,,-,,0,0,2,0,0,0,0,0,0,"- ","- ",34.251800000000003,-119.3959,"SANTA BARBARA","SANTA BARBARA",-119.66663328999999,34.421993800000003
8068507,2016,2016-06-22,4203,2016-06-13,2243,6535,4203,1,5,5,4203,0,0,0,,0,002,"MONTECITO ST","CHAPALA ST",360.00,W,N,A,-,N,,,,,,,,,,N,3,0,1,2,A,-,11,21954,A,N,G,B,D,A,H,-,C,D,0,Y,,,,Y,,N,60,0,1,0,0,1,0,0,0,0,"- ","- ",34.244759999999999,-119.4141,"SANTA BARBARA","SANTA BARBARA",-119.69481675,34.41319713
8068509,2016,2016-06-23,4203,2016-06-17,1607,7897,56,5,5,5,4203,0,0,0,,0,005,"CALLE REAL","WYE RD",375.00,E,N,A,-,N,,,,,,,,,,Y,3,0,6,3,A,-,03,22350,,N,C,C,A,A,H,-,A,A,0,,,,,Y,,A,01,0,1,5,0,0,0,0,0,0,"- ","- ",34.441009999999999,-119.75561999999999,"SANTA BARBARA","SANTA BARBARA",-119.75550029,34.440943920000002
8068511,2016,2017-02-04,4203,2016-06-12,1400,6983,,7,5,5,4203,0,0,0,,0,002,"CASTILLO ST","RT 101",32.00,N,N,B,-,Y,SB,5,101,-,R,14.340,R,4,S,N,3,0,1,1,A,-,03,22350,,N,F,G,A,B,G,-,A,A,0,,Y,,,Y,,L,04,0,1,0,0,0,0,1,0,0,"- ",SF,34.247140000000002,-119.41934999999999,"SANTA BARBARA","SANTA BARBARA",-119.70202696,34.412495569999997
8068515,2016,2016-06-29,4203,2016-06-10,1319,22854,,5,5,5,4203,0,0,0,,0,004,"DE LA VINA ST","WEST VALERIO ST",0.00,,Y,A,-,N,,,,,,,,,,N,4,0,1,2,A,-,08,22100,B,N,C,C,A,A,H,-,A,D,0,,,,,Y,,-,,0,0,1,0,0,0,0,0,0,"- ","- ",34.253329999999998,-119.42473,"SANTA BARBARA","SANTA BARBARA",-119.71312999,34.425910000000002
8048811,2016,2017-02-18,4204,2016-05-17,2030,90242,,2,5,5,4204,0,0,0,,0,001,BROADWAY,"AGNES AV",0.00,,Y,A,-,Y,SB,5,135,-,-,16.530,H,-,N,Y,3,0,2,2,A,-,04,21703,,N,C,C,A,A,H,-,C,D,0,,,,,Y,,A,01,0,1,1,0,0,0,0,0,0,"- ","- ",34.96414,-120.43558,"SANTA BARBARA","SANTA MARIA",-120.43566505,34.963982020000003
8049014,2016,2016-06-02,4202,2016-05-21,1514,295,LOMPO,6,5,4,4202,0,0,0,,0,,"L ST","W COLLEGE AV",66.00,S,N,-,-,N,,,,,,,,,,N,4,0,1,2,A,-,09,21804,A,N,D,C,A,A,H,-,A,D,0,,Y,,,Y,,L,04,0,0,1,0,0,0,1,0,0,"- ","- ",,,"SANTA BARBARA",LOMPOC,-120.4629,34.646888709999999
8049018,2016,2017-02-14,4202,2016-05-20,1504,295,LOMPO,5,5,4,4202,0,0,0,,0,,"RT 1","NORTH AV",98.00,N,N,A,-,Y,SB,5,1,-,-,21.590,H,-,S,N,4,0,1,3,A,-,03,22350,,N,C,C,A,A,H,-,A,A,0,,,,,Y,,D,22,0,0,1,0,0,0,0,0,0,"- ","- ",,,"SANTA BARBARA",LOMPOC,-120.45778443,34.65386161
8049059,2016,2017-02-14,4202,2016-05-20,1035,235,,5,5,4,4202,0,0,0,,0,,"RT 1","NORTH AV",127.00,S,N,A,-,Y,SB,5,1,-,-,21.550,H,-,S,N,4,0,1,2,A,-,03,22350,,N,C,C,A,A,H,-,A,D,0,,,,,Y,,A,01,0,0,1,0,0,0,0,0,0,"- ","- ",,,"SANTA BARBARA",LOMPOC,-120.45780112,34.653280879999997
8049619,2016,2017-02-18,4200,2016-05-30,0948,4781,6,1,5,2,4206,0,0,0,,0,,"MISSION DR","ALISAL RD",0.00,,Y,A,-,Y,SB,5,246,-,-,29.660,I,5,E,N,4,0,1,2,A,-,10,21950,A,N,G,B,B,A,H,-,A,A,0,Y,,,,Y,,A,01,0,0,1,0,1,0,0,0,0,"- ","- ",,,"SANTA BARBARA",SOLVANG,-120.13802097999999,34.595988769999998
8049687,2016,2016-06-07,4200,2016-05-20,1245,3934,11,5,5,2,4206,0,0,0,,0,,"MISSION DR","ATTERDAG RD",86.00,W,N,A,-,N,,,,,,,,,,Y,4,0,1,2,A,-,03,22350,,N,C,C,A,A,H,-,A,A,0,,,,,Y,,A,01,0,0,1,0,0,0,0,0,0,"- ","- ",,,"SANTA BARBARA",SOLVANG,-120.14209562000001,34.596040000000002
8051138,2016,2016-06-02,4202,2016-04-30,1806,00080,LOMPO,6,5,4,4202,0,0,0,,0,,"T ST","OLIVE AV",0.00,,Y,A,-,N,,,,,,,,,,Y,3,0,1,1,A,-,03,22350,,N,E,J,A,A,H,-,A,D,0,,,,,Y,,A,01,0,1,0,0,0,0,0,0,0,"- ","- ",,,"SANTA BARBARA",LOMPOC,-120.47268998,34.634150069999997
8052513,2016,2016-06-08,4203,2016-03-26,0003,6972,,6,5,5,4203,0,0,0,,0,004,"STATE ST","CANON PERDIDO ST",96.00,S,N,A,-,N,,,,,,,,,,N,4,0,1,2,A,-,21,22106,,N,C,C,A,A,H,-,C,A,0,,,,,Y,,-,,0,0,1,0,0,0,0,0,0,"- ","- ",34.251280000000001,-119.42008,"SANTA BARBARA","SANTA BARBARA",-119.70035908,34.420347909999997
8054344,2016,2016-06-20,4204,2016-05-27,2115,90323,16,5,5,5,4204,0,0,0,,0,001,"ALVIN AV","MCCLELLAND ST",0.00,,Y,A,-,N,,,,,,,,,,Y,4,0,1,2,A,-,01,23152,A,N,A,C,A,A,H,-,C,D,0,,,,,Y,Y,A,01,0,0,1,0,0,0,0,0,0,"- ","- ",34.960439999999998,-120.43416000000001,"SANTA BARBARA","SANTA MARIA",-120.43413993999999,34.960430080000002
8054489,2016,2016-06-21,4203,2016-06-03,1323,2720,,5,5,5,4203,0,0,0,,0,004,"W ORTEGA ST","BRADBURY AV",30.00,E,N,A,-,N,,,,,,,,,,N,4,0,1,2,A,-,03,22350,,N,C,C,A,A,H,-,A,B,0,,,,,Y,,-,,0,0,1,0,0,0,0,0,0,"- ","- ",34.417230000000004,-119.69956000000001,"SANTA BARBARA","SANTA BARBARA",-119.69964586,34.41717293
8080571,2016,2017-02-24,4202,2016-07-07,1311,292,,4,5,4,4202,0,0,0,,0,,"RT 1","CENTRAL AV",1200.00,N,N,A,-,Y,SB,5,1,-,-,22.300,H,-,S,Y,4,0,1,2,A,-,09,21801,A,N,D,C,A,A,H,-,A,A,0,,,,,Y,,A,01,0,0,1,0,0,0,0,0,0,"- ","- ",,,"SANTA BARBARA",LOMPOC,-120.45781879,34.664151869999998
8080583,2016,2016-07-27,4204,2016-07-16,0502,90375,60,6,5,5,4204,0,0,0,,0,003,"BLOSSER RD","PERSHING ST",55.00,S,N,B,-,N,,,,,,,,,,Y,4,0,2,2,A,-,09,21804,A,N,D,C,A,D,H,-,A,A,0,,,,,Y,,A,01,0,0,2,0,0,0,0,0,0,"- ","- ",34.941000000000003,-120.45417,"SANTA BARBARA","SANTA MARIA",-120.45381999999999,34.940928929999998
8062610,2016,2017-02-04,4204,2016-06-06,1739,90322,5,1,5,5,4204,0,0,0,,0,001,BROADWAY,"PREISKER LN",600.00,N,N,A,-,Y,SB,5,135,-,-,17.680,I,5,S,Y,3,0,3,2,A,-,09,21802,A,N,D,C,A,A,H,-,A,A,0,,,,,Y,,A,01,0,1,2,0,0,0,0,0,0,"- ","- ",,,"SANTA BARBARA","SANTA MARIA",-120.43297375,34.98019189
8062908,2016,2016-09-29,4204,2016-09-19,1742,90268,9,1,5,5,4204,0,0,0,,0,001,"RAILROAD AV","CRESTON ST",0.00,,Y,A,-,N,,,,,,,,,,Y,4,0,1,3,A,-,03,22350,,N,C,C,A,A,H,-,A,A,0,,,,,Y,,A,01,0,0,1,0,0,0,0,0,0,"- ","- ",34.971220000000002,-120.44477999999999,"SANTA BARBARA","SANTA MARIA",-120.44444986000001,34.971390079999999
8063363,2016,2016-06-15,4203,2016-06-03,2120,3849,,5,5,5,4203,0,0,0,,0,001,"MONTECITO ST","MILPAS ST",0.00,,Y,A,-,N,,,,,,,,,,Y,4,0,1,2,D,-,00,,,F,A,C,A,A,H,-,C,A,0,,,,,Y,Y,-,"- ",0,0,1,0,0,0,0,0,0,"- ","- ",,,"SANTA BARBARA","SANTA BARBARA",-119.68280987999999,34.424460009999997
8063490,2016,2016-06-28,4203,2016-05-31,1615,3510,,2,5,5,4203,0,0,0,,0,004,"CASTILLO ST","CARRILLO ST",78.00,N,N,B,-,N,,,,,,,,,,N,4,0,1,2,A,-,03,22350,,N,C,C,A,A,H,-,A,A,0,,,,,Y,,-,,0,0,1,0,0,0,0,0,0,"- ","- ",34.250219999999999,-119.42233,"SANTA BARBARA","SANTA BARBARA",-119.70654493000001,34.417400600000001
8063524,2016,2016-06-29,4203,2016-06-03,1901,3626,,5,5,5,4203,0,0,0,,0,005,"N HOPE AV","STATE ST",54.00,N,N,A,-,N,,,,,,,,,,N,4,0,2,2,A,-,03,22350,,N,C,C,A,A,H,-,A,A,0,,,,,Y,,-,,0,0,2,0,0,0,0,0,0,"- ","- ",34.4407,-119.7467,"SANTA BARBARA","SANTA BARBARA",-119.74672,34.440628269999998
8063528,2016,2017-02-04,4203,2016-06-08,0608,6967,,3,5,5,4203,0,0,0,,0,002,"RT 101","EAST CABRILLO BL",0.00,,Y,B,-,Y,SB,5,101,-,-,11.240,R,4,N,Y,4,0,1,1,A,-,03,22350,,N,E,I,A,A,H,-,A,A,0,,,,,Y,,-,,0,0,1,0,0,0,0,0,0,"- ","- ",34.383600000000001,-119.6823,"SANTA BARBARA","SANTA BARBARA",-119.65164271,34.421749370000001
8063532,2016,2016-06-16,4203,2016-06-08,1336,7897,53,3,5,5,4203,0,0,0,,0,005,"LAS POSITAS RD","SAN ONOFRE ST",228.00,S,N,A,-,N,,,,,,,,,,N,2,0,1,1,A,-,03,22350,,N,E,I,A,A,H,-,A,A,0,,Y,,,Y,,L,04,1,0,0,0,0,0,1,0,0,"- ","- ",34.255400000000002,-119.441,"SANTA BARBARA","SANTA BARBARA",-119.73365200000001,34.431794099999998
8063599,2016,2016-06-16,4203,2016-06-04,1820,2520,4203,6,5,5,4203,0,0,0,,0,003,"SANTA BARBARA ST","GUTIERREZ ST",0.00,,Y,A,-,N,,,,,,,,,,Y,3,0,1,1,A,-,01,23152,A,N,A,I,A,A,H,-,A,D,0,,,,,Y,Y,-,,0,1,0,0,0,0,0,0,0,"- ","- ",34.256,-119.4132,"SANTA BARBARA","SANTA BARBARA",-119.69193992,34.417980030000003
8065377,2016,2016-06-21,4203,2016-06-04,1100,4937,,6,5,5,4203,0,0,0,,0,004,"DE LA VINA ST","VICTORIA ST",0.00,,Y,A,-,N,,,,,,,,,,N,4,0,2,2,A,-,09,21802,A,N,D,C,A,A,H,-,A,-,0,,,,,Y,,A,01,0,0,2,0,0,0,0,0,0,"- ","- ",34.4221,-119.7079,"SANTA BARBARA","SANTA BARBARA",-119.70800989999999,34.422180099999999
8065747,2016,2016-06-21,4200,2016-06-04,1034,4608,,6,5,4,4214,0,0,0,,0,080,"PHELPS RD","WHITMAN ST",250.00,W,N,A,-,N,,,,,,,,,,N,2,0,1,2,A,-,08,22107,,N,D,G,A,A,H,-,A,D,0,,Y,,,Y,,A,07,1,0,0,0,0,0,1,0,0,"- ","- ",,,"SANTA BARBARA",GOLETA,-119.87237279,34.424338830000003
8065760,2016,2017-02-04,4200,2016-06-06,1349,3683,14,1,5,4,4214,0,0,0,,0,050,"N FAIRVIEW AV","RT 101",157.00,N,N,B,-,Y,SB,5,101,-,-,22.290,R,4,N,Y,4,0,1,2,A,-,08,22107,,N,D,C,A,A,H,-,A,D,0,,,,,Y,,A,01,0,0,1,0,0,0,0,0,0,"- ",NO,,,"SANTA BARBARA",GOLETA,-119.82819972999999,34.439959289999997
8068519,2016,2016-08-29,4203,2016-06-03,0939,5751,21,5,5,5,4203,0,0,0,,0,006,"WALNUT AV","WEST ANAPAMU ST",0.00,,Y,A,-,N,,,,,,,,,,N,2,0,1,2,D,-,00,,,F,G,B,E,A,H,-,A,D,0,Y,,,,Y,,-,"- ",1,0,0,0,1,0,0,0,0,"- ","- ",34.417290000000001,-119.70994,"SANTA BARBARA","SANTA BARBARA",-119.7104899,34.417720029999998
8068523,2016,2016-06-22,4203,2016-06-10,1833,7187,,5,5,5,4203,0,0,0,,0,006,"MODOC RD","PINE DR",33.00,N,N,A,-,N,,,,,,,,,,Y,4,0,3,2,A,-,03,22350,,N,C,C,A,A,H,-,A,D,0,,,,,Y,,-,,0,0,3,0,0,0,0,0,0,"- ","- ",34.425170000000001,-119.73155,"SANTA BARBARA","SANTA BARBARA",-119.73144499999999,34.4251553
8070956,2016,2017-02-04,4204,2016-06-16,1805,90343,5,4,5,5,4204,0,0,0,,0,001,BROADWAY,"GRANT ST",0.00,,Y,A,-,Y,SB,5,135,-,-,17.110,H,-,N,N,4,0,2,2,A,-,03,22350,,N,C,C,A,A,H,-,A,A,0,,,,,Y,,D,22,0,0,2,0,0,0,0,0,0,"- ","- ",34.972790000000003,-120.43577000000001,"SANTA BARBARA","SANTA MARIA",-120.43554756,34.972485450000001
8071892,2016,2016-07-29,4203,2016-07-06,1437,5751,65,3,5,5,4203,0,0,0,,0,001,"N VOLUNTARIO ST","E HALEY ST",168.00,S,N,A,-,N,,,,,,,,,,N,3,0,1,1,C,-,18,,,N,H,G,A,A,A,-,A,D,0,,Y,,,Y,,-,"- ",0,1,0,0,0,0,1,0,0,"- ","- ",34.428139999999999,-119.68266,"SANTA BARBARA","SANTA BARBARA",-119.68270321,34.428133860000003
8071893,2016,2016-07-29,4203,2016-07-07,0906,5751,21,4,5,5,4203,0,0,0,,0,006,"W CARRILLO ST","CHINO ST",0.00,,Y,A,-,N,,,,,,,,,,Y,2,0,2,2,A,-,09,21802,A,N,D,C,A,A,H,-,A,D,0,,,,,Y,,A,08,2,0,0,0,0,0,0,0,0,"- ","- ",34.41451,-119.71290999999999,"SANTA BARBARA","SANTA BARBARA",-119.71281996,34.414500019999998
8071894,2016,2016-07-28,4203,2016-07-14,1630,5751,23,4,5,5,4203,0,0,0,,0,006,"PAMPAS AV","W PEDREGOSA ST",203.00,S,N,A,-,N,,,,,,,,,,N,2,0,1,1,A,-,03,22350,,N,E,I,A,A,H,-,A,D,0,,,Y,,Y,,C,02,1,0,0,0,0,0,0,0,1,"- ","- ",34.419350000000001,-119.72344,"SANTA BARBARA","SANTA BARBARA",-119.72354189000001,34.4195548
8071895,2016,2016-07-28,4203,2016-07-11,1243,2602,4203,1,5,5,4203,0,0,0,,0,003,"ANACAPA ST","CANON PERDIDO ST",0.00,,Y,A,-,N,,,,,,,,,,N,4,0,2,3,A,-,03,22350,,N,C,C,A,A,H,-,A,A,0,,,,,Y,,-,,0,0,2,0,0,0,0,0,0,"- ","- ",34.420000000000002,-119.69,"SANTA BARBARA","SANTA BARBARA",-119.6993899,34.421640060000001
8071896,2016,2016-07-28,4203,2016-07-18,0023,3510,5BX,1,5,5,4203,0,0,0,,0,005,"ALAMAR AV","ORELLA ST",60.00,E,N,-,-,N,,,,,,,,,,Y,3,0,3,4,A,-,08,22107,,N,E,E,A,A,H,-,C,D,0,,,,,Y,,-,,0,1,2,0,0,0,0,0,0,"- ","- ",34.260399999999997,-119.4333,"SANTA BARBARA","SANTA BARBARA",-119.72590755,34.434699909999999
8071897,2016,2016-07-28,4203,2016-07-20,1229,6700,43,3,5,5,4203,0,0,0,,0,003,"SANTA BARBARA ST","GUTIERREZ ST",172.00,N,N,A,-,N,,,,,,,,,,Y,4,0,1,3,A,-,09,21804,A,N,D,C,A,A,H,-,A,D,0,,,,,Y,,A,01,0,0,1,0,0,0,0,0,0,"- ","- ",34.418390000000002,-119.69240000000001,"SANTA BARBARA","SANTA BARBARA",-119.6923606,34.418298640000003
8071898,2016,2016-07-28,4203,2016-07-21,1246,6700,74,4,5,5,4203,0,0,0,,0,001,"ALAMEDA PADRE SERRA","DE LA GUERRA RD",509.00,N,N,A,-,N,,,,,,,,,,N,3,0,1,2,A,-,09,21804,A,N,D,C,A,A,H,-,A,D,0,,,Y,,Y,,A,07,0,1,0,0,0,0,0,0,1,"- ","- ",34.43486,-119.68404,"SANTA BARBARA","SANTA BARBARA",-119.68387744,34.43478708
8072327,2016,2016-07-06,4203,2016-06-17,1328,5751,34,5,5,5,4203,0,0,0,,0,004,"W MISSION ST","BATH ST",0.00,E,N,A,-,N,,,,,,,,,,N,4,0,1,2,A,-,07,21658,A,N,B,C,A,A,H,-,A,D,0,,,,Y,Y,,F,26,0,0,1,0,0,0,0,0,0,"- ","- ",,,"SANTA BARBARA","SANTA BARBARA",-119.71795988,34.427610080000001
8065968,2016,2016-06-22,4204,2016-06-09,1059,23397,53,4,5,5,4204,0,0,0,,0,002,"MILLER ST","COOK ST",30.00,S,N,A,-,N,,,,,,,,,,N,4,0,1,2,A,-,03,22350,,N,C,C,A,A,H,-,A,A,0,,,,,Y,,A,01,0,0,1,0,0,0,0,0,0,"- ","- ",34.949800000000003,-120.44316000000001,"SANTA BARBARA","SANTA MARIA",-120.43147165000001,34.949807610000001
8065976,2016,2016-06-21,4204,2016-06-07,1600,90338,4204,2,5,5,4204,0,0,0,,0,002,"WESTERN AV","COOK ST",0.00,,Y,A,-,N,,,,,,,,,,Y,4,0,1,2,A,-,09,21804,A,N,B,C,A,A,H,-,A,A,0,,,,,Y,,A,01,0,0,1,0,0,0,0,0,0,"- ","- ",34.949379999999998,-120.44951,"SANTA BARBARA","SANTA MARIA",-120.44938989000001,34.949590059999998
8065992,2016,2017-02-14,4204,2016-05-27,1729,20894,98,5,5,5,4204,0,0,0,,0,002,"MAIN ST","BONITA RD",0.00,,Y,A,-,Y,SB,5,166,-,-,33.720,H,-,E,Y,4,0,5,3,A,-,03,22350,,N,C,C,A,A,H,-,A,D,0,,,,,Y,,A,01,0,0,5,0,0,0,0,0,0,"- ","- ",34.957369999999997,-120.50796,"SANTA BARBARA","SANTA MARIA",-120.12091660999999,35.097965649999999
8065996,2016,2016-06-29,4204,2016-05-26,0335,22076,65,4,5,5,4204,0,0,0,,0,003,"BLOSSER RD","BATTLES RD",0.00,,Y,A,-,N,,,,,,,,,,Y,3,0,1,2,A,-,12,21453,A,N,A,C,A,A,H,-,C,A,0,,,,,Y,,-,"- ",0,1,0,0,0,0,0,0,0,"- ","- ",34.931660000000001,-120.45347,"SANTA BARBARA","SANTA MARIA",-120.45396992000001,34.931590040000003
8066000,2016,2017-02-18,4204,2016-05-24,1442,90081,16,2,5,5,4204,0,0,0,,0,001,BROADWAY,"MCELHANY AV N",0.00,,Y,A,-,Y,SB,5,135,-,-,16.420,H,-,S,N,4,0,1,2,A,-,03,22350,,N,C,C,A,A,H,-,A,D,0,,,,,Y,,A,01,0,0,1,0,0,0,0,0,0,"- ","- ",34.96246,-120.43565,"SANTA BARBARA","SANTA MARIA",-120.43578402999999,34.962501660000001
8066029,2016,2017-02-04,4204,2016-06-07,1428,18261,74,2,5,5,4204,0,0,0,,0,003,BROADWAY,"INGER DR",0.00,,Y,A,-,Y,SB,5,135,-,-,13.950,I,5,S,N,4,0,1,2,A,-,11,21950,B,N,G,B,B,-,H,-,A,A,0,Y,,,,Y,,N,60,0,0,1,0,1,0,0,0,0,"- ","- ",34.926670000000001,-120.43595999999999,"SANTA BARBARA","SANTA MARIA",-120.43613125,34.92678781
8066033,2016,2016-06-21,4204,2016-06-05,1317,22076,76,7,5,5,4204,0,0,0,,0,003,"BRADLEY RD","BETTERAVIA RD",0.00,,Y,A,-,N,,,,,,,,,,N,4,0,1,2,A,-,03,22350,,N,C,C,A,A,H,-,A,A,0,,,,,Y,,A,01,0,0,1,0,0,0,0,0,0,"- ","- ",34.923380000000002,-120.41987,"SANTA BARBARA","SANTA MARIA",-120.42206993000001,34.923740090000003
8066045,2016,2016-06-21,4204,2016-06-13,2131,90456,,1,5,5,4204,0,0,0,,0,,"WESTERN AV","MORRISON AV",0.00,,Y,A,-,N,,,,,,,,,,N,4,0,1,3,A,-,01,23153,B,N,A,C,A,A,H,-,C,D,0,,,,,Y,Y,A,01,0,0,1,0,0,0,0,0,0,"- ","- ",34.943539999999999,-120.44925000000001,"SANTA BARBARA","SANTA MARIA",-120.44949996,34.943250040000002
8066187,2016,2016-06-23,4204,2016-06-09,1859,90242,3,4,5,5,4204,0,0,0,,0,001,"BLOSSER RD","TAYLOR ST",0.00,,Y,A,-,N,,,,,,,,,,N,4,0,1,2,A,-,09,21802,A,N,D,C,A,A,H,-,A,D,0,,,,,Y,,A,01,0,0,1,0,0,0,0,0,0,"- ","- ",34.975119999999997,-120.45366,"SANTA BARBARA","SANTA MARIA",-120.45347988,34.975140019999998
8066334,2016,2016-06-22,4202,2016-05-30,1410,292,,1,5,4,4202,0,0,0,,0,,"CHESTNUT AV","L ST",0.00,,Y,A,-,N,,,,,,,,,,Y,3,0,2,2,A,-,09,21802,A,F,D,C,A,A,H,-,A,A,0,,,,,Y,,A,07,0,2,0,0,0,0,0,0,0,"- ","- ",,,"SANTA BARBARA",LOMPOC,-120.46292987,34.642260110000002
8066434,2016,2017-02-04,4204,2016-06-13,1150,90338,42045,1,5,5,4204,0,0,0,,0,002,"STOWELL RD",BROADWAY,0.00,,Y,A,-,Y,SB,5,135,-,-,14.760,H,-,N,Y,4,0,1,2,A,-,04,21703,,N,C,C,A,A,H,-,A,A,0,,,Y,,Y,,C,02,0,0,1,0,0,0,0,0,1,"- ","- ",34.938499999999998,-120.43595999999999,"SANTA BARBARA","SANTA MARIA",-120.43594111,34.938215300000003
8066470,2016,2016-06-27,4204,2016-06-14,0705,23240,68,2,5,5,4204,0,0,0,,0,003,"STOWELL RD","CECELIA DR",0.00,,Y,A,-,N,,,,,,,,,,N,2,0,1,1,C,-,18,,,N,E,-,A,A,H,-,A,A,0,,Y,,,Y,,-,"- ",1,0,0,0,0,0,1,0,0,"- ","- ",34.938279999999999,-120.42793,"SANTA BARBARA","SANTA MARIA",-120.42795992000001,34.938430060000002
8093890,2016,2016-07-27,4203,2016-07-18,1812,5739,,1,5,5,4203,0,0,0,,0,001,"S SALINAS ST","CARPINTERIA ST",0.00,,Y,A,-,N,,,,,,,,,,N,4,0,1,2,D,-,00,,,F,D,C,A,A,H,-,A,-,0,,,,,Y,,-,"- ",0,0,1,0,0,0,0,0,0,"- ","- ",34.425919999999998,-119.67204,"SANTA BARBARA","SANTA BARBARA",-119.67205989999999,34.425900009999999
8093931,2016,2016-07-26,4200,2016-07-06,1802,4950,14,3,5,4,4214,0,0,0,,0,060,"HOLLISTER AV","NECTARINE AV",0.00,,Y,A,-,N,,,,,,,,,,N,4,0,2,2,A,-,01,23152,B,N,C,C,A,A,H,-,A,A,0,,,,,Y,Y,A,01,0,0,2,0,0,0,0,0,0,"- ","- ",,,"SANTA BARBARA",GOLETA,-119.82665987999999,34.435850070000001
8093932,2016,2016-07-26,4203,2016-07-18,2110,2661,,1,5,5,4203,0,0,0,,0,004,"HALEY ST","BATH ST",0.00,,Y,A,-,N,,,,,,,,,,Y,4,0,1,2,A,-,12,21453,A,N,D,C,A,A,H,-,C,A,0,,,,,Y,,-,,0,0,1,0,0,0,0,0,0,"- ","- ",34.244900000000001,-119.4156,"SANTA BARBARA","SANTA BARBARA",-119.69891998,34.413610030000001