CASE_ID,ACCIDENT_YEAR,PROC_DATE,JURIS,COLLISION_DATE,COLLISION_TIME,OFFICER_ID,REPORTING_DISTRICT,DAY_OF_WEEK,CHP_SHIFT,POPULATION,CNTY_CITY_LOC,SPECIAL_COND,BEAT_TYPE,CHP_BEAT_TYPE,CITY_DIVISION_LAPD,CHP_BEAT_CLASS,BEAT_NUMBER,PRIMARY_RD,SECONDARY_RD,DISTANCE,DIRECTION,INTERSECTION,WEATHER_1,WEATHER_2,STATE_HWY_IND,CALTRANS_COUNTY,CALTRANS_DISTRICT,STATE_ROUTE,ROUTE_SUFFIX,POSTMILE_PREFIX,POSTMILE,LOCATION_TYPE,RAMP_INTERSECTION,SIDE_OF_HWY,TOW_AWAY,COLLISION_SEVERITY,NUMBER_KILLED,NUMBER_INJURED,PARTY_COUNT,PRIMARY_COLL_FACTOR,PCF_CODE_OF_VIOL,PCF_VIOL_CATEGORY,PCF_VIOLATION,PCF_VIOL_SUBSECTION,HIT_AND_RUN,TYPE_OF_COLLISION,MVIW,PED_ACTION,ROAD_SURFACE,ROAD_COND_1,ROAD_COND_2,LIGHTING,CONTROL_DEVICE,CHP_ROAD_TYPE,PEDESTRIAN_ACCIDENT,BICYCLE_ACCIDENT,MOTORCYCLE_ACCIDENT,TRUCK_ACCIDENT,NOT_PRIVATE_PROPERTY,ALCOHOL_INVOLVED,STWD_VEHTYPE_AT_FAULT,CHP_VEHTYPE_AT_FAULT,COUNT_SEVERE_INJ,COUNT_VISIBLE_INJ,COUNT_COMPLAINT_PAIN,COUNT_PED_KILLED,COUNT_PED_INJURED,COUNT_BICYCLIST_KILLED,COUNT_BICYCLIST_INJURED,COUNT_MC_KILLED,COUNT_MC_INJURED,PRIMARY_RAMP,SECONDARY_RAMP,LATITUDE,LONGITUDE,COUNTY,CITY,POINT_X,POINT_Y
8093940,2016,2016-07-26,4203,2016-07-18,1355,6377,,1,5,5,4203,0,0,0,,0,001,"E HALEY ST","VOLUNTARIO ST",144.00,W,N,A,-,N,,,,,,,,,,Y,4,0,1,2,A,-,08,22107,,N,-,E,A,A,H,-,A,A,0,,,,,Y,,-,,0,0,1,0,0,0,0,0,0,"- ","- ",34.253999999999998,-119.411,"SANTA BARBARA","SANTA BARBARA",-119.68344793999999,34.428135189999999
8093969,2016,2016-07-26,4200,2016-06-10,1630,3077,14,5,5,4,4214,0,0,0,,0,080,"HOLLISTER AV","STORKE RD",13.00,W,N,A,-,N,,,,,,,,,,N,3,0,2,2,A,-,03,22350,,N,C,C,A,A,H,-,A,A,0,,,,,Y,,A,01,0,1,1,0,0,0,0,0,0,"- ","- ",,,"SANTA BARBARA",GOLETA,-119.86979304,34.430098379999997
8093973,2016,2016-07-26,4200,2016-06-24,1800,4974,,5,5,3,4205,0,0,0,,0,,"OGAN RD","EL PORTAL AV",132.00,E,N,A,-,N,,,,,,,,,,N,2,0,1,2,A,-,09,21804,A,N,D,C,A,A,H,-,A,D,0,,,,,Y,,-,,1,0,0,0,0,0,0,0,0,"- ","- ",,,"SANTA BARBARA",CARPINTERIA,-119.50931794,34.400154700000002
8093981,2016,2016-08-01,4200,2016-06-30,1325,3636,10,4,5,3,4205,0,0,0,,0,040,"EUGENIA PL","CARPINTERIA AV",0.00,,Y,A,-,N,,,,,,,,,,N,3,0,1,2,A,-,10,21950,A,M,G,B,B,A,H,-,A,A,0,Y,,,,Y,,-,,0,1,0,0,1,0,0,0,0,"- ","- ",,,"SANTA BARBARA",CARPINTERIA,-119.51760998,34.398280040000003
8093985,2016,2016-07-26,4200,2016-06-24,2058,4776,14,5,5,4,4214,0,0,0,,0,060,"STORKE RD","BOLLAY DR",0.00,,Y,A,-,N,,,,,,,,,,Y,3,0,1,2,A,-,03,22350,,N,C,G,A,A,H,-,B,D,0,,Y,,,Y,,A,01,0,1,0,0,0,0,1,0,0,"- ","- ",,,"SANTA BARBARA",GOLETA,-119.86976,34.428060029999997
8094025,2016,2016-07-26,4203,2016-07-19,0920,6577,4203,2,5,5,4203,0,0,0,,0,005,"STATE ST","ONTARE RD",0.00,,Y,A,-,N,,,,,,,,,,N,3,0,1,2,A,-,06,21755,,N,B,G,A,A,H,-,A,A,0,,Y,,,Y,,L,04,0,1,0,0,0,0,1,0,0,"- ","- ",34.440339999999999,-119.74012,"SANTA BARBARA","SANTA BARBARA",-119.74008987000001,34.440420039999999
8094060,2016,2016-07-26,4200,2016-07-01,1246,3287,10,5,5,3,4205,0,0,0,,0,030,"LINDEN AV","SAWYER AV",140.00,N,N,A,-,N,,,,,,,,,,Y,3,0,1,2,A,-,09,21801,A,N,D,D,A,A,H,-,A,A,0,,,,,Y,Y,D,22,0,1,0,0,0,0,0,0,0,"- ","- ",,,"SANTA BARBARA",CARPINTERIA,-119.517133,34.399964939999997
8072371,2016,2016-06-30,4203,2016-05-25,1614,6693,42,3,5,5,4203,0,0,0,,0,003,"E ANAPAMU ST","ANACAPA ST",60.00,E,N,A,-,N,,,,,,,,,,N,3,0,1,2,A,-,03,22350,,F,B,G,A,A,H,-,A,D,0,,Y,,,Y,,A,01,0,1,0,0,0,0,1,0,0,"- ","- ",34.424399999999999,-119.7032,"SANTA BARBARA","SANTA BARBARA",-119.70314949999999,34.424594280000001
8072394,2016,2016-08-24,4203,2016-06-25,1548,7897,45,6,5,5,4203,0,0,0,,0,003,"E CARRILLO ST","SANTA BARBARA ST",36.00,W,N,A,-,N,,,,,,,,,,Y,4,0,3,2,A,-,01,23152,,N,C,C,A,A,H,-,A,A,0,,,,,Y,Y,-,,0,0,3,0,0,0,0,0,0,"- ","- ",34.4236,-119.69959,"SANTA BARBARA","SANTA BARBARA",-119.6997178,34.423565080000003
8072409,2016,2016-07-13,4203,2016-06-19,1406,2602,4203,7,5,5,4203,0,0,0,,0,003,"STATE ST","GUTIERREZ ST",0.00,,Y,A,-,N,,,101,,,,,,,N,4,0,1,2,A,-,10,21950,A,N,G,-,B,A,H,-,A,A,0,Y,,,,Y,,-,,0,0,1,0,1,0,0,0,0,"- ","- ",34.420000000000002,-119.68000000000001,"SANTA BARBARA","SANTA BARBARA",-119.68000481999999,34.420064310000001
8072413,2016,2016-07-13,4203,2016-06-20,1353,4937,,1,5,5,4203,0,0,0,,0,005,"HITCHCOCK WY","LA RADA",615.00,S,N,A,-,N,,,,,,,,,,N,3,0,2,2,A,-,09,21804,A,N,D,C,A,A,H,-,A,D,0,,,,,Y,,A,01,0,2,0,0,0,0,0,0,0,"- ","- ",34.433999999999997,-119.746,"SANTA BARBARA","SANTA BARBARA",-119.74577696,34.434032139999999
8072421,2016,2017-02-06,4203,2016-06-20,1255,7897,31,1,5,5,4203,0,0,0,,0,004,"CARRILLO ST","CASTILLO ST",20.00,W,N,A,-,N,,,,,,,,,,N,4,0,2,2,A,-,03,22350,,N,C,C,A,A,H,-,A,A,0,,,,,Y,,-,,0,0,2,0,0,0,0,0,0,"- ","- ",34.41722,-119.7064,"SANTA BARBARA","SANTA BARBARA",-119.70639592000001,34.417220409999999
8072425,2016,2016-07-13,4203,2016-06-19,1430,5618,40,7,5,5,4203,0,0,0,,0,004,"STATE ST","YANONALI ST",350.00,N,N,A,-,N,,,101,,,,,,,N,4,0,1,1,B,-,22,,,N,E,A,A,A,H,-,A,A,0,,Y,,,Y,,-,"- ",0,0,1,0,0,0,1,0,0,"- ","- ",34.414749999999998,-119.69282,"SANTA BARBARA","SANTA BARBARA",-119.69307874,34.41502131
8073243,2016,2016-07-13,4203,2016-06-22,1542,5751,41,3,5,5,4203,0,0,0,,0,004,"STATE ST","ORTEGA ST",164.00,N,N,A,-,N,,,,,,,,,,N,3,0,1,2,A,-,03,22350,,N,H,G,A,A,H,-,A,A,0,,Y,,,Y,,L,04,0,1,0,0,0,0,1,0,0,"- ","- ",,,"SANTA BARBARA","SANTA BARBARA",-119.69846359,34.41896148
8073244,2016,2016-08-01,4203,2016-06-24,1302,6700,31,5,5,5,4203,0,0,0,,0,004,"CARRILLO ST","SAINT VINCENT AV",65.00,W,N,A,B,N,,,,,,,,,,N,3,0,1,3,A,-,06,21750,A,N,B,C,A,A,H,-,A,D,0,,,Y,,Y,,C,02,0,1,0,0,0,0,0,0,1,"- ","- ",34.418640000000003,-119.70480999999999,"SANTA BARBARA","SANTA BARBARA",-119.70479280000001,34.418736410000001
8073385,2016,2016-07-12,4204,2016-06-26,0116,90322,14,7,5,5,4204,0,0,0,,0,001,"AGNES AV","THORNBURG ST",0.00,,Y,A,-,N,,,,,,,,,,Y,3,0,2,6,A,-,01,23153,B,N,A,C,A,A,H,-,C,A,0,,,,,Y,Y,D,22,0,1,1,0,0,0,0,0,0,"- ","- ",34.964579999999998,-120.44002999999999,"SANTA BARBARA","SANTA MARIA",-120.44014998999999,34.964440060000001
8073657,2016,2016-07-06,4204,2016-05-28,0235,90456,,6,5,5,4204,0,0,0,,0,002,"MILLER ST","PARK AV",0.00,,Y,A,-,N,,,,,,,,,,Y,4,0,1,1,A,-,08,22107,,M,E,I,A,A,H,-,C,D,0,,,,,Y,Y,A,01,0,0,1,0,0,0,0,0,0,"- ","- ",34.944290000000002,-120.43116999999999,"SANTA BARBARA","SANTA MARIA",-120.43141994,34.944400020000003
8073684,2016,2016-07-13,4204,2016-06-29,0556,90274,86,3,5,5,4204,0,0,0,,0,003,"SKYWAY DR","AIRPARK DR",1300.00,S,N,A,-,N,,,,,,,,,,Y,3,0,1,1,A,-,08,22107,,N,E,J,A,A,H,-,A,A,0,,,,,Y,,A,01,0,1,0,0,0,0,0,0,0,"- ","- ",34.8947,-120.43913999999999,"SANTA BARBARA","SANTA MARIA",-120.44304101,34.895889189999998
8080847,2016,2016-07-28,4204,2016-06-27,1428,90338,4204,1,5,5,4204,0,0,0,,0,003,"SONYA LN","BLOSSER RD",0.00,,Y,A,-,N,,,,,,,,,,Y,4,0,2,2,A,-,09,21802,A,N,D,C,A,A,H,-,A,A,0,,,,,Y,,D,22,0,0,2,0,0,0,0,0,0,"- ","- ",34.927930000000003,-120.45359999999999,"SANTA BARBARA","SANTA MARIA",-120.45400988,34.927880020000003
8080859,2016,2017-02-04,4204,2016-06-29,1728,90268,82,3,5,5,4204,0,0,0,,0,003,BROADWAY,"MCCOY LN",0.00,,Y,A,-,Y,SB,5,135,-,-,13.330,H,-,N,N,4,0,2,3,A,-,03,22350,,N,C,C,A,A,H,-,A,D,0,,,,,Y,,D,22,0,0,2,0,0,0,0,0,0,"- ","- ",34.916670000000003,-120.43615,"SANTA BARBARA","SANTA MARIA",-120.43592345,34.917705830000003
8081127,2016,2016-08-05,4204,2016-07-23,1744,90343,8,6,5,5,4204,0,0,0,,0,001,"COX LN","MARY DR",255.00,E,N,A,-,N,,,,,,,,,,N,4,0,1,2,A,-,21,22106,,N,D,C,A,A,H,-,A,D,0,,,,,Y,,A,01,0,0,1,0,0,0,0,0,0,"- ","- ",34.969200000000001,-120.44868,"SANTA BARBARA","SANTA MARIA",-120.44742936,34.969323639999999
8081131,2016,2016-08-12,4204,2016-07-20,1521,20894,49,3,5,5,4204,0,0,0,,0,002,"MAIN ST","RT 101",50.00,E,N,A,-,Y,,,166,,,,,,,Y,4,0,1,2,A,-,08,22107,,N,D,C,A,A,H,-,A,D,0,,,,,Y,,D,22,0,0,1,0,0,0,0,0,0,"- ","- ",34.953130000000002,-120.41725,"SANTA BARBARA","SANTA MARIA",-120.41746462,34.953061820000002
8081198,2016,2016-08-05,4204,2016-07-25,1521,22270,16,1,5,5,4204,0,0,0,,0,001,"SCHOOL ST","FESLER ST",50.00,S,N,A,-,N,,,,,,,,,,Y,4,0,2,2,A,-,21,22106,,N,D,C,A,A,H,-,A,D,0,,,,,Y,,D,22,0,0,2,0,0,0,0,0,0,"- ","- ",34.956429999999997,-120.42999,"SANTA BARBARA","SANTA MARIA",-120.43003118,34.956352670000001
8081339,2016,2016-08-15,4204,2016-08-04,1656,90232,55,4,5,5,4204,0,0,0,,0,002,"MORRISON AV","WESTERN AV",0.00,,Y,A,B,N,,,,,,,,,,Y,4,0,1,2,A,-,09,21802,,N,D,C,A,A,H,-,A,A,0,,,,,Y,,-,"- ",0,0,1,0,0,0,0,0,0,"- ","- ",34.943539999999999,-120.44925000000001,"SANTA BARBARA","SANTA MARIA",-120.44949996,34.943250040000002
8081353,2016,2017-02-24,4204,2016-07-31,2216,90415,14,7,5,5,4204,0,0,0,,0,001,BROADWAY,"ORCHARD ST",0.00,,Y,A,-,Y,SB,5,135,-,-,16.660,I,5,S,N,4,0,1,2,A,-,05,21650,,N,H,G,A,A,H,-,C,A,0,,Y,,,Y,,L,04,0,0,1,0,0,0,1,0,0,"- ","- ",34.965960000000003,-120.43549,"SANTA BARBARA","SANTA MARIA",-120.43575262,34.965908820000003
8081761,2016,2016-08-12,4204,2016-06-30,0700,18261,87,4,5,5,4204,0,0,0,,0,003,"INDUSTRIAL PKWY","SKYWAY DR",1800.00,N,N,A,B,N,,,,,,,,,,Y,4,0,1,3,A,-,08,22102,,N,D,C,A,A,H,-,A,A,0,,,,,Y,,A,01,0,0,1,0,0,0,0,0,0,"- ","- ",34.901609999999998,-120.44797,"SANTA BARBARA","SANTA MARIA",-120.44702352,34.906264810000003
8081787,2016,2017-02-24,4204,2016-07-01,1706,90342,62,5,5,5,4204,0,0,0,,0,003,BROADWAY,"PERSHING ST",100.00,N,N,A,-,Y,SB,5,135,-,-,14.920,H,-,S,N,4,0,1,2,A,-,03,22350,,N,C,C,A,A,H,-,A,D,0,,,,,Y,,A,01,0,0,1,0,0,0,0,0,0,"- ","- ",34.94041,-120.4359,"SANTA BARBARA","SANTA MARIA",-120.43605398,34.940645240000002
8081791,2016,2017-02-24,4204,2016-07-01,1742,90344,68,5,5,5,4204,0,0,0,,0,003,BROADWAY,"PLAZA DR",200.00,S,N,A,-,Y,SB,5,135,-,-,14.660,H,-,N,N,4,0,2,3,A,-,03,22350,,N,C,C,A,A,H,-,A,D,0,,,,,Y,,A,01,0,0,2,0,0,0,0,0,0,"- ","- ",34.937420000000003,-120.43597,"SANTA BARBARA","SANTA MARIA",-120.43593002,34.936799890000003
8081795,2016,2016-07-15,4204,2016-07-03,1700,90346,1,7,5,5,4204,0,0,0,,0,001,"SCHUMAN PL","ATLANTIC PL",0.00,,Y,A,-,N,,,,,,,,,,Y,4,0,2,3,A,-,05,21650,,N,B,E,A,A,H,-,A,D,0,,,,,Y,,A,01,0,0,2,0,0,0,0,0,0,"- ","- ",34.988669999999999,-120.44759000000001,"SANTA BARBARA","SANTA MARIA",-120.44775991,34.988780069999997
8073692,2016,2017-02-04,4204,2016-06-25,1900,90322,27,6,5,5,4204,0,0,0,,0,001,BROADWAY,"FESLER ST",200.00,N,N,A,-,Y,SB,5,135,-,-,16.040,H,-,N,Y,3,0,1,4,A,-,04,21703,,N,C,C,A,A,H,-,A,D,0,,,,,Y,,A,01,0,1,0,0,0,0,0,0,0,"- ","- ",34.956479999999999,-120.43573000000001,"SANTA BARBARA","SANTA MARIA",-120.4357679,34.956938190000002
8074197,2016,2016-08-10,4204,2016-07-30,1531,90338,4204,6,5,5,4204,0,0,0,,0,003,"ENOS DR","MILLER ST",0.00,,Y,A,-,N,,,,,,,,,,Y,3,0,2,2,A,-,08,22107,,N,A,C,A,A,H,-,A,A,0,,,,,Y,,A,01,0,1,1,0,0,0,0,0,0,"- ","- ",34.933970000000002,-120.43172,"SANTA BARBARA","SANTA MARIA",-120.43162998,34.934060070000001
8074201,2016,2016-08-10,4204,2016-07-10,2113,90269,13,7,5,5,4204,0,0,0,,0,001,"DONOVAN RD","BLOSSER RD",800.00,E,N,A,-,N,,,,,,,,,,N,3,0,1,2,A,-,11,21953,,N,G,B,D,A,H,-,C,D,0,Y,,,,Y,,N,60,0,1,0,0,1,0,0,0,0,"- ","- ",34.96781,-120.45319000000001,"SANTA BARBARA","SANTA MARIA",-120.45086119,34.967816659999997
8074237,2016,2016-08-30,4203,2016-07-30,0920,9480,,6,5,5,4203,0,0,0,,0,002,"EAST CABRILLO BL","CALLE PUERTO VALLARTA",273.00,W,N,-,-,N,,,,,,,,,,Y,2,0,1,1,B,-,22,,,N,H,J,A,-,-,-,-,D,0,,,,,Y,,-,,1,0,0,0,0,0,0,0,0,"- ","- ",34.250500000000002,-119.39945,"SANTA BARBARA","SANTA BARBARA",-119.6761466,34.41600545
8074506,2016,2016-07-05,4203,2016-06-17,1557,5751,62,5,5,5,4203,0,0,0,,0,001,"N MILPAS ST","E GUTIERREZ ST",0.00,,Y,A,-,N,,,,,,,,,,N,3,0,1,2,A,-,10,21950,A,N,G,B,B,A,H,-,A,A,0,Y,,,,Y,,A,07,0,1,0,0,1,0,0,0,0,"- ","- ",34.425409999999999,-119.68403000000001,"SANTA BARBARA","SANTA BARBARA",-119.68405991,34.425390020000002
8074507,2016,2017-02-04,4203,2016-06-21,1413,5751,14,2,5,5,4203,0,0,0,,0,002,"CASTILLO ST","RT 101",0.00,,Y,A,-,Y,SB,5,101,-,R,14.080,R,4,S,N,3,0,2,2,A,-,03,22350,,N,G,B,B,A,H,-,A,A,0,Y,Y,,,Y,,L,04,0,1,1,0,1,0,1,0,0,"- ",SO,34.411909999999999,-119.69884,"SANTA BARBARA","SANTA BARBARA",-119.69708991,34.412472379999997
8074508,2016,2017-02-04,4203,2016-06-21,1255,5751,14,2,5,5,4203,0,0,0,,0,002,"CASTILLO ST","RT 101",0.00,,Y,A,-,Y,SB,5,101,-,R,14.340,R,4,S,Y,4,0,1,2,A,-,12,21453,A,N,D,C,A,A,H,-,A,A,0,,,,,Y,,A,01,0,0,1,0,0,0,0,0,0,"- ",SF,34.411909999999999,-119.69898999999999,"SANTA BARBARA","SANTA BARBARA",-119.70202696,34.412495569999997
8074509,2016,2017-02-06,4203,2016-06-23,1153,5751,21,4,5,5,4203,0,0,0,,0,006,"CARRILLO ST","RT 101",435.00,W,N,A,-,N,,,,,,,,,,Y,3,0,1,2,A,-,09,21801,A,N,D,C,A,A,H,-,A,D,0,,,,,Y,,A,01,0,1,0,0,0,0,0,0,0,"- ",SF,34.415550000000003,-119.70841,"SANTA BARBARA","SANTA BARBARA",-119.70841175,34.415494950000003
8074510,2016,2016-07-06,4203,2016-06-19,2133,23136,SBSC,7,5,5,4203,0,0,0,,0,001,"S SALINAS ST","HARMON ST",0.00,,Y,A,-,N,,,,,,,,,,Y,4,0,5,4,A,-,09,21801,A,N,-,C,A,A,H,-,C,D,0,,,,,Y,,A,01,0,0,5,0,0,0,0,0,0,"- ","- ",34.252110000000002,-119.4033,"SANTA BARBARA","SANTA BARBARA",-119.66755987000001,34.422670060000002
8074511,2016,2016-08-29,4203,2016-06-20,1745,3599,,1,5,5,4203,0,0,0,,0,006,"MODOC RD","VERONICA SPRINGS",75.00,E,N,B,-,N,,,,,,,,,,N,3,0,1,1,A,-,03,22350,,N,E,J,A,A,C,-,A,D,0,,Y,,,Y,,L,04,0,1,0,0,0,0,1,0,0,"- ","- ",34.254300000000001,-119.4426,"SANTA BARBARA","SANTA BARBARA",-119.74086669,34.428689609999999
8074512,2016,2016-07-06,4203,2016-06-24,1825,3849,46,5,5,5,4203,0,0,0,,0,003,"SANTA BARBARA ST","MICHELTORENA ST",0.00,,Y,A,-,N,,,,,,,,,,N,4,0,1,2,A,-,17,21451,A,N,G,B,B,A,H,-,A,A,0,Y,,,,Y,,-,,0,0,1,0,1,0,0,0,0,"- ","- ",34.254100000000001,-119.4221,"SANTA BARBARA","SANTA BARBARA",-119.70601988999999,34.428300049999997
8081905,2016,2016-07-15,4204,2016-06-19,0634,90277,27,7,5,5,4204,0,0,0,,0,001,BROADWAY,"FESLER ST",0.00,,Y,A,-,N,,,135,,,,,,,Y,3,0,1,2,A,-,12,21453,A,F,D,C,A,A,H,-,B,A,0,,,,,Y,,A,01,0,1,0,0,0,0,0,0,0,"- ","- ",34.956479999999999,-120.43573000000001,"SANTA BARBARA","SANTA MARIA",-120.43576573,34.956479829999999
8082031,2016,2016-07-19,4200,2016-06-16,0844,3636,,4,5,3,4205,0,0,0,,0,030,"CASITAS PASS RD","OGAN RD",35.00,E,N,A,-,N,,,,,,,,,,Y,4,0,1,2,A,-,03,22350,,N,C,C,A,A,H,-,A,D,0,,,,,Y,,A,01,0,0,1,0,0,0,0,0,0,"- ","- ",,,"SANTA BARBARA",CARPINTERIA,-119.50776028,34.400010270000003
8082085,2016,2016-07-15,4200,2016-06-09,2018,4776,14,4,5,4,4214,0,0,0,,0,050,"CALLE REAL","N KELLOGG AV",407.00,W,N,A,-,N,,,,,,,,,,N,4,0,1,2,A,-,03,22350,,N,C,C,A,A,H,-,B,D,0,,,,,Y,,A,01,0,0,1,0,0,0,0,0,0,"- ","- ",,,"SANTA BARBARA",GOLETA,-119.8204137,34.44106
8082087,2016,2016-08-17,4200,2016-05-28,1041,4057,14,6,5,4,4214,0,0,0,,0,050,"FAIRVIEW AV","CALLE REAL",178.00,S,N,A,-,N,,,,,,,,,,N,4,0,1,2,A,-,08,22107,,N,H,A,A,A,H,-,A,D,0,,,Y,,Y,,A,08,0,0,1,0,0,0,0,0,1,"- ","- ",,,"SANTA BARBARA",GOLETA,-119.83064,34.441161229999999
8082093,2016,2016-07-15,4200,2016-06-16,1401,3475,14,4,5,4,4214,0,0,0,,0,,"LOS CARNEROS RD","CALLE KORAL",68.00,N,N,B,-,N,,,,,,,,,,Y,4,0,2,3,A,-,07,21658,A,N,C,C,A,A,D,-,A,A,0,,,,,Y,,A,07,0,0,2,0,0,0,0,0,0,"- ","- ",,,"SANTA BARBARA",GOLETA,-119.85350468999999,34.43432043
8083525,2016,2017-02-04,4204,2016-06-16,1806,90343,5,4,5,5,4204,0,0,0,,0,001,BROADWAY,"GRANT ST",0.00,,Y,A,-,Y,SB,5,135,-,-,17.120,H,-,N,N,4,0,2,2,A,-,03,22350,,N,C,C,A,A,H,-,A,A,0,,,,,Y,,E,22,0,0,2,0,0,0,0,0,0,"- ","- ",,,"SANTA BARBARA","SANTA MARIA",-120.43554609,34.972630000000002
8083539,2016,2016-07-18,4204,2016-06-15,0934,21338,,3,5,5,4204,0,0,0,,0,,"BATTLES RD","BLOSSER RD",0.00,,Y,A,-,N,,,,,,,,,,Y,4,0,2,3,A,-,12,21453,A,N,D,C,A,A,H,-,A,A,0,,,,,Y,,A,01,0,0,2,0,0,0,0,0,0,"- ","- ",34.931660000000001,-120.45347,"SANTA BARBARA","SANTA MARIA",-120.45396992000001,34.931590040000003
8083543,2016,2016-07-18,4204,2016-06-12,2209,90365,74,7,5,5,4204,0,0,0,,0,003,"NEWLOVE DR","THORNBURG ST",0.00,,Y,A,-,N,,,,,,,,,,N,4,0,1,2,A,-,12,22450,A,F,G,B,B,A,H,-,C,D,0,Y,,,,Y,,-,,0,0,1,0,1,0,0,0,0,"- ","- ",34.930050000000001,-120.44069,"SANTA BARBARA","SANTA MARIA",-120.44050996,34.92994006
8083647,2016,2017-02-14,4202,2016-05-24,0800,32104,LOMPO,2,5,4,4202,0,0,0,,0,,"RT 1","MAPLE AV",0.00,,Y,A,-,Y,SB,5,1,-,-,20.970,I,5,S,N,4,0,1,2,A,-,09,21802,,N,D,C,A,A,H,-,A,D,0,,,,,Y,,A,01,0,0,1,0,0,0,0,0,0,"- ","- ",,,"SANTA BARBARA",LOMPOC,-120.45789298,34.64543346
8084468,2016,2016-07-21,4203,2016-07-16,2146,23136,SBSC,6,5,5,4203,0,0,0,,0,004,"BATH ST","DE LA GUERRA ST",36.00,N,N,A,-,N,,,,,,,,,,Y,4,0,2,2,A,-,01,23153,A,N,C,E,A,A,H,-,C,D,0,,,,,Y,Y,A,01,0,0,2,0,0,0,0,0,0,"- ","- ",34.245939999999997,-119.42104999999999,"SANTA BARBARA","SANTA BARBARA",-119.70278927,34.416525559999997
8084486,2016,2017-02-04,4204,2016-06-29,1111,22807,5,3,5,5,4204,0,0,0,,0,001,BROADWAY,"GRANT ST",0.00,,Y,A,-,Y,SB,5,135,-,-,17.140,H,-,S,Y,4,0,1,2,A,-,03,22350,,N,C,C,A,A,H,-,A,A,0,,,,,Y,,A,01,0,0,1,0,0,0,0,0,0,"- ","- ",34.972790000000003,-120.43577000000001,"SANTA BARBARA","SANTA MARIA",-120.43567349,34.972921220000003
8074513,2016,2016-07-05,4203,2016-06-24,2203,7189,18,5,5,5,4203,0,0,0,,0,006,"MEIGS RD","RED ROSE WY",50.00,W,N,A,-,N,,,,,,,,,,N,3,0,1,2,A,-,11,21956,,N,G,B,E,A,H,-,C,D,0,Y,,,,Y,Y,N,60,0,1,0,0,1,0,0,0,0,"- ","- ",34.2408,-119.4318,"SANTA BARBARA","SANTA BARBARA",-119.72175751,34.402304630000003
8074514,2016,2016-07-05,4203,2016-06-26,1445,23889,SANTA,7,5,5,4203,0,0,0,,0,001,"MOUNTAIN DR","EL CIELITO RD",528.00,E,N,A,-,N,,,,,,,,,,N,3,0,1,1,C,-,18,,,N,H,A,A,A,A,-,A,-,0,,Y,,,Y,,-,"- ",0,1,0,0,0,0,1,0,0,"- ","- ",34.265700000000002,-119.41159999999999,"SANTA BARBARA","SANTA BARBARA",-119.68809309,34.449744459999998
8076659,2016,2017-02-04,4203,2016-06-17,0758,5751,23,5,5,5,4203,0,0,0,,0,006,"W MISSION ST","RT 101",0.00,,Y,A,-,Y,SB,5,101,-,R,15.860,R,4,N,Y,2,0,1,2,A,-,09,21801,A,N,D,C,A,A,H,-,A,A,0,,,Y,,Y,,A,08,1,0,0,0,0,0,0,0,1,"- ",NO,34.42577,-119.71997,"SANTA BARBARA","SANTA BARBARA",-119.72218999,34.426047570000001
8076663,2016,2016-07-11,4203,2016-06-25,1545,2661,,6,5,5,4203,0,0,0,,0,003,"MICHELTORENA ST","ANACAPA ST",165.00,W,N,A,-,N,,,,,,,,,,N,4,0,1,1,D,-,00,,,N,F,J,A,A,G,-,A,A,0,,,,,Y,,-,"- ",0,0,1,0,0,0,0,0,0,"- ","- ",34.253500000000003,-119.42270000000001,"SANTA BARBARA","SANTA BARBARA",-119.70750323,34.426931400000001
8076667,2016,2016-07-11,4203,2016-06-25,1318,2661,,6,5,5,4203,0,0,0,,0,003,"COTA ST","ANACAPA ST",0.00,,Y,A,-,N,,,,,,,,,,N,4,0,1,2,A,-,10,21950,A,N,A,B,B,A,G,-,A,A,0,Y,,,,Y,,-,,0,0,1,0,1,0,0,0,0,"- ","- ",34.256999999999998,-119.4144,"SANTA BARBARA","SANTA BARBARA",-119.69561993000001,34.418860100000003
8077118,2016,2016-07-13,4203,2016-07-02,2020,5086,,6,5,5,4203,0,0,0,,0,001,"ALAMEDA PADRE SERRA","COTA ST",450.00,S,N,A,-,N,,,,,,,,,,Y,4,0,2,3,A,-,01,23153,A,N,C,E,A,A,H,-,C,D,0,,,,,Y,Y,-,,0,0,2,0,0,0,0,0,0,"- ","- ",34.431530000000002,-119.67977999999999,"SANTA BARBARA","SANTA BARBARA",-119.67991984,34.431674000000001
8077313,2016,2016-07-25,4202,2016-03-28,1638,292,,1,5,4,4202,0,0,0,,0,,"R ST","MAPLE AV",7.00,N,N,A,-,N,,,,,,,,,,N,3,0,1,2,A,-,10,21950,A,N,D,B,D,A,H,-,A,A,0,Y,,,,Y,,A,01,0,1,0,0,1,0,0,0,0,"- ","- ",,,"SANTA BARBARA",LOMPOC,-120.47049948999999,34.645549219999999