CASE_ID,ACCIDENT_YEAR,PROC_DATE,JURIS,COLLISION_DATE,COLLISION_TIME,OFFICER_ID,REPORTING_DISTRICT,DAY_OF_WEEK,CHP_SHIFT,POPULATION,CNTY_CITY_LOC,SPECIAL_COND,BEAT_TYPE,CHP_BEAT_TYPE,CITY_DIVISION_LAPD,CHP_BEAT_CLASS,BEAT_NUMBER,PRIMARY_RD,SECONDARY_RD,DISTANCE,DIRECTION,INTERSECTION,WEATHER_1,WEATHER_2,STATE_HWY_IND,CALTRANS_COUNTY,CALTRANS_DISTRICT,STATE_ROUTE,ROUTE_SUFFIX,POSTMILE_PREFIX,POSTMILE,LOCATION_TYPE,RAMP_INTERSECTION,SIDE_OF_HWY,TOW_AWAY,COLLISION_SEVERITY,NUMBER_KILLED,NUMBER_INJURED,PARTY_COUNT,PRIMARY_COLL_FACTOR,PCF_CODE_OF_VIOL,PCF_VIOL_CATEGORY,PCF_VIOLATION,PCF_VIOL_SUBSECTION,HIT_AND_RUN,TYPE_OF_COLLISION,MVIW,PED_ACTION,ROAD_SURFACE,ROAD_COND_1,ROAD_COND_2,LIGHTING,CONTROL_DEVICE,CHP_ROAD_TYPE,PEDESTRIAN_ACCIDENT,BICYCLE_ACCIDENT,MOTORCYCLE_ACCIDENT,TRUCK_ACCIDENT,NOT_PRIVATE_PROPERTY,ALCOHOL_INVOLVED,STWD_VEHTYPE_AT_FAULT,CHP_VEHTYPE_AT_FAULT,COUNT_SEVERE_INJ,COUNT_VISIBLE_INJ,COUNT_COMPLAINT_PAIN,COUNT_PED_KILLED,COUNT_PED_INJURED,COUNT_BICYCLIST_KILLED,COUNT_BICYCLIST_INJURED,COUNT_MC_KILLED,COUNT_MC_INJURED,PRIMARY_RAMP,SECONDARY_RAMP,LATITUDE,LONGITUDE,COUNTY,CITY,POINT_X,POINT_Y
8078060,2016,2017-02-04,4202,2016-06-03,1458,274,,5,5,4,4202,0,0,0,,0,,"RT 1","HANCOCK DR",0.00,,Y,A,-,Y,SB,5,1,-,R,23.512,I,5,N,Y,4,0,1,2,A,-,12,21453,A,N,D,C,A,A,H,-,A,A,0,,,,,Y,,A,01,0,0,1,0,0,0,0,0,0,"- ","- ",,,"SANTA BARBARA",LOMPOC,-120.45795373,34.681139219999999
8078067,2016,2016-07-14,4202,2016-06-06,1715,23106,,1,5,4,4202,0,0,0,,0,,"NORTH R ST","W WALNUT AV",0.00,,Y,A,-,N,,,,,,,,,,Y,4,0,2,2,A,-,03,22350,,N,C,-,A,A,-,-,A,-,0,,,,,Y,,A,07,0,0,2,0,0,0,0,0,0,"- ","- ",,,"SANTA BARBARA",LOMPOC,-120.47055992,34.640740020000003
8078079,2016,2016-07-14,4202,2016-06-22,1946,15675,LOMPO,3,5,4,4202,0,0,0,,0,,"G ST","E PINE AV",0.00,,Y,A,-,N,,,,,,,,,,Y,4,0,2,2,A,-,09,21801,A,N,A,C,A,A,H,-,A,D,0,,,,,Y,,A,01,0,0,2,0,0,0,0,0,0,"- ","- ",,,"SANTA BARBARA",LOMPOC,-120.45644998,34.650180030000001
8078471,2016,2016-07-15,4202,2016-05-31,1538,292,,2,5,4,4202,0,0,0,,0,,"COLLEGE AV","7TH ST",0.00,,Y,A,-,N,,,,,,,,,,Y,3,0,1,2,A,-,09,21800,C,N,D,G,A,A,H,-,-,A,0,,Y,,,Y,,A,07,0,1,0,0,0,0,1,0,0,"- ","- ",,,"SANTA BARBARA",LOMPOC,-120.44020990999999,34.64687009
8084505,2016,2016-07-21,4203,2016-07-11,1817,7897,50,1,5,5,4203,0,0,0,,0,005,"ANACAPA ST","E QUINTO ST",258.00,S,N,A,-,N,,,,,,,,,,N,3,0,1,1,B,-,22,,,N,E,I,A,A,H,-,A,A,0,,Y,,,Y,,L,04,0,1,0,0,0,0,1,0,0,"- ","- ",34.43618,-119.71930999999999,"SANTA BARBARA","SANTA BARBARA",-119.719219,34.436130769999998
8084534,2016,2016-07-27,4204,2016-06-27,1223,90241,75,1,5,5,4204,0,0,0,,0,003,"BATTLES RD","MCCLELLAND ST",0.00,,Y,A,-,N,,,,,,,,,,N,3,0,1,3,A,-,09,21804,A,N,D,C,A,A,H,-,A,D,0,,,,,Y,,D,22,0,1,0,0,0,0,0,0,0,"- ","- ",34.931469999999997,-120.43057,"SANTA BARBARA","SANTA MARIA",-120.43489993,34.931470099999999
8084761,2016,2016-07-25,4204,2016-07-09,1506,90277,021,6,5,5,4204,0,0,0,,0,001,"PALISADES DR","MCELHANY AV",45.00,N,N,A,-,N,,,,,,,,,,N,2,0,1,3,A,-,21,22106,,N,G,B,F,A,H,-,A,B,0,Y,,,,Y,,A,01,1,0,0,0,1,0,0,0,0,"- ","- ",34.962569999999999,-120.41256,"SANTA BARBARA","SANTA MARIA",-120.41241706,34.962483570000003
8084926,2016,2017-02-04,4202,2016-06-02,0805,292,,4,5,4,4202,0,0,0,,0,,"RT 1","CENTRAL AV",750.00,N,N,A,-,Y,SB,5,1,-,-,22.220,H,-,S,N,4,0,2,3,A,-,03,22350,,N,C,C,A,A,H,-,A,A,0,,,,,Y,,D,22,0,0,2,0,0,0,0,0,0,"- ","- ",,,"SANTA BARBARA",LOMPOC,-120.45782459,34.662998160000001
8085195,2016,2017-02-24,4202,2016-07-05,0830,32104,LOMPO,2,5,4,4202,0,0,0,,0,,"RT 246","RT 1",0.00,,N,B,-,Y,SB,5,1,-,-,19.251,I,5,N,Y,4,0,1,2,A,-,09,21453,,N,D,C,A,A,H,-,A,A,0,,,,,Y,,A,01,0,0,1,0,0,0,0,0,0,"- ","- ",,,"SANTA BARBARA",LOMPOC,-120.43595098,34.641251480000001
8085469,2016,2016-07-28,4203,2016-07-08,0804,5751,75,5,5,5,4203,0,0,0,,0,001,"ALAMEDA PADRE SERRA",GRANADA,135.00,S,N,A,-,N,,,,,,,,,,Y,4,0,1,2,A,-,09,21801,A,N,D,C,A,A,A,H,A,D,0,,,Y,,Y,,D,22,0,0,1,0,0,0,0,0,1,"- ","- ",34.438229999999997,-119.70672,"SANTA BARBARA","SANTA BARBARA",-119.70711,34.438220000000001
8085529,2016,2016-07-21,4203,2016-07-08,1605,7897,12,5,5,5,4203,0,0,0,,0,002,"E YANONALI ST","CALLE CESAR CHAVEZ",21.00,W,N,A,-,N,,,,,,,,,,N,2,0,1,2,A,-,08,22107,,N,D,G,A,A,H,-,A,A,0,,Y,,,Y,,L,04,1,0,0,0,0,0,1,0,0,"- ","- ",34.419359999999998,-119.68364,"SANTA BARBARA","SANTA BARBARA",-119.68360084,34.419353319999999
8085537,2016,2016-07-21,4203,2016-07-11,0629,2602,4203,1,5,5,4203,0,0,0,,0,006,"MIRA MESA DR","CLIFF DR",184.00,N,N,-,-,N,,,,,,,,,,Y,2,0,1,1,A,-,01,23152,A,M,E,I,A,A,H,-,C,D,0,,,,,Y,,-,,1,0,0,0,0,0,0,0,0,"- ","- ",34.399999999999999,-119.43129999999999,"SANTA BARBARA","SANTA BARBARA",-119.71769,34.401178250000001
8085784,2016,2016-07-22,4204,2016-07-13,1524,90242,50,3,5,5,4204,0,0,0,,0,002,"WHITE CT","HANSON WY",0.00,,Y,A,-,N,,,,,,,,,,N,3,0,1,2,A,-,11,21954,A,N,G,B,D,A,H,-,A,D,0,Y,,,,Y,,N,60,0,1,0,0,1,0,0,0,0,"- ","- ",34.94885,-120.46011,"SANTA BARBARA","SANTA MARIA",-120.45999987,34.948840109999999
8085817,2016,2016-07-26,4204,2016-07-03,0123,90365,68,7,5,5,4204,0,0,0,,0,003,BROADWAY,"BATTLES RD",0.00,,Y,A,-,N,,,135,,,,,,,Y,4,0,1,2,A,-,12,21453,A,N,D,C,A,A,H,-,C,A,0,,,,,Y,,-,"- ",0,0,1,0,0,0,0,0,0,"- ","- ",34.931510000000003,-120.43617999999999,"SANTA BARBARA","SANTA MARIA",-120.43611763,34.931510289999999
8085821,2016,2016-07-26,4204,2016-07-07,1716,90323,12,4,5,5,4204,0,0,0,,0,001,"DONOVAN RD","CHARLIE LN",0.00,,Y,A,-,N,,,,,,,,,,N,4,0,1,2,A,-,12,22450,A,N,B,C,A,A,H,-,A,D,0,,,,,Y,,A,01,0,0,1,0,0,0,0,0,0,"- ","- ",34.967469999999999,-120.40638,"SANTA BARBARA","SANTA MARIA",-120.40642986,34.967490079999997
8078929,2016,2016-07-12,4204,2016-06-17,1406,23397,52,5,5,5,4204,0,0,0,,0,002,"COOK ST","MCCLELLAND ST",40.00,E,N,A,-,N,,,,,,,,,,N,4,0,1,2,A,-,07,21658,A,N,B,C,A,A,H,-,A,D,0,,,,,Y,,A,01,0,0,1,0,0,0,0,0,0,"- ","- ",34.949860000000001,-120.43444,"SANTA BARBARA","SANTA MARIA",-120.43414658,34.949861890000001
8078933,2016,2016-07-12,4204,2016-06-24,0624,90277,8,5,5,5,4204,0,0,0,,0,001,"DEJOY ST","COX LN",300.00,N,N,A,-,N,,,,,,,,,,N,4,0,1,2,A,-,03,22350,,N,B,C,A,A,H,-,A,D,0,,,,,Y,,A,01,0,0,1,0,0,0,0,0,0,"- ","- ",34.969340000000003,-120.45208,"SANTA BARBARA","SANTA MARIA",-120.45184226000001,34.970104210000002
8078937,2016,2016-07-12,4204,2016-06-25,2124,90322,10,6,5,5,4204,0,0,0,,0,001,"DONOVAN RD","MILLER ST",50.00,W,N,A,-,N,,,,,,,,,,Y,4,0,3,3,A,-,01,23153,B,N,C,C,A,A,H,-,C,A,0,,,,,Y,Y,A,01,0,0,3,0,0,0,0,0,0,"- ","- ",34.967619999999997,-120.43097,"SANTA BARBARA","SANTA MARIA",-120.43139683,34.967689999999997
8078941,2016,2016-07-12,4204,2016-06-14,1911,90242,13,2,5,5,4204,0,0,0,,0,001,"BENWILEY AV","ORCHARD ST",0.00,,Y,A,-,N,,,,,,,,,,N,4,0,1,2,A,-,09,21800,B,N,D,C,A,A,H,-,A,D,0,,,,,Y,Y,A,01,0,0,1,0,0,0,0,0,0,"- ","- ",34.96611,-120.44529,"SANTA BARBARA","SANTA MARIA",-120.44536999,34.966230060000001
8078945,2016,2016-10-14,4204,2016-06-18,0630,90375,65,6,5,5,4204,0,0,0,,0,003,"BLOSSER RD","LA BREA AV",0.00,,Y,A,-,N,,,,,,,,,,Y,4,0,1,2,A,-,12,21453,A,N,D,C,A,A,H,-,A,A,0,,,,,Y,,A,01,0,0,1,0,0,0,0,0,0,"- ","- ",34.935270000000003,-120.4533,"SANTA BARBARA","SANTA MARIA",-120.45393986000001,34.935200109999997
8078949,2016,2016-07-12,4204,2016-06-21,1803,20894,40,2,5,5,4204,0,0,0,,0,002,"COOK ST","RUSSELL AV",0.00,,Y,-,-,N,,,,,,,,,,Y,4,0,1,2,A,-,08,22100,,N,D,C,A,A,H,-,A,D,0,,,,,Y,Y,A,01,0,0,1,0,0,0,0,0,0,"- ","- ",34.949440000000003,-120.45169,"SANTA BARBARA","SANTA MARIA",-120.45153998000001,34.949610059999998
8078953,2016,2017-02-04,4204,2016-06-23,1122,23656,44,4,5,5,4204,0,0,0,,0,002,BROADWAY,"COOK ST",0.00,,Y,A,-,Y,SB,5,135,-,-,15.530,H,-,N,N,4,0,1,2,A,-,04,21703,,N,C,C,A,A,H,-,A,A,0,,,,,Y,,A,01,0,0,1,0,0,0,0,0,0,"- ","- ",34.9499,-120.43597,"SANTA BARBARA","SANTA MARIA",-120.43584816000001,34.949560830000003
8107538,2016,2016-08-23,4204,2016-07-31,1711,90357,74,7,5,5,4204,0,0,0,,0,003,"THORNBURG ST","SONYA LN",200.00,S,N,A,-,N,,,,,,,,,,N,3,0,1,2,A,-,00,21954,,N,G,B,D,A,H,-,A,D,0,Y,,,,Y,,N,60,0,1,0,0,1,0,0,0,0,"- ","- ",34.927790000000002,-120.44043000000001,"SANTA BARBARA","SANTA MARIA",-120.44054,34.927070659999998
8108657,2016,2017-02-24,4202,2016-07-27,1415,239,LOMPO,3,5,4,4202,0,0,0,,0,015,"RT 246","A ST",75.00,E,N,A,-,Y,SB,5,1,-,-,20.060,H,-,S,N,4,0,1,2,A,-,03,22350,,N,C,C,A,A,H,-,A,A,0,,,,,Y,,A,01,0,0,1,0,0,0,0,0,0,"- ","- ",,,"SANTA BARBARA",LOMPOC,-120.44928856999999,34.638852270000001
8108807,2016,2016-09-13,4200,2016-08-30,1928,4472,14,2,5,4,4214,0,0,0,,0,050,"BARRINGTON DR","AMHERST DR",30.00,W,N,A,-,N,,,,,,,,,,Y,3,0,1,1,A,-,03,22350,,N,E,J,A,A,H,-,C,D,0,,,,,Y,,A,07,0,1,0,0,0,0,0,0,0,"- ","- ",,,"SANTA BARBARA",GOLETA,-119.83495943,34.44747108
8110090,2016,2016-08-30,4204,2016-08-21,0846,90377,33,7,5,5,4204,0,0,0,,0,002,"CURRYER ST","CHAPEL ST",0.00,,Y,A,-,N,,,,,,,,,,N,4,0,1,2,A,-,09,21800,A,F,G,G,A,A,H,-,A,A,0,,Y,,,Y,,L,04,0,0,1,0,0,0,1,0,0,"- ","- ",34.954459999999997,-120.44137000000001,"SANTA BARBARA","SANTA MARIA",-120.44140994,34.954300099999998
8085828,2016,2016-07-26,4200,2016-06-20,1923,3822,14,1,5,4,4214,0,0,0,,0,060,"HOLLISTER AV","STORKE RD",121.00,E,N,A,-,N,,,,,,,,,,N,2,0,1,2,A,-,08,22107,,N,H,G,A,A,H,-,A,A,0,,Y,,,Y,,D,22,1,0,0,0,0,0,1,0,0,"- ","- ",,,"SANTA BARBARA",GOLETA,-119.86934902,34.430102460000001
8085854,2016,2016-07-22,4204,2016-07-12,0941,21338,060,2,5,5,4204,0,0,0,,0,002,"WESTERN AV","COOK ST",0.00,,Y,A,-,N,,,,,,,,,,N,3,0,2,2,A,-,12,22450,A,N,D,C,A,A,H,-,A,A,0,,,,,Y,,-,"- ",0,1,1,0,0,0,0,0,0,"- ","- ",34.949379999999998,-120.44951,"SANTA BARBARA","SANTA MARIA",-120.44938989000001,34.949590059999998
8085858,2016,2016-07-22,4204,2016-07-09,2000,90322,13,6,5,5,4204,0,0,0,,0,001,"BLOSSER RD","DONOVAN RD",600.00,S,N,A,-,N,,,,,,,,,,Y,3,0,2,1,A,-,08,22107,,N,E,I,A,A,H,-,A,D,0,,,,,Y,,A,01,0,1,1,0,0,0,0,0,0,"- ","- ",34.96781,-120.45319000000001,"SANTA BARBARA","SANTA MARIA",-120.45342458,34.966215839999997
8085880,2016,2016-07-22,4204,2016-07-14,1846,90342,,4,5,5,4204,0,0,0,,0,,"MILL ST","MILLER ST",100.00,W,N,A,-,N,,,,,,,,,,N,3,0,1,2,A,-,11,21956,,N,G,B,D,A,H,-,A,D,0,Y,,,,Y,,N,60,0,1,0,0,1,0,0,0,0,"- ","- ",34.955289999999998,-120.43138999999999,"SANTA BARBARA","SANTA MARIA",-120.4317736,34.95535271
8085896,2016,2016-07-22,4204,2016-07-12,1720,23028,61,2,5,5,4204,0,0,0,,0,003,"MORRISON AV","THORNBURG ST",50.00,W,N,A,-,N,,,,,,,,,,Y,3,0,2,1,A,-,08,22107,,N,A,I,A,A,H,-,A,D,0,,,,,Y,,A,01,0,1,1,0,0,0,0,0,0,"- ","- ",34.943210000000001,-120.44005,"SANTA BARBARA","SANTA MARIA",-120.44041636,34.94314979
8085900,2016,2016-07-22,4204,2016-07-12,1138,90274,52,2,5,5,4204,0,0,0,,0,002,"MILLER ST","COOK ST",366.00,S,N,A,-,N,,,,,,,,,,N,4,0,1,2,A,-,21,22106,,N,D,C,A,A,H,-,A,A,0,,,,,Y,,A,01,0,0,1,0,0,0,0,0,0,"- ","- ",34.949800000000003,-120.4316,"SANTA BARBARA","SANTA MARIA",-120.43149,34.948884849999999
8085951,2016,2016-07-25,4200,2016-06-04,1735,4222,14,6,5,4,4214,0,0,0,,0,060,"OVERPASS RD","PATTERSON AV",40.00,W,N,A,-,N,,,,,,,,,,Y,4,0,2,2,A,-,08,22107,,N,B,C,A,A,H,-,A,A,0,,,,,Y,,A,01,0,0,2,0,0,0,0,0,0,"- ","- ",,,"SANTA BARBARA",GOLETA,-119.80878222,34.439088009999999
8085975,2016,2016-07-25,4200,2016-06-14,1036,3683,14,2,5,4,4214,0,0,0,,0,050,"N LA PATERA LN","COVINGTON WY",0.00,,Y,A,-,N,,,,,,,,,,Y,3,0,1,2,A,-,09,21801,A,N,A,C,A,A,H,-,A,D,0,,,,,Y,,A,01,0,1,0,0,0,0,0,0,0,"- ","- ",,,"SANTA BARBARA",GOLETA,-119.84501988,34.445250110000003
8086280,2016,2016-07-25,4203,2016-07-17,1944,9018,65,7,5,5,4203,0,0,0,,0,001,"CANADA ST","MONTECITO PL",0.00,,Y,A,-,N,,,,,,,,,,N,2,0,1,1,A,-,08,22107,,N,F,A,A,A,H,-,A,D,0,,Y,,,Y,,L,04,1,0,0,0,0,0,1,0,0,"- ","- ",34.254339999999999,-119.40421000000001,"SANTA BARBARA","SANTA BARBARA",-119.67830995,34.428660039999997
8086284,2016,2016-07-25,4203,2016-07-15,1808,6972,,5,5,5,4203,0,0,0,,0,006,"MODOC RD","PORTESUELLO AV",0.00,,Y,A,-,N,,,,,,,,,,N,2,0,1,1,A,-,08,22107,,N,E,I,A,A,H,-,A,D,0,,Y,,,Y,Y,L,04,1,0,0,0,0,0,1,0,0,"- ","- ",34.252870000000001,-119.43380000000001,"SANTA BARBARA","SANTA BARBARA",-119.72667989,34.424750019999998
8086288,2016,2016-07-25,4203,2016-07-18,1324,22856,,1,5,5,4203,0,0,0,,0,004,"DE LA VINA ST","W PEDREGOSA ST",0.00,,Y,A,-,N,,,,,,,,,,N,3,0,1,2,D,-,00,,,F,G,B,E,A,D,-,A,D,0,Y,,,,Y,,-,"- ",0,1,0,0,1,0,0,0,0,"- ","- ",34.253999999999998,-119.4256,"SANTA BARBARA","SANTA BARBARA",-119.71572997,34.427780050000003
8110142,2016,2016-08-29,4203,2016-08-16,1419,2717,SBSC,2,5,5,4203,0,0,0,,0,001,"E HALEY ST","MILPAS ST",115.00,W,N,A,-,N,,,,,,,,,,N,4,0,1,2,D,-,00,,,N,B,C,A,A,H,-,A,D,0,,,,,Y,,-,"- ",0,0,1,0,0,0,0,0,0,"- ","- ",34.425310000000003,-119.68644,"SANTA BARBARA","SANTA BARBARA",-119.68562823000001,34.426110489999999
8110146,2016,2016-10-20,4203,2016-08-20,1522,2520,4203,6,5,5,4203,0,0,0,,0,006,"MISSION ST","RT 101",0.00,,N,A,-,N,,,101,,,,,,,N,4,0,1,2,A,-,12,21453,A,N,D,C,A,A,H,-,A,A,0,,,,,Y,,-,,0,0,1,0,0,0,0,0,0,"- ",SO,34.424999999999997,-119.72199999999999,"SANTA BARBARA","SANTA BARBARA",-119.72181323,34.425806520000002
8110154,2016,2016-08-29,4203,2016-08-21,0121,23133,,7,5,5,4203,0,0,0,,0,004,"WEST MICHELTORENA","BATH ST",149.00,W,N,A,-,N,,,,,,,,,,Y,3,0,1,2,D,-,00,,,F,C,E,A,A,H,-,C,D,0,,,,,Y,,-,"- ",0,1,0,0,0,0,0,0,0,"- ","- ",34.422669999999997,-119.71209,"SANTA BARBARA","SANTA BARBARA",-119.71196532,34.422712269999998
8110158,2016,2016-08-29,4203,2016-08-21,1551,22856,,7,5,5,4203,0,0,0,,0,002,"SAN PASCUAL ST","W ORTEGA ST",96.00,S,N,A,-,N,,,,,,,,,,N,4,0,1,2,A,-,03,22350,,N,C,G,A,A,H,-,A,D,0,,Y,,,Y,,L,04,0,0,1,0,0,0,1,0,0,"- ","- ",34.244199999999999,-119.4258,"SANTA BARBARA","SANTA BARBARA",-119.70452136,34.412195760000003
8110363,2016,2016-08-30,4204,2016-08-22,1842,90269,8,1,5,5,4204,0,0,0,,0,001,"ALISON AV","LEE DR",0.00,,Y,A,-,N,,,,,,,,,,Y,2,0,1,2,A,-,01,23152,B,M,A,E,A,A,H,-,A,D,0,,,,,Y,Y,A,07,1,0,0,0,0,0,0,0,0,"- ","- ",34.968260000000001,-120.4498,"SANTA BARBARA","SANTA MARIA",-120.45008991,34.96827004
8110367,2016,2016-08-30,4204,2016-08-22,0809,21513,4,1,5,5,4204,0,0,0,,0,001,"PREISKER LN","JOHNSON DR",107.00,S,N,A,-,N,,,,,,,,,,Y,4,0,1,3,A,-,08,22107,,N,D,C,A,A,H,-,A,D,0,,,,,Y,,A,01,0,0,1,0,0,0,0,0,0,"- ","- ",34.985979999999998,-120.43518,"SANTA BARBARA","SANTA MARIA",-120.4354,34.985666109999997
8110801,2016,2016-10-17,4203,2016-08-16,2300,2520,4203,2,5,5,4203,0,0,0,,0,003,"GARDEN ST","GUTIERREZ ST",0.00,,Y,A,-,N,,,,,,,,,,N,4,0,1,2,A,-,"- ",,,F,D,C,A,A,H,-,C,A,0,,,,,Y,,-,,0,0,1,0,0,0,0,0,0,"- ","- ",34.252600000000001,-119.4128,"SANTA BARBARA","SANTA BARBARA",-119.69077996,34.419080100000002
8110805,2016,2016-08-31,4203,2016-08-14,1213,2059,,7,5,5,4203,0,0,0,,0,,"STATE ST","CONSTANCE AV",0.00,,Y,A,-,N,,,,,,,,,,N,3,0,1,2,A,-,12,22450,,N,-,G,A,A,H,-,A,-,0,,Y,,,Y,,L,04,0,1,0,0,0,0,1,0,0,"- ","- ",34.26117,-119.43207,"SANTA BARBARA","SANTA BARBARA",-119.72232990000001,34.436400089999999
8110809,2016,2016-08-31,4203,2016-08-17,1142,6700,18,3,5,5,4203,0,0,0,,0,006,"CLIFF DR","LIGHTHOUSE RD",0.00,,Y,A,-,N,,,225,,,,,,,Y,3,0,1,2,A,-,09,21802,A,N,D,C,A,A,H,-,A,A,0,,,Y,,Y,,A,07,0,1,0,0,0,0,0,0,1,"- ","- ",34.401260000000001,-119.72108,"SANTA BARBARA","SANTA BARBARA",-119.72106476,34.401332439999997
8111221,2016,2017-02-24,4204,2016-08-21,2055,90268,10,7,5,5,4204,0,0,0,,0,001,BROADWAY,"WILLIAMS ST",0.00,,Y,A,-,Y,SB,5,101,-,-,16.930,I,5,S,Y,4,0,2,2,A,-,09,21801,A,N,A,C,A,A,H,-,C,A,0,,,,,Y,,A,01,0,0,2,0,0,0,0,0,0,"- ","- ",34.969920000000002,-120.43591000000001,"SANTA BARBARA","SANTA MARIA",-119.73995279,34.428983989999999
8111382,2016,2016-10-18,4204,2016-07-11,0547,19101,78,1,5,5,4204,0,0,0,,0,003,"MAHONEY RD","BLACK RD",1100.00,E,N,A,-,N,,,,,,,,,,Y,3,0,1,2,A,-,08,22107,,N,H,A,A,A,H,-,B,D,0,,,Y,,Y,,-,"- ",0,1,0,0,0,0,0,0,1,"- ","- ",34.909799999999997,-120.48966,"SANTA BARBARA","SANTA MARIA",-120.48722517,34.91145246
8112375,2016,2017-02-24,4204,2016-08-22,1750,23028,68,1,5,5,4204,0,0,0,,0,003,BROADWAY,"ENOS DR",0.00,,Y,A,-,Y,SB,5,135,-,-,14.470,I,5,N,N,4,0,1,2,A,-,21,22106,,N,C,C,A,A,H,-,A,A,0,,,,,Y,,A,01,0,0,1,0,0,0,0,0,0,"- ","- ",34.93412,-120.4361,"SANTA BARBARA","SANTA MARIA",-120.43592009,34.934110920000002
8113074,2016,2016-09-07,4202,2016-08-26,1803,239,LOMPO,5,5,4,4202,0,0,0,,0,010,"O ST","LAUREL AV",350.00,S,N,A,-,N,,,,,,,,,,N,4,0,2,2,A,-,03,22350,,F,C,C,A,A,H,-,A,D,0,,,,,Y,Y,D,22,0,0,2,0,0,0,0,0,0,"- ","- ",,,"SANTA BARBARA",LOMPOC,-120.46673,34.642938700000002
8113186,2016,2017-02-24,4204,2016-08-26,1410,90081,82,5,5,5,4204,0,0,0,,0,003,BROADWAY,"MCCOY LN",541.00,N,N,A,-,Y,SB,5,135,-,-,13.360,H,-,N,N,4,0,1,2,A,-,21,22106,,N,C,C,A,A,H,-,A,A,0,,,,,Y,,A,08,0,0,1,0,0,0,0,0,0,"- ","- ",34.916670000000003,-120.43615,"SANTA BARBARA","SANTA MARIA",-120.43592723,34.91814952
8113235,2016,2016-09-07,4202,2016-08-18,1713,239,LOMPO,4,5,4,4202,0,0,0,,0,005,"PINE AV","R ST",0.00,,Y,A,-,N,,,,,,,,,,Y,4,0,2,2,A,-,09,21802,A,N,A,C,A,A,H,-,A,A,0,,,,,Y,,A,01,0,0,2,0,0,0,0,0,0,"- ","- ",,,"SANTA BARBARA",LOMPOC,-120.47043999,34.650320039999997
8113892,2016,2016-09-12,4204,2016-08-25,1045,90277,49,4,5,5,4204,0,0,0,,0,002,"MAIN ST","NICHOLSON AV",0.00,,Y,A,-,N,,,,,,,,,,N,4,0,1,3,A,-,10,21950,A,N,G,B,B,A,H,-,A,D,0,Y,,,,Y,,A,01,0,0,1,0,1,0,0,0,0,"- ","- ",34.95308,-120.41633,"SANTA BARBARA","SANTA MARIA",-120.41639997999999,34.952980029999999
8113912,2016,2016-09-12,4200,2016-08-29,1652,3116,14,1,5,4,4214,0,0,0,,0,050,"FAIRVIEW AV","BERKELEY RD",348.00,N,N,A,-,N,,,,,,,,,,Y,3,0,1,2,A,-,09,21801,A,N,-,C,A,A,H,-,A,D,0,,,,,Y,,A,01,0,1,0,0,0,0,0,0,0,"- ","- ",,,"SANTA BARBARA",GOLETA,-119.83065295999999,34.447175510000001
8114183,2016,2017-02-24,4203,2016-08-26,1614,5751,56,5,5,5,4203,0,0,0,,0,005,"RT 154","LA COLINA RD",102.00,N,N,A,-,Y,SB,5,154,-,R,32.050,H,-,W,Y,4,0,1,2,A,-,03,22350,,N,C,C,A,A,H,-,A,D,0,,,,,Y,,D,22,0,0,1,0,0,0,0,0,0,"- ","- ",34.444330000000001,-119.7599,"SANTA BARBARA","SANTA BARBARA",-119.75987558,34.444307729999998
8114450,2016,2016-09-09,4200,2016-07-29,1537,4608,14,5,5,4,4214,0,0,0,,0,050,"CALLE REAL","KINGSTON AV",435.00,W,N,A,-,N,,,,,,,,,,N,4,0,1,2,A,-,03,22350,,N,C,C,A,A,H,-,A,D,0,,,,,Y,,A,01,0,0,1,0,0,0,0,0,0,"- ","- ",,,"SANTA BARBARA",GOLETA,-119.82312954,34.441195129999997
8114482,2016,2016-09-09,4204,2016-08-29,0820,90267,33,1,5,5,4204,0,0,0,,0,002,"MAIN ST","THORNBURG ST",0.00,,Y,A,-,N,,,166,,,,,,,Y,3,0,1,2,A,-,09,21802,A,N,D,C,A,A,H,-,A,A,0,,,,,Y,,A,01,0,1,0,0,0,0,0,0,0,"- ","- ",34.95326,-120.44034000000001,"SANTA BARBARA","SANTA MARIA",-120.44034007,34.95323965
8114510,2016,2016-09-08,4203,2016-08-26,1240,5751,44,5,5,5,4203,0,0,0,,0,003,"E COTA ST","STATE ST",0.00,,Y,A,-,N,,,,,,,,,,N,4,0,1,2,A,-,03,22350,,N,C,C,A,A,H,-,A,A,0,,,,,Y,,A,07,0,0,1,0,0,0,0,0,0,"- ","- ",34.417749999999998,-119.69678999999999,"SANTA BARBARA","SANTA BARBARA",-119.6967899,34.417730069999998
8114530,2016,2016-09-09,4203,2016-08-09,1739,2602,4203,2,5,5,4203,0,0,0,,0,004,"STATE ST","GUTIERREZ ST",0.00,,Y,A,-,N,,,,,,,,,,N,3,0,1,2,A,-,10,21950,A,N,G,B,B,A,H,-,A,A,0,Y,,,,Y,,-,,0,1,0,0,1,0,0,0,0,"- ","- ",,,"SANTA BARBARA","SANTA BARBARA",-119.69421991,34.415870050000002