CASE_ID,ACCIDENT_YEAR,PROC_DATE,JURIS,COLLISION_DATE,COLLISION_TIME,OFFICER_ID,REPORTING_DISTRICT,DAY_OF_WEEK,CHP_SHIFT,POPULATION,CNTY_CITY_LOC,SPECIAL_COND,BEAT_TYPE,CHP_BEAT_TYPE,CITY_DIVISION_LAPD,CHP_BEAT_CLASS,BEAT_NUMBER,PRIMARY_RD,SECONDARY_RD,DISTANCE,DIRECTION,INTERSECTION,WEATHER_1,WEATHER_2,STATE_HWY_IND,CALTRANS_COUNTY,CALTRANS_DISTRICT,STATE_ROUTE,ROUTE_SUFFIX,POSTMILE_PREFIX,POSTMILE,LOCATION_TYPE,RAMP_INTERSECTION,SIDE_OF_HWY,TOW_AWAY,COLLISION_SEVERITY,NUMBER_KILLED,NUMBER_INJURED,PARTY_COUNT,PRIMARY_COLL_FACTOR,PCF_CODE_OF_VIOL,PCF_VIOL_CATEGORY,PCF_VIOLATION,PCF_VIOL_SUBSECTION,HIT_AND_RUN,TYPE_OF_COLLISION,MVIW,PED_ACTION,ROAD_SURFACE,ROAD_COND_1,ROAD_COND_2,LIGHTING,CONTROL_DEVICE,CHP_ROAD_TYPE,PEDESTRIAN_ACCIDENT,BICYCLE_ACCIDENT,MOTORCYCLE_ACCIDENT,TRUCK_ACCIDENT,NOT_PRIVATE_PROPERTY,ALCOHOL_INVOLVED,STWD_VEHTYPE_AT_FAULT,CHP_VEHTYPE_AT_FAULT,COUNT_SEVERE_INJ,COUNT_VISIBLE_INJ,COUNT_COMPLAINT_PAIN,COUNT_PED_KILLED,COUNT_PED_INJURED,COUNT_BICYCLIST_KILLED,COUNT_BICYCLIST_INJURED,COUNT_MC_KILLED,COUNT_MC_INJURED,PRIMARY_RAMP,SECONDARY_RAMP,LATITUDE,LONGITUDE,COUNTY,CITY,POINT_X,POINT_Y
8114931,2016,2017-02-24,4201,2016-07-16,1356,4689,51,6,5,2,4201,0,0,0,,0,,"GUADALUPE ST","WEST MAIN ST",31.00,S,N,A,-,Y,SB,5,1,-,-,49.180,H,-,N,N,4,0,1,2,A,-,00,20002,,M,C,C,A,A,H,-,A,A,0,,,,,Y,,-,,0,0,1,0,0,0,0,0,0,"- ","- ",,,"SANTA BARBARA",GUADALUPE,-120.57402990999999,34.95732151
8115304,2016,2016-09-02,4203,2016-08-19,1400,22859,,5,5,5,4203,0,0,0,,0,001,"CANON PERDIDO ST","N NOPAL ST",11.00,W,N,A,-,N,,,,,,,,,,N,3,0,2,3,A,-,10,21950,,F,G,B,B,A,H,-,A,A,0,Y,,,,Y,,-,,0,2,0,0,2,0,0,0,0,"- ","- ",34.429000000000002,-119.69199999999999,"SANTA BARBARA","SANTA BARBARA",-119.69159454,34.428967669999999
8115308,2016,2016-09-02,4203,2016-08-25,1156,7774,,4,5,5,4203,0,0,0,,0,004,"STATE ST","PADRE ST",180.00,S,N,A,-,N,,,,,,,,,,N,3,0,1,2,A,-,17,22517,,N,H,G,A,A,H,-,A,D,0,,Y,,,Y,,-,,0,1,0,0,0,0,1,0,0,"- ","- ",34.431350000000002,-119.71553,"SANTA BARBARA","SANTA BARBARA",-119.71558172,34.431443979999997
8115312,2016,2016-09-02,4203,2016-08-14,2050,3626,,7,5,5,4203,0,0,0,,0,002,"CORONEL PL",WENTWORTH,20.00,W,N,A,-,N,,,,,,,,,,N,3,0,1,2,D,-,00,,,N,G,B,E,A,H,-,B,D,0,Y,,,,Y,,-,"- ",0,1,0,0,1,0,0,0,0,"- ","- ",34.411000000000001,-119.7016,"SANTA BARBARA","SANTA BARBARA",-119.70156368000001,34.41112871
8115316,2016,2016-09-02,4203,2016-08-24,2012,6972,,3,5,5,4203,0,0,0,,0,005,"DE LA VINA ST","ARDEN RD",70.00,S,N,A,-,N,,,,,,,,,,N,4,0,1,2,A,-,08,22107,,N,D,G,A,A,H,-,C,D,0,,Y,,,Y,,-,,0,0,1,0,0,0,1,0,0,"- ","- ",34.261339999999997,-119.43361,"SANTA BARBARA","SANTA BARBARA",-119.7266781,34.437107949999998
8115355,2016,2016-09-19,4203,2016-08-27,1801,7187,,6,5,5,4203,0,0,0,,0,005,"STATE ST","BROADMOOR PLZ",102.00,E,N,A,-,N,,,,,,,,,,Y,3,0,1,2,A,-,01,23152,A,M,C,C,A,A,H,-,A,D,0,,,,,Y,Y,-,,0,1,0,0,0,0,0,0,0,"- ","- ",34.440489999999997,-119.73717000000001,"SANTA BARBARA","SANTA BARBARA",-119.73711195999999,34.44041
8115356,2016,2016-09-02,4203,2016-08-22,0802,2059,,1,5,5,4203,0,0,0,,0,003,"LAGUNA ST","VICTORIA ST",0.00,,Y,A,-,N,,,,,,,,,,Y,4,0,4,2,A,-,09,21802,A,N,D,C,A,A,H,-,A,A,0,,,,,Y,,-,,0,0,4,0,0,0,0,0,0,"- ","- ",34.254240000000003,-119.42046999999999,"SANTA BARBARA","SANTA BARBARA",-119.70123,34.428540050000002
8115360,2016,2016-09-02,4203,2016-08-26,1654,7187,,5,5,5,4203,0,0,0,,0,002,"SAN PASCUAL ST","ORTEGA ST",205.00,S,N,A,-,N,,,,,,,,,,N,3,0,1,2,A,-,03,22350,,N,C,C,A,A,H,-,A,D,0,,,,,Y,,-,,0,1,0,0,0,0,0,0,0,"- ","- ",34.411969999999997,-119.70443,"SANTA BARBARA","SANTA BARBARA",-119.70425041,34.411997919999997
8115567,2016,2016-09-06,4203,2016-08-26,1947,6973,,5,5,5,4203,0,0,0,,0,001,"ALAMEDA PADRE SERRA","LOS OLIVOS",0.00,,Y,A,-,N,,,,,,,,,,Y,4,0,1,2,A,-,08,22107,,N,D,C,A,A,H,-,C,D,0,,,,,Y,,-,,0,0,1,0,0,0,0,0,0,"- ","- ",34.439,-119.71299999999999,"SANTA BARBARA","SANTA BARBARA",-119.71311992,34.439040110000001
8116510,2016,2016-09-06,4203,2016-08-28,0150," 3849",31,7,5,5,4203,0,0,0,,0,004,"CHAPALA ST","W CANON PERDIDO ST",66.00,S,N,A,-,N,,,,,,,,,,N,4,0,3,2,D,-,00,,,F,C,C,A,A,H,-,C,A,0,,,,,Y,,-,"- ",0,0,3,0,0,0,0,0,0,"- ","- ",34.251350000000002,-119.4216,"SANTA BARBARA","SANTA BARBARA",-119.70153902,34.419387350000001
8116514,2016,2016-09-06,4203,2016-08-27,2345,23133,,6,5,5,4203,0,0,0,,0,004,"CHAPALA ST","FIGUEROA ST",0.00,,Y,A,-,N,,,,,,,,,,Y,3,0,1,2,A,-,12,21453,A,N,D,C,A,A,H,-,C,A,0,,,,,Y,,-,,0,1,0,0,0,0,0,0,0,"- ","- ",34.420439999999999,-119.70299,"SANTA BARBARA","SANTA BARBARA",-119.70426987,34.421390029999998
8116518,2016,2016-09-06,4203,2016-08-27,2051,23133,,6,5,5,4203,0,0,0,,0,004,"W ANAPAMU ST","DE LA VINA ST",0.00,,Y,A,-,N,,,,,,,,,,Y,4,0,1,2,A,-,12,21453,A,N,D,C,A,A,H,-,C,A,0,,,,,Y,,-,,0,0,1,0,0,0,0,0,0,"- ","- ",34.421239999999997,-119.70677000000001,"SANTA BARBARA","SANTA BARBARA",-119.70673999,34.421240079999997
8116522,2016,2016-09-06,4203,2016-08-18,2034,6972,,4,5,5,4203,0,0,0,,0,004,"W CARRILLO ST","CASTILLO ST",69.00,E,N,A,-,N,,,,,,,,,,,3,0,1,1,A,-,01,21200,5,N,H,A,A,A,H,-,C,A,0,,Y,,,Y,Y,L,04,0,1,0,0,0,0,1,0,0,"- ","- ",34.250309999999999,-119.42222,"SANTA BARBARA","SANTA BARBARA",-119.70620074999999,34.41740351
8116970,2016,2016-09-12,4204,2016-08-19,1928,90322,80,5,5,5,4204,0,0,0,,0,003,"BLOSSER RD","BETTERAVIA RD",20.00,N,N,A,-,N,,,,,,,,,,Y,4,0,1,2,A,-,03,22350,,N,C,C,A,A,H,-,A,A,0,,,,Y,Y,,A,01,0,0,1,0,0,0,0,0,0,"- ","- ",34.92069,-120.45393,"SANTA BARBARA","SANTA MARIA",-120.45408999999999,34.92068493
8117037,2016,2017-02-24,4204,2016-08-30,1653,90338,4204,2,5,5,4204,0,0,0,,0,003,"BETTERAVIA RD","RT 101",0.00,,Y,A,-,Y,SB,5,101,-,-,86.700,R,4,S,N,4,0,1,2,A,-,21,22106,,N,H,C,A,A,H,-,A,D,0,,,,Y,Y,,G,26,0,0,1,0,0,0,0,0,0,"- ",SF,34.923299999999998,-120.41904,"SANTA BARBARA","SANTA MARIA",-120.41802208999999,34.925216640000002
8117076,2016,2016-09-08,4200,2016-08-17,2048,4650,6,3,5,2,4206,0,0,0,,0,010,"MISSION DR","1ST ST",0.00,,Y,A,-,N,,,,,,,,,,N,3,0,1,2,A,-,10,21950,A,N,G,B,B,A,H,-,C,D,0,Y,,,,Y,,A,01,0,1,0,0,1,0,0,0,0,"- ","- ",,,"SANTA BARBARA",SOLVANG,-120.13930992,34.596030089999999
8117128,2016,2016-09-08,4204,2016-08-18,2203,90200,11,4,5,5,4204,0,0,0,,0,001,"DONOVAN RD","CARLOTTI DR",0.00,,Y,B,-,N,,,,,,,,,,Y,4,0,1,2,A,-,09,21803,,N,A,C,A,A,H,-,C,A,0,,,,,Y,,A,01,0,0,1,0,0,0,0,0,0,"- ","- ",34.968029999999999,-120.42066,"SANTA BARBARA","SANTA MARIA",-120.42069997999999,34.967640090000003
8117156,2016,2016-09-07,4204,2016-08-20,2022,90343,35,6,5,5,4204,0,0,0,,0,002,"FESLER ST","MILLER ST",0.00,,Y,A,-,N,,,,,,,,,,N,4,0,1,2,A,-,09,21802,A,F,D,C,A,A,H,-,C,A,0,,,,,Y,,A,01,0,0,1,0,0,0,0,0,0,"- ","- ",34.956420000000001,-120.43134000000001,"SANTA BARBARA","SANTA MARIA",-120.43141991,34.95649006
8117820,2016,2016-09-08,4204,2016-08-31,1745,90228,78,3,5,5,4204,0,0,0,,0,003,"BETTERAVIA RD","MAHONEY RD",0.00,,Y,A,-,N,,,,,,,,,,Y,4,0,1,3,A,-,12,22450,A,N,D,C,A,A,H,-,A,D,0,,,,,Y,,A,01,0,0,1,0,0,0,0,0,0,"- ","- ",34.921210000000002,-120.47497,"SANTA BARBARA","SANTA MARIA",-120.47485998000001,34.920660060000003
8118650,2016,2016-09-15,4204,2016-09-04,2205,90344,03,7,5,5,4204,0,0,0,,0,079,"BETTERAVIA RD","BERRY LN",100.00,W,N,A,-,N,,,,,,,,,,Y,2,0,1,2,A,-,05,21650,,N,D,C,A,-,H,-,D,D,0,,,,,Y,,A,01,1,0,0,0,0,0,0,0,0,"- ","- ",34.920879999999997,-120.46567,"SANTA BARBARA","SANTA MARIA",-120.46603343,34.920764570000003
8118926,2016,2016-09-16,4200,2016-08-29,1422,3683,14,1,5,4,4214,0,0,0,,0,080,"STORKE RD","SANTA FELICIA DR",250.00,S,N,A,-,N,,,,,,,,,,N,4,0,1,2,A,-,21,22106,,N,H,C,A,A,H,-,A,D,0,,,,Y,Y,,F,26,0,0,1,0,0,0,0,0,0,"- ","- ",,,"SANTA BARBARA",GOLETA,-119.86969999999999,34.426003510000001
8118938,2016,2016-09-16,4200,2016-08-11,1034,3683,14,4,5,4,4214,0,0,0,,0,080,"CATHEDRAL OAKS RD","GLENN ANNIE RD",2300.00,E,N,A,-,N,,,,,,,,,,Y,4,0,1,2,A,-,08,22107,,N,D,C,A,A,H,-,A,D,0,,,,,Y,,D,22,0,0,1,0,0,0,0,0,0,"- ","- ",,,"SANTA BARBARA",GOLETA,-119.86700378,34.441749999999999
8118957,2016,2017-02-24,4204,2016-08-23,1336,90081,81,2,5,5,4204,0,0,0,,0,003,BROADWAY,"MCCOY LN",0.00,,Y,A,-,Y,SB,5,135,-,-,13.260,I,5,N,N,4,0,1,2,A,-,04,21703,,N,C,C,A,A,H,-,A,A,0,,,,,Y,,A,07,0,0,1,0,0,0,0,0,0,"- ","- ",34.916670000000003,-120.43615,"SANTA BARBARA","SANTA MARIA",-120.43591462000001,34.91667082
8119313,2016,2017-02-24,4202,2016-08-10,1728,295,,3,5,4,4202,0,0,0,,0,,"RT 1","COLLEGE AV",158.00,N,N,-,-,Y,SB,5,1,-,-,21.150,H,-,S,Y,4,0,1,3,A,-,03,22350,,N,C,C,A,A,H,-,A,A,0,,,,,Y,,A,01,0,0,1,0,0,0,0,0,0,"- ","- ",,,"SANTA BARBARA",LOMPOC,-120.45786662,34.647464100000001
8119317,2016,2016-09-15,4202,2016-08-21,0226,,LOMPO,7,5,4,4202,0,0,0,,0,,"AIRPORT AV","RIVERSIDE DR",0.00,,Y,A,B,N,,,,,,,,,,Y,3,0,1,1,A,-,01,23152,A,M,H,J,A,A,H,-,C,D,0,,,,,Y,Y,D,22,0,1,0,0,0,0,0,0,0,"- ","- ",,,"SANTA BARBARA",LOMPOC,-120.43646990000001,34.648670019999997
8119461,2016,2016-09-13,4202,2016-08-07,1533,LOMPOC,,7,5,4,4202,0,0,0,,0,,"OLIVE AV","D ST",144.00,W,N,A,-,N,,,,,,,,,,Y,3,0,1,1,-,-,"- ",,,N,F,J,A,A,H,-,A,D,0,,,,,Y,,-,"- ",0,1,0,0,0,0,0,0,0,"- ","- ",,,"SANTA BARBARA",LOMPOC,-120.45335851999999,34.63409386
8119842,2016,2016-09-23,4204,2016-09-01,0612,90200,78,4,5,5,4204,0,0,0,,0,003,BETTERAVIA,MAHONEY,120.00,W,N,B,-,N,,,,,,,,,,Y,4,0,1,2,A,-,03,22350,,N,C,C,A,A,H,-,B,D,0,,,,Y,Y,,A,07,0,0,1,0,0,0,0,0,0,"- ","- ",34.921210000000002,-120.47497,"SANTA BARBARA","SANTA MARIA",-120.475088,34.920919920000003
8120885,2016,2016-09-15,4204,2016-09-04,2107,90364,016,7,5,5,4204,0,0,0,,0,B01,"DONOVAN RD","MCCLELLAND ST",0.00,,Y,A,-,N,,,,,,,,,,Y,3,0,2,2,A,-,01,23152,A,N,A,C,A,A,H,-,C,D,0,,,,,Y,Y,A,01,0,1,1,0,0,0,0,0,0,"- ","- ",34.967709999999997,-120.43315,"SANTA BARBARA","SANTA MARIA",-120.4344499,34.96770008
8120922,2016,2016-09-14,4204,2016-09-06,0713,19527,094,2,5,5,4204,0,0,0,,0,032,"UNION VALLEY PKWY","FOXENWOOD LN",0.00,,Y,A,-,N,,,,,,,,,,Y,4,0,1,2,A,-,09,21802,A,N,D,C,A,A,H,-,A,A,0,,,,,Y,,A,01,0,0,1,0,0,0,0,0,0,"- ","- ",34.879640000000002,-120.43876,"SANTA BARBARA","SANTA MARIA",-120.43874995,34.87962005
8120937,2016,2016-09-15,4204,2016-09-04,0811,90346,75,7,5,5,4204,0,0,0,,0,003,"COLLEGE DR","BETTERAVIA RD",0.00,,Y,A,-,N,,,,,,,,,,Y,3,0,1,2,A,-,05,21650,,N,E,J,A,A,H,-,A,A,0,,,Y,,Y,,A,01,0,1,0,0,0,0,0,0,0,"- ","- ",34.923499999999997,-120.42565,"SANTA BARBARA","SANTA MARIA",-120.42563995,34.923750060000003
8121233,2016,2017-03-06,4200,2016-09-02,1455,4512,SANTA,5,5,2,4206,0,0,0,,0,,"MISSION DR","PARK WY",0.00,,N,A,-,Y,SB,5,246,-,-,29.490,H,-,E,Y,4,0,1,2,A,-,03,22350,,N,C,C,A,A,H,-,A,D,0,,,,,Y,,A,01,0,0,1,0,0,0,0,0,0,"- ","- ",,,"SANTA BARBARA",SOLVANG,-120.14088848,34.596030749999997
8121374,2016,2017-03-03,4204,2016-08-31,1914,20894,42,3,5,5,4204,0,0,0,,0,002,"MAIN ST",BROADWAY,20.00,W,N,A,-,Y,SB,5,166,-,-,7.860,H,-,E,Y,4,0,1,2,A,-,08,22100,,M,C,D,A,A,H,-,A,D,0,,,,,Y,Y,-,,0,0,1,0,0,0,0,0,0,"- ","- ",34.953139999999998,-120.43586000000001,"SANTA BARBARA","SANTA MARIA",-120.43606551000001,34.953069800000002
8121399,2016,2016-09-23,4203,2016-08-30,1749,1985,,2,5,5,4203,0,0,0,,0,004,"CHAPALA ST","W FIGUEROA ST",0.00,,Y,A,-,N,,,,,,,,,,N,4,0,1,2,A,-,11,21456,B,N,G,B,B,A,H,-,A,A,0,Y,,,,Y,,N,60,0,0,1,0,1,0,0,0,0,"- ","- ",34.251600000000003,-119.42149999999999,"SANTA BARBARA","SANTA BARBARA",-119.70426987,34.421390029999998
8121563,2016,2016-09-19,4203,2016-09-05,1318,1985,,1,5,5,4203,0,0,0,,0,001,"CANON PERDIDO ST","NOPAL ST",0.00,,Y,A,-,N,,,,,,,,,,Y,3,0,1,2,A,-,09,21801,A,N,D,C,A,A,H,-,A,A,0,,,,,Y,,-,,0,1,0,0,0,0,0,0,0,"- ","- ",34.254399999999997,-119.41289999999999,"SANTA BARBARA","SANTA BARBARA",-119.69156999,34.428990040000002
8121567,2016,2016-09-19,4203,2016-09-04,1935,22857,,7,5,5,4203,0,0,0,,0,006,"SAN ANDRES ST","MICHELTORENA ST",0.00,S,N,A,-,N,,,,,,,,,,N,2,0,1,1,D,-,00,,,N,H,A,A,A,H,-,B,D,0,,Y,,,Y,Y,-,"- ",1,0,0,0,0,0,1,0,0,"- ","- ",34.256999999999998,-119.42570000000001,"SANTA BARBARA","SANTA BARBARA",-119.71617997,34.418780060000003
8121571,2016,2016-09-19,4203,2016-09-03,1745,6577,,6,5,5,4203,0,0,0,,0,004,"BATH ST","W ANAPAMU ST",0.00,,Y,A,-,N,,,,,,,,,,Y,2,0,2,2,A,-,09,21802,A,N,D,G,A,A,H,-,A,A,0,,Y,Y,,Y,,L,04,1,1,0,0,0,0,1,0,1,"- ","- ",34.420169999999999,-119.70795,"SANTA BARBARA","SANTA BARBARA",-119.70783991,34.420230089999997
8121575,2016,2016-12-01,4203,2016-09-03,2006,22854,,6,5,5,4203,0,0,0,,0,006,"CLIFF DR","MESA LN",695.00,W,N,A,-,N,,,,,,,,,,Y,4,0,1,3,A,-,04,21703,,N,C,E,A,A,H,-,D,D,0,,,,,Y,,-,,0,0,1,0,0,0,0,0,0,"- ","- ",34.241529999999997,-119.43573000000001,"SANTA BARBARA","SANTA BARBARA",-119.73246653,34.404201329999999
8121579,2016,2016-09-19,4203,2016-09-10,1735,7187,,6,5,5,4203,0,0,0,,0,002,"CORONA DEL MAR","CABRILLO BL",12.00,N,N,A,-,N,,,,,,,,,,N,4,0,1,2,A,-,08,22107,,N,D,G,A,A,H,-,B,D,0,,Y,,,Y,,-,,0,0,1,0,0,0,1,0,0,"- ","- ",34.41713,-119.67092,"SANTA BARBARA","SANTA BARBARA",-119.6708484,34.417062199999997
8121583,2016,2017-03-06,4203,2016-09-02,1624,6972,,5,5,5,4203,0,0,0,,0,004,"W CARRILLO ST","RT 101",66.00,E,N,A,-,Y,SB,5,101,-,R,14.920,R,4,S,N,4,0,5,2,A,-,03,22350,A,N,C,C,A,A,H,-,A,A,0,,,,,Y,,-,,0,0,5,0,0,0,0,0,0,"- ",SO,34.245840000000001,-119.42268,"SANTA BARBARA","SANTA BARBARA",-119.70951238000001,34.417590279999999
8121663,2016,2017-02-24,4202,2016-08-30,1436,292,,2,5,4,4202,0,0,0,,0,,"RT 1","BRISA DEL MAR",662.00,S,N,A,-,Y,SB,5,1,-,-,22.970,H,-,N,Y,4,0,1,3,A,-,03,22350,,N,C,C,A,A,H,-,A,A,0,,,,,Y,,D,22,0,0,1,0,0,0,0,0,0,"- ","- ",,,"SANTA BARBARA",LOMPOC,-120.45706044000001,34.6738243
8121732,2016,2017-02-24,4202,2016-08-25,1146,292,,4,5,4,4202,0,0,0,,0,,"RT 1","CENTRAL AV",0.00,,Y,A,-,Y,SB,5,1,-,-,22.068,I,5,N,Y,4,0,1,2,A,-,12,21453,A,N,D,C,A,A,H,-,A,A,0,,,,,Y,,A,07,0,0,1,0,0,0,0,0,0,"- ","- ",,,"SANTA BARBARA",LOMPOC,-120.45762454,34.660807200000001
8121736,2016,2016-09-19,4202,2016-08-17,1310,292,,3,5,4,4202,0,0,0,,0,,"CENTRAL AV","O ST",0.00,,Y,A,-,N,,,,,,,,,,Y,3,0,2,2,A,-,12,21453,A,N,D,C,A,A,H,-,A,A,0,,,,,Y,,A,07,0,1,1,0,0,0,0,0,0,"- ","- ",,,"SANTA BARBARA",LOMPOC,-120.46640987000001,34.660900089999998
8121740,2016,2017-02-24,4202,2016-08-28,1406,10251,LOMPO,7,5,4,4202,0,0,0,,0,,"RT 1","A ST",122.00,E,N,A,-,Y,SB,5,1,-,-,20.050,I,6,N,Y,4,0,1,2,A,-,09,21804,,N,D,C,A,A,H,-,A,A,0,,,,,Y,,A,01,0,0,1,0,0,0,0,0,0,"- ","- ",,,"SANTA BARBARA",LOMPOC,-120.44907418,34.638940689999998
8121744,2016,2017-02-24,4202,2016-08-23,0751,292,,2,5,4,4202,0,0,0,,0,,"RT 1","BARTON AV",84.00,N,N,A,-,Y,SB,5,1,-,-,21.830,H,-,N,Y,4,0,3,3,A,-,03,22350,,N,C,C,A,A,H,-,A,A,0,,,,,Y,,A,07,0,0,3,0,0,0,0,0,0,"- ","- ",,,"SANTA BARBARA",LOMPOC,-120.45754903,34.657347649999998
8121934,2016,2016-09-19,4204,2016-09-10,2351,90415,09,6,5,5,4204,0,0,0,,0,001,"PINE ST","DONOVAN RD",0.00,,Y,A,-,N,,,,,,,,,,N,4,0,1,2,A,-,01,23153,A,F,C,E,A,A,H,-,C,A,0,,,,,Y,Y,-,,0,0,1,0,0,0,0,0,0,"- ","- ",34.967829999999999,-120.43783000000001,"SANTA BARBARA","SANTA MARIA",-120.43800999,34.967730109999998
8121942,2016,2016-11-09,4204,2016-09-09,2000,90341,60,5,5,5,4204,0,0,0,,0,003,"STOWELL RD","BLOSSER RD",0.00,,Y,A,-,N,,,,,,,,,,Y,4,0,2,3,A,-,01,23152,A,N,A,C,A,A,H,-,C,A,0,,,,,Y,Y,A,01,0,0,2,0,0,0,0,0,0,"- ","- ",,,"SANTA BARBARA","SANTA MARIA",-120.45389993000001,34.938780000000001
8121946,2016,2016-09-19,4204,2016-09-09,1745,90343,26,5,5,5,4204,0,0,0,,0,001,"EL CAMINO ST","PINE ST",145.00,W,N,A,-,N,,,,,,,,,,Y,4,0,1,2,A,-,08,22107,,N,D,C,A,A,H,-,A,D,0,,,,,Y,,A,01,0,0,1,0,0,0,0,0,0,"- ","- ",34.958629999999999,-120.43886999999999,"SANTA BARBARA","SANTA MARIA",-120.43928373999999,34.958513230000001
8121949,2016,2017-03-06,4204,2016-09-10,1618,90373,44,6,5,5,4204,0,0,0,,0,002,BROADWAY,"COOK ST",0.00,,Y,A,-,Y,SB,5,135,-,-,15.700,H,-,N,N,4,0,2,3,A,-,03,22350,,N,C,C,A,A,H,-,A,A,0,,,,,Y,,A,01,0,0,2,0,0,0,0,0,0,"- ","- ",34.9499,-120.43597,"SANTA BARBARA","SANTA MARIA",-120.4358115,34.952030460000003
8121950,2016,2016-09-19,4204,2016-09-08,2237,90270,67,4,5,5,4204,0,0,0,,0,B03,BROADWAY,"ENOS DR",100.00,S,N,A,-,N,,,135,,,,,,,Y,4,0,1,2,A,-,01,23152,A,N,A,C,A,A,H,-,C,D,0,,,,,Y,Y,A,01,0,0,1,0,0,0,0,0,0,"- ","- ",34.93412,-120.4361,"SANTA BARBARA","SANTA MARIA",-120.43612960999999,34.934119870000004
8121985,2016,2016-09-19,4204,2016-09-10,2250,90415,09,6,5,5,4204,0,0,0,,0,001,"WILLIAMS ST","GUNDERSON LN",294.00,W,N,A,-,N,,,,,,,,,,N,4,0,1,3,A,-,01,23153,A,F,C,E,A,A,H,-,C,A,0,,,,,Y,Y,A,01,0,0,1,0,0,0,0,0,0,"- ","- ",34.970660000000002,-120.43932,"SANTA BARBARA","SANTA MARIA",-120.44007101,34.970550000000003
8121989,2016,2016-09-19,4202,2016-09-06,1806,277,,2,5,4,4202,0,0,0,,0,,"COLLEGE AV","I ST",0.00,,Y,A,-,N,,,,,,,,,,Y,4,0,2,3,A,-,03,22350,,N,C,C,A,A,H,-,A,D,0,,,,,Y,,A,07,0,0,2,0,0,0,0,0,0,"- ","- ",,,"SANTA BARBARA",LOMPOC,-120.45909985999999,34.647040019999999
8121993,2016,2016-09-19,4202,2016-09-07,1307,292,,3,5,4,4202,0,0,0,,0,,"7TH ST","COLLEGE AV",103.00,S,N,A,-,N,,,,,,,,,,Y,3,0,3,2,A,-,00,23153,E,N,A,E,A,A,H,-,A,A,0,,,,,Y,,A,01,0,2,1,0,0,0,0,0,0,"- ","- ",,,"SANTA BARBARA",LOMPOC,-120.44021176,34.646587080000003
8121997,2016,2016-09-19,4202,2016-09-06,1149,292,,2,5,4,4202,0,0,0,,0,,"NORTH AV","I ST",455.00,W,N,A,-,N,,,,,,,,,,Y,4,0,1,2,A,-,09,21804,A,N,D,C,A,A,H,-,A,D,0,,,,,Y,,A,01,0,0,1,0,0,0,0,0,0,"- ","- ",,,"SANTA BARBARA",LOMPOC,-120.46061234,34.653410000000001
8122206,2016,2016-09-14,4204,2016-09-03,2325,90200,03,6,5,5,4204,0,0,0,,0,001,"RAILROAD AV","RANCHO VERDE",0.00,,Y,B,-,N,,,,,,,,,,Y,4,0,1,2,A,-,01,23152,A,F,C,C,A,A,H,-,C,D,0,,,,,Y,Y,A,07,0,0,1,0,0,0,0,0,0,"- ","- ",34.977139999999999,-120.44446000000001,"SANTA BARBARA","SANTA MARIA",-120.44431993000001,34.977340099999999
8122935,2016,2017-02-18,4204,2016-08-18,0616,90200,57,4,5,5,4204,0,0,0,,0,002,BROADWAY,"MORRISON AV",0.00,,Y,B,-,Y,SB,5,135,-,-,15.080,I,5,N,Y,4,0,2,2,A,-,12,21453,A,N,D,C,A,A,H,-,A,A,0,,,,,Y,,A,07,0,0,2,0,0,0,0,0,0,"- ","- ",34.943089999999998,-120.4358,"SANTA BARBARA","SANTA MARIA",-120.43595740000001,34.943095
8086327,2016,2017-02-24,4204,2016-07-04,1719,90026,68,1,5,5,4204,0,0,0,,0,001,BROADWAY,"MCELHANY AV",50.00,S,N,A,-,Y,SB,5,135,-,-,16.400,H,-,S,N,3,0,1,2,A,-,03,22350,,M,C,-,A,A,H,-,A,D,0,,,,,Y,,A,01,0,1,0,0,0,0,0,0,0,"- ","- ",34.96246,-120.43565,"SANTA BARBARA","SANTA MARIA",-120.43578501,34.96220048
8086373,2016,2016-07-20,4204,2016-07-05,1215,18261,59,2,5,5,4204,0,0,0,,0,002,"SIERRA MADRE AV","CONCEPCION AV",150.00,W,N,A,-,N,,,,,,,,,,Y,4,0,2,2,A,-,05,21650,,N,A,C,A,A,H,-,A,A,0,,,,,Y,,D,22,0,0,2,0,0,0,0,0,0,"- ","- ",34.940240000000003,-120.42258,"SANTA BARBARA","SANTA MARIA",-120.4230903,34.940214410000003
8086604,2016,2016-07-20,4202,2016-06-18,1623,222,LOMPO,6,5,4,4202,0,0,0,,0,,"F ST","PRUNE AV",0.00,,Y,A,-,N,,,,,,,,,,Y,4,0,1,2,A,-,08,22100,A,N,D,C,A,A,H,-,A,D,0,,,,Y,Y,,A,01,0,0,1,0,0,0,0,0,0,"- ","- ",,,"SANTA BARBARA",LOMPOC,-120.45522994,34.647780060000002