CASE_ID,ACCIDENT_YEAR,PROC_DATE,JURIS,COLLISION_DATE,COLLISION_TIME,OFFICER_ID,REPORTING_DISTRICT,DAY_OF_WEEK,CHP_SHIFT,POPULATION,CNTY_CITY_LOC,SPECIAL_COND,BEAT_TYPE,CHP_BEAT_TYPE,CITY_DIVISION_LAPD,CHP_BEAT_CLASS,BEAT_NUMBER,PRIMARY_RD,SECONDARY_RD,DISTANCE,DIRECTION,INTERSECTION,WEATHER_1,WEATHER_2,STATE_HWY_IND,CALTRANS_COUNTY,CALTRANS_DISTRICT,STATE_ROUTE,ROUTE_SUFFIX,POSTMILE_PREFIX,POSTMILE,LOCATION_TYPE,RAMP_INTERSECTION,SIDE_OF_HWY,TOW_AWAY,COLLISION_SEVERITY,NUMBER_KILLED,NUMBER_INJURED,PARTY_COUNT,PRIMARY_COLL_FACTOR,PCF_CODE_OF_VIOL,PCF_VIOL_CATEGORY,PCF_VIOLATION,PCF_VIOL_SUBSECTION,HIT_AND_RUN,TYPE_OF_COLLISION,MVIW,PED_ACTION,ROAD_SURFACE,ROAD_COND_1,ROAD_COND_2,LIGHTING,CONTROL_DEVICE,CHP_ROAD_TYPE,PEDESTRIAN_ACCIDENT,BICYCLE_ACCIDENT,MOTORCYCLE_ACCIDENT,TRUCK_ACCIDENT,NOT_PRIVATE_PROPERTY,ALCOHOL_INVOLVED,STWD_VEHTYPE_AT_FAULT,CHP_VEHTYPE_AT_FAULT,COUNT_SEVERE_INJ,COUNT_VISIBLE_INJ,COUNT_COMPLAINT_PAIN,COUNT_PED_KILLED,COUNT_PED_INJURED,COUNT_BICYCLIST_KILLED,COUNT_BICYCLIST_INJURED,COUNT_MC_KILLED,COUNT_MC_INJURED,PRIMARY_RAMP,SECONDARY_RAMP,LATITUDE,LONGITUDE,COUNTY,CITY,POINT_X,POINT_Y
8086643,2016,2017-02-04,4202,2016-06-26,1823,239,LOMPO,7,5,4,4202,0,0,0,,0,,"HARRIS GRADE RD","RT 1",18.00,S,N,A,-,Y,SB,5,1,-,R,23.320,H,-,N,Y,4,0,2,1,A,-,03,22350,,N,F,J,A,A,H,-,A,A,0,,,,,Y,,A,07,0,0,2,0,0,0,0,0,0,"- ","- ",,,"SANTA BARBARA",LOMPOC,-120.45615290000001,34.67865303
8086647,2016,2016-08-24,4202,2016-06-30,0606,239,LOMPO,4,5,4,4202,0,0,0,,0,017,"7TH ST","OLIVE AV",0.00,,Y,B,-,N,,,,,,,,,,Y,4,0,3,2,A,-,09,21802,A,N,A,C,A,A,H,-,B,A,0,,,,,Y,,A,01,0,0,3,0,0,0,0,0,0,"- ","- ",,,"SANTA BARBARA",LOMPOC,-120.44035989,34.633970079999997
8086709,2016,2016-07-19,4203,2016-07-10,0329,7570,17,7,5,5,4203,0,0,0,,0,006,"OCEANO AV","CLIFF DR",117.00,S,N,A,-,N,,,,,,,,,,Y,3,0,1,4,D,-,00,,,F,B,E,A,A,H,-,C,D,0,,,,,Y,,-,"- ",0,1,0,0,0,0,0,0,0,"- ","- ",,,"SANTA BARBARA","SANTA BARBARA",-119.70523433,34.404092489999996
8087522,2016,2017-02-04,4200,2016-06-28,1703,4608,14,2,5,2,4212,0,0,0,,0,,"RT 246","FREEAR DR",0.00,,Y,A,-,Y,SB,5,246,-,-,26.510,H,-,E,Y,3,0,1,1,A,-,08,22107,,N,E,I,A,A,H,-,A,A,0,,,,,Y,,A,07,0,1,0,0,0,0,0,0,0,"- ","- ",,,"SANTA BARBARA",BUELLTON,-120.18657557,34.610696590000003
8087606,2016,2016-07-26,4203,2016-07-08,1912,22856,,5,5,5,4203,0,0,0,,0,003,"OLIVE ST","E HALEY ST",126.00,S,N,A,-,N,,,,,,,,,,N,3,0,1,2,D,-,00,,,F,H,G,A,A,H,-,A,D,0,,Y,,,Y,,-,"- ",0,1,0,0,0,0,1,0,0,"- ","- ",34.251800000000003,-119.4121,"SANTA BARBARA","SANTA BARBARA",-119.68952494,34.421903829999998
8087622,2016,2016-07-19,4203,2016-07-05,1734,3510,SBX,2,5,5,4203,0,0,0,,0,004,"W MICHELTORENA ST","STATE ST",234.00,E,N,A,-,N,,,,,,,,,,Y,3,0,1,2,A,-,08,22107,,N,F,E,A,A,H,-,A,D,0,,,,,Y,,-,,0,1,0,0,0,0,0,0,0,"- ","- ",34.253230000000002,-119.42319000000001,"SANTA BARBARA","SANTA BARBARA",-119.70832,34.426169999999999
8088477,2016,2016-08-15,4204,2016-07-08,1339,90363,82,5,5,5,4204,0,0,0,,0,003,"BETTERAVIA RD","MILLER ST",0.00,,Y,A,-,N,,,,,,,,,,Y,4,0,1,2,A,-,12,21453,A,N,D,C,A,A,H,-,A,A,0,,,,,Y,,A,01,0,0,1,0,0,0,0,0,0,"- ","- ",34.922350000000002,-120.43127,"SANTA BARBARA","SANTA MARIA",-120.43128989,34.922600070000001
8088536,2016,2016-08-11,4203,2016-07-23,2056,22854,23,6,5,5,4203,0,0,0,,0,006,"SAN ANDRES","MISSION ST",9.00,S,N,A,-,N,,,,,,,,,,N,3,0,1,2,B,-,22,,,N,G,B,B,A,H,-,C,A,0,Y,,,,Y,Y,-,"- ",0,1,0,0,1,0,0,0,0,"- ","- ",34.252299999999998,-119.43210000000001,"SANTA BARBARA","SANTA BARBARA",-119.72245748,34.423343809999999
8122946,2016,2016-12-01,4201,2016-08-30,1751,5159,51,2,5,2,4201,0,0,0,,0,,"WEST MAIN ST","PACIFIC DUNES WY",17.00,W,N,A,-,N,,,,,,,,,,Y,3,0,1,2,A,-,08,22107,,N,D,C,A,A,H,-,A,A,0,,,,,Y,,-,,0,1,0,0,0,0,0,0,0,"- ","- ",,,"SANTA BARBARA",GUADALUPE,-120.58535671,34.957630829999999
8122955,2016,2017-01-24,4202,2016-08-12,2152,234,,5,5,4,4202,0,0,0,,0,,"EAST OCEAN AV","EAST OCEAN AV 1600",0.00,,-,A,-,Y,SB,5,1,-,-,19.380,H,-,S,N,3,0,1,1,A,-,03,22350,,N,H,A,A,A,H,-,C,D,0,,,Y,,Y,,C,02,0,1,0,0,0,0,0,0,1,"- ","- ",,,"SANTA BARBARA",LOMPOC,-120.43796020000001,34.640139730000001
8123647,2016,2016-11-04,4204,2016-09-02,1838,90242,59,5,5,5,4204,0,0,0,,0,002,"STOWELL RD","COLLEGE DR",0.00,,Y,A,-,N,,,,,,,,,,Y,3,0,2,2,A,-,12,21453,A,N,D,C,A,A,H,-,A,A,0,,,,Y,Y,,G,25,0,1,1,0,0,0,0,0,0,"- ","- ",34.938470000000002,-120.42487,"SANTA BARBARA","SANTA MARIA",-120.42487987,34.938390050000002
8123655,2016,2016-12-17,4204,2016-09-10,2251,90273,4204,6,5,5,4204,0,0,0,,0,001,"ALVIN AV","WALNUT DR",0.00,,Y,A,-,N,,,,,,,,,,Y,4,0,1,2,A,-,01,23153,A,N,D,E,A,A,H,-,C,A,0,,,,Y,Y,Y,A,01,0,0,1,0,0,0,0,0,0,"- ","- ",34.960529999999999,-120.43929,"SANTA BARBARA","SANTA MARIA",-120.43928996,34.960460089999998
8123659,2016,2017-03-03,4204,2016-09-13,2003,90242,5,2,5,5,4204,0,0,0,,0,001,BROADWAY,"GRANT ST",0.00,,Y,A,-,Y,SB,5,135,-,-,17.130,I,5,S,Y,4,0,2,2,A,-,12,21453,A,N,D,C,A,A,H,-,B,D,0,,,,,Y,,-,"- ",0,0,2,0,0,0,0,0,0,"- ","- ",34.972790000000003,-120.43577000000001,"SANTA BARBARA","SANTA MARIA",-120.43567462,34.972775820000003
8123738,2016,2016-09-20,4203,2016-09-14,1635,23133,,3,5,5,4203,0,0,0,,0,004,"CHAPALA ST","HALEY ST",0.00,,Y,A,-,N,,,,,,,,,,Y,4,0,3,2,A,-,09,21801,A,N,A,C,A,A,H,-,A,A,0,,,,,Y,,-,,0,0,3,0,0,0,0,0,0,"- ","- ",34.415750000000003,-119.69665000000001,"SANTA BARBARA","SANTA BARBARA",-119.69664985999999,34.415750099999997
8124923,2016,2016-09-21,4203,2016-09-08,1400,22854,,4,5,5,4203,0,0,0,,0,003,"E HALEY ST","ANACAPA ST",196.00,E,N,A,-,N,,,,,,,,,,N,3,0,1,2,D,-,00,,,N,H,G,A,A,H,-,A,D,0,,Y,,,Y,,-,"- ",0,1,0,0,0,0,1,0,0,"- ","- ",,,"SANTA BARBARA","SANTA BARBARA",-119.69387033,34.418333490000002
8125511,2016,2017-02-18,4202,2016-09-15,1227,295,LOMPO,4,5,4,4202,0,0,0,,0,,"RT 1","PINE AV",9.00,S,N,A,-,Y,SB,5,1,-,-,21.320,H,-,N,Y,4,0,1,4,A,-,08,22107,,N,C,E,A,A,-,-,A,A,0,,,,,Y,,D,22,0,0,1,0,0,0,0,0,0,"- ","- ",,,"SANTA BARBARA",LOMPOC,-120.45772205,34.649937989999998
8126141,2016,2016-09-20,4204,2016-09-14,1041,90322,82,3,5,5,4204,0,0,0,,0,003,"BETTERAVIA RD","MILLER ST",100.00,E,N,A,-,N,,,,,,,,,,Y,3,0,2,2,A,-,03,22350,,M,C,C,A,A,H,-,A,A,0,,,,,Y,,A,01,0,1,1,0,0,0,0,0,0,"- ","- ",34.922350000000002,-120.43127,"SANTA BARBARA","SANTA MARIA",-120.43100493,34.922742530000001
8126264,2016,2016-09-20,4203,2016-08-25,1830,6693,5,4,5,5,4203,0,0,0,,0,005,"DE LA VINA ST","W ALAMAR AV",132.00,S,N,A,-,N,,,,,,,,,,N,4,0,1,2,D,-,00,,,N,C,C,A,A,H,-,A,D,0,,,,,Y,,-,"- ",0,0,1,0,0,0,0,0,0,"- ","- ",34.260599999999997,-119.4328,"SANTA BARBARA","SANTA BARBARA",-119.72481922999999,34.435176830000003
8126785,2016,2017-02-24,4202,2016-07-31,1457,,LOMPO,7,5,4,4202,0,0,0,,0,,"RT 1","BARTON AV",535.00,S,N,A,-,Y,SB,5,1,-,-,21.710,H,-,S,Y,4,0,3,3,A,-,03,22350,,N,C,C,A,A,H,-,A,D,0,,,,,Y,,A,01,0,0,3,0,0,0,0,0,0,"- ","- ",,,"SANTA BARBARA",LOMPOC,-120.4577199,34.655605340000001
8127893,2016,2016-10-03,4203,2016-09-17,1338,7189,,6,5,5,4203,0,0,0,,0,003,"DE LA VINA ST","W CANON PERDIDO ST",0.00,,Y,A,-,N,,,,,,,,,,N,4,0,1,2,A,-,12,22450,A,N,D,G,A,A,H,-,A,D,0,,Y,,,Y,,L,04,0,0,1,0,0,0,1,0,0,"- ","- ",34.426920000000003,-119.69378,"SANTA BARBARA","SANTA BARBARA",-119.70284988,34.418399999999998
8128100,2016,2016-09-28,4204,2016-09-18,1125,90026,1,7,5,5,4204,0,0,0,,0,004,"TAYLOR ST","CURRYER ST",500.00,W,N,A,-,N,,,,,,,,,,N,4,0,1,2,A,-,03,22350,,N,C,C,A,A,H,-,A,D,0,,,Y,,Y,,C,02,0,0,1,0,0,0,0,0,1,"- ","- ",34.975119999999997,-120.44081,"SANTA BARBARA","SANTA MARIA",-120.4423584,34.9750333
8128104,2016,2017-03-06,4204,2016-09-17,2151,90415,32,6,5,5,4204,0,0,0,,0,002,MAIN,BENWILEY,0.00,,Y,A,-,Y,SB,5,166,-,-,7.330,I,5,W,Y,4,0,1,2,A,-,08,22107,,F,D,C,A,A,H,-,C,A,0,,,,,Y,,A,01,0,0,1,0,0,0,0,0,0,"- ","- ",,,"SANTA BARBARA","SANTA MARIA",-120.44560202,34.953309959999999
8128248,2016,2016-09-28,4200,2016-09-03,1859,3077,14,6,5,4,4214,0,0,0,,0,080,"CALLE REAL","PLUMAS AV",0.00,,Y,A,-,N,,,,,,,,,,Y,4,0,2,2,A,-,09,21802,A,N,D,C,A,A,H,-,A,A,0,,,,,Y,,A,01,0,0,2,0,0,0,0,0,0,"- ","- ",,,"SANTA BARBARA",GOLETA,-119.87704999,34.4331101
8128252,2016,2016-09-28,4200,2016-09-13,2320,4057,14,2,5,4,4214,0,0,0,,0,080,"ENTRANCE RD","HOLLISTER AV",7.00,S,N,A,-,N,,,,,,,,,,N,3,0,1,2,A,-,10,21950,A,F,G,B,B,A,H,-,C,A,0,Y,,,,Y,,A,01,0,1,0,0,1,0,0,0,0,"- ","- ",,,"SANTA BARBARA",GOLETA,-119.88613038,34.429840779999999
8128256,2016,2016-09-28,4200,2016-09-10,1903,3636,14,6,5,3,4205,0,0,0,,0,040,"CARPINTERIA AV","REYNOLDS AV",17.00,E,N,A,-,N,,,,,,,,,,N,3,0,2,3,A,-,10,21950,A,N,G,B,B,A,H,-,A,A,0,Y,,,,Y,,A,01,0,2,0,0,2,0,0,0,0,"- ","- ",,,"SANTA BARBARA",CARPINTERIA,-119.52529444,34.401712420000003
8128435,2016,2016-09-29,4200,2016-09-08,0832,3983,14,4,5,4,4214,0,0,0,,0,080,"GLENN ANNIE RD","CATHEDRAL OAKS RD",0.00,,Y,A,-,N,,,,,,,,,,Y,4,0,1,2,A,-,09,21801,A,N,A,C,A,A,H,-,A,A,0,,,,,Y,,A,01,0,0,1,0,0,0,0,0,0,"- ","- ",,,"SANTA BARBARA",GOLETA,-119.87452991000001,34.440840110000003
8129002,2016,2016-09-27,4203,2016-09-18,2211,3510,SBX,7,5,5,4203,0,0,0,,0,005,"STATE ST","LA CUMBRE RD",54.00,W,N,A,-,N,,,,,,,,,,Y,4,0,3,3,A,-,01,23152,A,N,C,C,A,A,H,-,C,A,0,,,,,Y,Y,-,,0,0,3,0,0,0,0,0,0,"- ","- ",34.440420000000003,-119.75112,"SANTA BARBARA","SANTA BARBARA",-119.75122871000001,34.440492059999997
8129686,2016,2016-09-27,4204,2016-09-15,0756,87555,10,4,5,5,4204,0,0,0,,0,001,"DONOVAN RD","MILLER ST",20.00,E,N,A,-,N,,,,,,,,,,N,4,0,1,2,A,-,03,22350,,N,C,C,A,A,H,-,A,A,0,,,,,Y,,A,07,0,0,1,0,0,0,0,0,0,"- ","- ",34.967619999999997,-120.43097,"SANTA BARBARA","SANTA MARIA",-120.43116327,34.967689999999997
8129692,2016,2016-11-03,4203,2016-09-12,1517,6700,24,1,5,5,4203,0,0,0,,0,006,"LAS POSITAS RD","MODOC RD",0.00,,Y,B,-,N,,,,,,,,,,N,4,0,1,2,D,-,00,,,N,H,G,A,A,H,-,A,A,0,,Y,,,Y,,-,"- ",0,0,1,0,0,0,1,0,0,"- ","- ",,,"SANTA BARBARA","SANTA BARBARA",-119.73479994,34.426110020000003
8129738,2016,2016-09-27,4204,2016-09-06,1503,22807,8,2,5,5,4204,0,0,0,,0,001,"BLOSSER RD","TAYLOR ST",50.00,S,N,A,-,N,,,,,,,,,,Y,4,0,1,2,A,-,00,26158,A,N,-,C,A,A,H,-,A,D,0,,,,,Y,,D,22,0,0,1,0,0,0,0,0,0,"- ","- ",34.975119999999997,-120.45366,"SANTA BARBARA","SANTA MARIA",-120.45348507999999,34.97500273
8129772,2016,2016-09-23,4203,2016-09-16,2335,23133,,5,5,5,4203,0,0,0,,0,006,"CLIFF DR","LA VISTA DEL OCEANO",239.00,E,N,A,-,N,,,225,,,,,,,Y,3,0,1,4,A,-,01,23152,A,N,B,E,A,A,H,-,C,D,0,,,,,Y,Y,-,,0,1,0,0,0,0,0,0,0,"- ","- ",34.400979999999997,-119.71507,"SANTA BARBARA","SANTA BARBARA",-119.71505438,34.400899809999999
8129780,2016,2016-09-23,4203,2016-09-17,2101,2736,,6,5,5,4203,0,0,0,,0,004,"CHAPALA ST","COTA ST",100.00,N,N,A,-,N,,,,,,,,,,Y,4,0,1,2,A,-,01,23152,A,N,C,E,A,A,H,-,C,A,0,,,,,Y,Y,-,,0,0,1,0,0,0,0,0,0,"- ","- ",34.25318,-119.42039,"SANTA BARBARA","SANTA BARBARA",-119.69819001,34.416849280000001
8129784,2016,2016-09-23,4203,2016-09-08,1415,6700,18,4,5,5,4203,0,0,0,,0,006,"MEIGS RD","ELISE WY",620.00,S,N,A,-,N,,,,,,,,,,N,3,0,2,2,D,-,00,,,N,H,G,A,A,H,-,A,D,0,,Y,,,Y,,-,"- ",0,2,0,0,0,0,2,0,0,"- ","- ",34.398339999999997,-119.72252,"SANTA BARBARA","SANTA BARBARA",-119.72246610000001,34.398412710000002
8129788,2016,2017-03-06,4203,2016-09-03,1125,22859,,6,5,5,4203,0,0,0,,0,006,"W MISSION ST","RT 101",8.00,W,N,B,-,Y,SB,5,101,-,R,15.860,R,4,N,Y,4,0,2,2,A,-,17,21451,A,N,D,C,A,A,H,-,A,A,0,,,,,Y,,-,,0,0,2,0,0,0,0,0,0,"- ",NO,34.25,-119.72,"SANTA BARBARA","SANTA BARBARA",-119.72218999,34.426047570000001
8129864,2016,2016-09-23,4203,2016-08-31,1522,6700,42,3,5,5,4203,0,0,0,,0,003,"ANAPAMU ST","STATE ST",198.00,E,N,A,-,N,,,,,,,,,,N,3,0,1,2,A,-,17,22517,,N,H,E,A,A,A,H,A,D,0,,Y,,,Y,,A,07,0,1,0,0,0,0,1,0,0,"- ","- ",34.423870000000001,-119.70403,"SANTA BARBARA","SANTA BARBARA",-119.70447,34.423349999999999
8130014,2016,2016-09-26,4204,2016-09-15,0942,90277,22,4,5,5,4204,0,0,0,,0,001,"SUEY RD","ALVIN AV",0.00,,Y,A,-,N,,,,,,,,,,Y,4,0,1,1,A,-,01,23152,A,N,E,I,A,A,H,-,A,D,0,,,,,Y,,A,01,0,0,1,0,0,0,0,0,0,"- ","- ",34.960099999999997,-120.40873999999999,"SANTA BARBARA","SANTA MARIA",-120.40894991,34.960130030000002
8130025,2016,2017-03-06,4204,2016-09-17,2015,20894,16,6,5,5,4204,0,0,0,,0,002,BROADWAY,"DONOVAN RD",300.00,S,N,A,-,Y,SB,5,135,-,-,16.710,H,-,N,N,4,0,2,3,A,-,01,23153,A,N,C,C,A,A,H,-,C,D,0,,,,,Y,Y,A,01,0,0,2,0,0,0,0,0,0,"- ","- ",34.967759999999998,-120.43544,"SANTA BARBARA","SANTA MARIA",-120.43563113,34.96672435
8130057,2016,2016-10-20,4203,2016-08-31,1554,5751,20,3,5,5,4203,0,0,0,,0,002,"WENTWORTH AV","W COTA ST",150.00,N,N,A,-,N,,,,,,,,,,Y,3,0,1,2,A,-,21,22106,,N,D,C,A,A,H,-,A,D,0,,,,,Y,,A,01,0,1,0,0,0,0,0,0,0,"- ","- ",34.412520000000001,-119.70346000000001,"SANTA BARBARA","SANTA BARBARA",-119.7031411,34.412403910000002
8130064,2016,2016-09-27,4204,2016-09-18,1807,90375,75,7,5,5,4204,0,0,0,,0,003,BROADWAY,"NEWLOVE DR",0.00,,Y,A,-,N,,,135,,,,,,,N,2,0,1,2,A,-,10,21950,A,F,G,B,B,A,H,-,A,A,0,Y,,,,Y,,A,07,1,0,0,0,1,0,0,0,0,"- ","- ",34.929879999999997,-120.43622000000001,"SANTA BARBARA","SANTA MARIA",-120.43612563000001,34.929879829999997
8130112,2016,2016-09-27,4204,2016-08-25,1645,21338,083,4,5,5,4204,0,0,0,,0,003,"BETTERAVIA RD","BRADLEY RD",200.00,W,N,A,-,N,,,,,,,,,,Y,4,0,1,3,A,-,03,22350,,N,C,C,A,A,H,-,A,A,0,,,Y,,Y,,C,02,0,0,1,0,0,0,0,0,0,"- ","- ",,,"SANTA BARBARA","SANTA MARIA",-120.42273692000001,34.923733300000002
8130736,2016,2017-03-06,4200,2016-09-09,1652,4608,14,5,5,2,4212,0,0,0,,0,010,"RT 246","SYCAMORE RD",0.00,,Y,A,-,Y,SB,5,246,-,R,25.273,H,-,W,Y,3,0,2,2,A,-,09,21802,A,N,D,C,A,A,H,-,A,A,0,,,,,Y,,D,22,0,2,0,0,0,0,0,0,0,"- ","- ",,,"SANTA BARBARA",BUELLTON,-120.20580855999999,34.618260800000002
8131717,2016,2017-02-24,4200,2016-08-18,1400,4608,14,4,5,2,4212,0,0,0,,0,010,"RT 246","PARK ST",38.00,W,N,A,-,Y,SB,5,246,-,R,25.910,H,-,W,N,4,0,1,2,A,-,09,21801,A,N,D,C,A,A,H,-,A,D,0,,,,,Y,,A,07,0,0,1,0,0,0,0,0,0,"- ","- ",,,"SANTA BARBARA",BUELLTON,-120.19573563,34.614306210000002
8131927,2016,2016-09-29,4200,2016-07-28,1007,3683,14,4,5,4,4214,0,0,0,,0,,"S FAIRVIEW AV","DALEY ST",0.00,,Y,A,-,N,,,,,,,,,,N,3,0,1,2,A,-,05,21650,1,F,D,G,A,A,H,-,A,D,0,,Y,,,Y,,L,04,0,1,0,0,0,0,1,0,0,"- ","- ",,,"SANTA BARBARA",GOLETA,-119.83067988000001,34.430920049999997
8131956,2016,2016-11-21,4203,2016-09-17,1650,7897,52,6,5,5,4203,0,0,0,,0,005,"STATE ST","ONTARE RD",150.00,W,N,A,-,N,,,,,,,,,,N,3,0,1,2,A,-,08,22107,,N,D,G,A,A,H,-,A,A,0,,,,,Y,,A,01,0,1,0,0,0,0,0,0,0,"- ","- ",,,"SANTA BARBARA","SANTA BARBARA",-119.74058707,34.440415340000001
8131984,2016,2016-09-30,4203,2016-09-15,1824,22854,,4,5,5,4203,0,0,0,,0,005,"STATE ST","LA CUMBRE RD",318.00,E,N,A,-,N,,,,,,,,,,Y,4,0,2,3,D,-,00,,,N,C,C,A,A,H,-,A,A,0,,,,,Y,,-,"- ",0,0,2,0,0,0,0,0,0,"- ","- ",34.262500000000003,-119.44589999999999,"SANTA BARBARA","SANTA BARBARA",-119.74999621000001,34.440489999999997
8132243,2016,2016-10-04,4204,2016-09-09,0653,90139,,5,5,5,4204,0,0,0,,0,,"BETTERAVIA RD","A ST",400.00,W,N,A,-,N,,,,,,,,,,Y,3,0,1,2,A,-,09,21804,A,N,D,C,A,A,H,-,A,D,0,,,,,Y,,D,22,0,1,0,0,0,0,0,0,0,"- ","- ",34.920839999999998,-120.46404,"SANTA BARBARA","SANTA MARIA",-120.46534382,34.920760000000001
8132267,2016,2016-10-04,4204,2016-09-24,0041,90200,16,6,5,5,4204,0,0,0,,0,001,"ALVIN AV","WALNUT DR",0.00,,Y,A,-,N,,,,,,,,,,N,4,0,1,3,A,-,01,23152,A,F,A,C,A,A,H,-,C,D,0,,,,,Y,Y,A,01,0,0,1,0,0,0,0,0,0,"- ","- ",34.960529999999999,-120.43929,"SANTA BARBARA","SANTA MARIA",-120.43928996,34.960460089999998
8132282,2016,2017-03-06,4204,2016-09-16,1432,90373,36,5,5,5,4204,0,0,0,,0,002,"MAIN ST","COLLEGE DR",0.00,,Y,A,-,Y,SB,5,166,-,-,8.500,H,-,E,Y,4,0,1,2,A,-,03,22350,,N,C,C,A,A,H,-,A,A,0,,,,,Y,,A,01,0,0,1,0,0,0,0,0,0,"- ","- ",34.952930000000002,-120.42484,"SANTA BARBARA","SANTA MARIA",-120.42489062,34.953065819999999
8132286,2016,2017-03-06,4204,2016-09-09,1351,90139,81,5,5,5,4204,0,0,0,,0,003,"MCCOY LN",BROADWAY,0.00,,Y,A,-,Y,SB,5,135,-,-,13.260,I,5,N,Y,3,0,2,3,A,-,09,21453,C,N,A,C,A,A,H,-,A,A,0,,,,,Y,,A,07,0,2,0,0,0,0,0,0,0,"- ","- ",34.916670000000003,-120.43615,"SANTA BARBARA","SANTA MARIA",-120.43591462000001,34.91667082
8132287,2016,2016-10-04,4203,2016-09-15,0739,6700,18,4,5,5,4203,0,0,0,,0,006,"CLIFF DR","MEIGS RD",10.00,W,N,A,-,N,,,225,,,,,,,N,2,0,2,2,A,-,11,21456,B,N,G,B,B,A,H,-,A,A,0,Y,,,,Y,,N,60,1,0,1,0,1,0,0,0,0,"- ","- ",34.401600000000002,-119.72221999999999,"SANTA BARBARA","SANTA BARBARA",-119.72222499,34.401574699999998
8132290,2016,2017-03-06,4204,2016-09-25,1929,19101,25,7,5,5,4204,0,0,0,,0,001,BROADWAY,"MILLER ST",0.00,,Y,A,-,Y,SB,5,135,-,-,12.740,I,5,N,N,4,0,1,2,A,-,09,21804,A,N,D,C,A,A,H,-,C,A,0,,,,,Y,,A,01,0,0,1,0,0,0,0,0,0,"- ","- ",34.909170000000003,-120.43617999999999,"SANTA BARBARA","SANTA MARIA",-120.43586162,34.90909782
8132316,2016,2017-03-06,4204,2016-09-17,1954,90343,57,6,5,5,4204,0,0,0,,0,002,BROADWAY,"PARK AV",200.00,N,N,A,-,Y,SB,5,135,-,-,15.220,H,-,S,Y,3,0,3,2,A,-,03,22350,,N,C,C,A,A,H,-,C,D,0,,,,,Y,,D,22,0,1,2,0,0,0,0,0,0,"- ","- ",34.944499999999998,-120.43576,"SANTA BARBARA","SANTA MARIA",-120.43605546000001,34.945052509999996
8132330,2016,2016-10-04,4203,2016-09-13,1709,2399,,2,5,5,4203,0,0,0,,0,006,"MODOC RD","LAS POSITAS",68.00,W,N,A,-,N,,,,,,,,,,N,3,0,1,2,A,-,09,21453,B,N,B,G,A,A,H,-,A,A,0,,Y,,,Y,,-,,0,1,0,0,0,0,1,0,0,"- ","- ",34.253500000000003,-119.44065999999999,"SANTA BARBARA","SANTA BARBARA",-119.73496313,34.426238789999999
8132334,2016,2016-10-04,4203,2016-09-15,1416,5751,35,4,5,5,4203,0,0,0,,0,004,"DE LA VINA ST","WEST LOS OLIVOS ST",344.00,S,N,A,-,N,,,,,,,,,,Y,4,0,1,2,C,-,18,,,N,C,E,A,A,H,-,A,D,0,,,,,Y,,-,"- ",0,0,1,0,0,0,0,0,0,"- ","- ",34.43018,-119.71889,"SANTA BARBARA","SANTA BARBARA",-119.71862514,34.430028100000001
8132342,2016,2016-10-04,4203,2016-09-15,1434,7189,,4,5,5,4203,0,0,0,,0,001,"NORTH MILPAS ST","EAST ORTEGA ST",0.00,,Y,A,-,N,,,,,,,,,,Y,4,0,1,2,A,-,03,22350,,N,C,C,A,A,H,-,A,D,0,,,,,Y,,-,,0,0,1,0,0,0,0,0,0,"- ","- ",34.25414,-119.41163,"SANTA BARBARA","SANTA BARBARA",-119.68789987,34.428200080000003
8132370,2016,2016-10-04,4204,2016-09-16,1826,90373,36,5,5,5,4204,0,0,0,,0,002,"COLLEGE DR","CHAPEL ST",0.00,,Y,A,-,N,,,,,,,,,,N,4,0,1,2,A,-,12,22450,A,N,D,C,A,A,H,-,A,A,0,,,,,Y,,A,01,0,0,1,0,0,0,0,0,0,"- ","- ",34.954099999999997,-120.42476000000001,"SANTA BARBARA","SANTA MARIA",-120.42480996,34.954260089999998
8132382,2016,2016-10-04,4204,2016-09-09,1856,90139,81,5,5,5,4204,0,0,0,,0,003,"THORNBURG ST","DAL PORTO LN",0.00,,Y,A,-,N,,,,,,,,,,Y,4,0,1,2,A,-,03,22350,,N,C,C,A,A,H,-,B,D,0,,,,,Y,,A,01,0,0,1,0,0,0,0,0,0,"- ","- ",34.922289999999997,-120.44061000000001,"SANTA BARBARA","SANTA MARIA",-120.44054993,34.922170029999997
8132891,2016,2016-10-26,4200,2016-09-27,0703,3683,14,2,5,4,4214,0,0,0,,0,060,"NECTARINE AV","MANDARIN AV",128.00,N,N,A,-,N,,,,,,,,,,N,3,0,1,2,A,-,11,21954,A,N,G,B,D,A,H,-,A,D,0,Y,,,,Y,,N,60,0,1,0,0,1,0,0,0,0,"- ","- ",,,"SANTA BARBARA",GOLETA,-119.8266,34.437691469999997
8132959,2016,2016-10-27,4204,2016-10-14,2046,90342,76,5,5,5,4204,0,0,0,,0,002,"BRADLEY RD","BETTERAVIA RD E",290.00,S,N,A,-,N,,,,,,,,,,Y,4,0,2,2,A,-,09,21804,,N,D,C,A,A,H,-,A,D,0,,,,,Y,,A,01,0,0,2,0,0,0,0,0,0,"- ","- ",34.923380000000002,-120.41987,"SANTA BARBARA","SANTA MARIA",-120.42203351000001,34.922944039999997