CASE_ID,ACCIDENT_YEAR,PROC_DATE,JURIS,COLLISION_DATE,COLLISION_TIME,OFFICER_ID,REPORTING_DISTRICT,DAY_OF_WEEK,CHP_SHIFT,POPULATION,CNTY_CITY_LOC,SPECIAL_COND,BEAT_TYPE,CHP_BEAT_TYPE,CITY_DIVISION_LAPD,CHP_BEAT_CLASS,BEAT_NUMBER,PRIMARY_RD,SECONDARY_RD,DISTANCE,DIRECTION,INTERSECTION,WEATHER_1,WEATHER_2,STATE_HWY_IND,CALTRANS_COUNTY,CALTRANS_DISTRICT,STATE_ROUTE,ROUTE_SUFFIX,POSTMILE_PREFIX,POSTMILE,LOCATION_TYPE,RAMP_INTERSECTION,SIDE_OF_HWY,TOW_AWAY,COLLISION_SEVERITY,NUMBER_KILLED,NUMBER_INJURED,PARTY_COUNT,PRIMARY_COLL_FACTOR,PCF_CODE_OF_VIOL,PCF_VIOL_CATEGORY,PCF_VIOLATION,PCF_VIOL_SUBSECTION,HIT_AND_RUN,TYPE_OF_COLLISION,MVIW,PED_ACTION,ROAD_SURFACE,ROAD_COND_1,ROAD_COND_2,LIGHTING,CONTROL_DEVICE,CHP_ROAD_TYPE,PEDESTRIAN_ACCIDENT,BICYCLE_ACCIDENT,MOTORCYCLE_ACCIDENT,TRUCK_ACCIDENT,NOT_PRIVATE_PROPERTY,ALCOHOL_INVOLVED,STWD_VEHTYPE_AT_FAULT,CHP_VEHTYPE_AT_FAULT,COUNT_SEVERE_INJ,COUNT_VISIBLE_INJ,COUNT_COMPLAINT_PAIN,COUNT_PED_KILLED,COUNT_PED_INJURED,COUNT_BICYCLIST_KILLED,COUNT_BICYCLIST_INJURED,COUNT_MC_KILLED,COUNT_MC_INJURED,PRIMARY_RAMP,SECONDARY_RAMP,LATITUDE,LONGITUDE,COUNTY,CITY,POINT_X,POINT_Y
8133423,2016,2016-10-04,4202,2016-08-14,1405,00080,LOMPO,7,5,4,4202,0,0,0,,0,,"O ST","CENTRAL AV",0.00,,Y,A,-,N,,,,,,,,,,N,4,0,1,2,A,-,04,21703,,N,C,C,A,A,E,H,A,A,0,,,,,Y,,B,01,0,0,1,0,0,0,0,0,0,"- ","- ",,,"SANTA BARBARA",LOMPOC,-120.46640987000001,34.660900089999998
8133427,2016,2016-10-04,4202,2016-09-19,1002,292,,1,5,4,4202,0,0,0,,0,,"CENTRAL AV","RT 1",400.00,W,N,A,-,N,,,,,,,,,,N,4,0,1,2,A,-,09,21804,A,N,B,C,A,A,H,-,A,A,0,,,,,Y,,D,22,0,0,1,0,0,0,0,0,0,"- ","- ",,,"SANTA BARBARA",LOMPOC,-120.45901945,34.660789999999999
8133634,2016,2017-02-18,4202,2016-09-07,1741,239,LOMPO,3,5,4,4202,0,0,0,,0,004,"RT 1","CENTRAL AV",339.00,N,N,A,-,Y,SB,5,1,-,-,22.130,H,-,N,Y,3,0,1,2,A,-,03,22350,,N,C,C,A,A,-,-,A,A,0,,,,,Y,,A,01,0,1,0,0,0,0,0,0,0,"- ","- ",,,"SANTA BARBARA",LOMPOC,-120.45763051,34.661699759999998
8133692,2016,2016-10-03,4203,2016-09-19,0820,6700,63,1,5,5,4203,0,0,0,,0,001,"SALINAS ST","HARMON ST",0.00,,Y,B,-,N,,,,,,,,,,N,4,0,1,2,A,-,09,21802,A,N,D,C,A,A,A,-,A,A,0,,,,,Y,,A,07,0,0,1,0,0,0,0,0,0,"- ","- ",34.42266,-119.66761,"SANTA BARBARA","SANTA BARBARA",-119.66755987000001,34.422670060000002
8133877,2016,2016-10-04,4203,2016-09-15,1310,5751,52,4,5,5,4203,0,0,0,,0,005,"STATE ST","N ONTARE ST",289.00,E,N,A,-,N,,,,,,,,,,Y,4,0,2,3,A,-,03,22350,,N,C,C,A,A,H,-,A,D,0,,,,,Y,,A,07,0,0,2,0,0,0,0,0,0,"- ","- ",34.440449999999998,-119.73905999999999,"SANTA BARBARA","SANTA BARBARA",-119.73913238,34.440408159999997
8133942,2016,2016-10-04,4203,2016-09-15,1710,6972,,4,5,5,4203,0,0,0,,0,004,"W HALEY ST","FIG AV",0.00,,Y,A,-,N,,,,,,,,,,Y,4,0,1,2,A,-,08,22107,,N,B,C,A,A,H,-,A,D,0,,,Y,,Y,,A,01,0,0,1,0,0,0,0,0,1,"- ","- ",34.245899999999999,-119.41457,"SANTA BARBARA","SANTA BARBARA",-119.69605998,34.416300059999998
8133974,2016,2016-11-16,4203,2016-09-26,0209,23889,4203,1,5,5,4203,0,0,0,,0,004,"CHAPALA ST","SOLA ST",195.00,N,N,A,-,N,,,,,,,,,,Y,3,0,2,1,A,-,01,23152,,F,E,I,A,A,H,-,C,A,0,,,,,Y,Y,A,01,0,2,0,0,0,0,0,0,0,"- ","- ",34.252800000000001,-119.42310000000001,"SANTA BARBARA","SANTA BARBARA",-119.70861601,34.424563110000001
8133978,2016,2016-11-16,4203,2016-09-23,1830,6972,,5,5,5,4203,0,0,0,,0,005,"S LA CUMBRE RD","CALLE REAL",9.00,N,N,A,-,N,,,,,,,,,,N,4,0,1,2,A,-,03,22350,A,N,C,C,A,A,H,-,A,A,0,,,,,Y,,-,,0,0,1,0,0,0,0,0,0,"- ","- ",34.261409999999998,-119.45037000000001,"SANTA BARBARA","SANTA BARBARA",-119.75101426000001,34.437250990000003
8134804,2016,2016-10-28,4203,2016-09-26,1203,22856,,1,5,5,4203,0,0,0,,0,002,"W CARRILLO BL","BATH ST",0.00,,Y,A,-,N,,,,,,,,,,N,3,0,1,2,A,-,10,21950,A,N,G,B,B,A,H,-,A,D,0,Y,,,,Y,,-,,0,1,0,0,1,0,0,0,0,"- ","- ",34.24335,-119.41352999999999,"SANTA BARBARA","SANTA BARBARA",-119.70524995,34.418320020000003
8134808,2016,2016-10-06,4203,2016-09-21,1349,5751,36,3,5,5,4203,0,0,0,,0,005,"DE LA VINA ST","W PUEBLO ST",0.00,,Y,A,-,N,,,,,,,,,,N,4,0,2,2,A,-,08,22100,B,N,D,C,A,A,H,-,A,D,0,,,,,Y,,D,22,0,0,2,0,0,0,0,0,0,"- ","- ",34.431510000000003,-119.72054,"SANTA BARBARA","SANTA BARBARA",-119.72067991999999,34.431650040000001
8134880,2016,2016-10-06,4203,2016-09-28,2308,6577,4203,3,5,5,4203,0,0,0,,0,006,MODOC,"PINE DR",201.00,S,N,A,-,N,,,,,,,,,,Y,3,0,1,2,A,-,01,23152,A,N,D,C,A,A,H,-,C,D,0,,,,,Y,Y,A,01,0,1,0,0,0,0,0,0,0,"- ","- ",34.425040000000003,-119.73081999999999,"SANTA BARBARA","SANTA BARBARA",-119.73069687,34.424986590000003
8134908,2016,2016-10-05,4203,2016-09-23,1722,7187,,5,5,5,4203,0,0,0,,0,002,"CABRILLO BL","CALLE PUERTO VALLARTA",689.00,W,N,A,-,N,,,,,,,,,,Y,3,0,5,2,A,-,08,22102,,N,D,C,A,A,H,-,A,D,0,,,,,Y,,-,,0,1,4,0,0,0,0,0,0,"- ","- ",34.245649999999998,-119.40389,"SANTA BARBARA","SANTA BARBARA",-119.67748797,34.415743669999998
8134932,2016,2016-10-18,4203,2016-09-26,0801,23515,,1,5,5,4203,0,0,0,,0,006,"MODOC RD","PILGRIM TERRACE DR",20.00,N,N,A,-,N,,,,,,,,,,N,4,0,1,2,A,-,03,22350,,N,C,C,A,A,H,-,A,D,0,,,,,Y,,A,01,0,0,1,0,0,0,0,0,0,"- ","- ",34.252800000000001,-119.43423,"SANTA BARBARA","SANTA BARBARA",-119.72828,34.424669999999999
8134936,2016,2016-10-06,4203,2016-09-23,1501,5751,35,5,5,5,4203,0,0,0,,0,004,"STATE ST","W LOS OLIVOS ST",0.00,,Y,A,-,N,,,,,,,,,,N,3,0,2,3,A,-,10,21950,A,N,G,B,B,A,H,-,A,D,0,Y,,,,Y,,A,01,0,2,0,0,2,0,0,0,0,"- ","- ",34.432630000000003,-119.71725000000001,"SANTA BARBARA","SANTA BARBARA",-119.71724987,34.432670100000003
8134940,2016,2016-11-30,4203,2016-09-27,2010,22857,,2,5,5,4203,0,0,0,,0,005,"E CONSTANCE ST","CONSTANCE LN",8.00,W,N,A,-,N,,,,,,,,,,Y,3,0,2,1,C,-,18,,,N,E,I,A,A,-,-,D,D,0,,,,,Y,,-,"- ",0,1,1,0,0,0,0,0,0,"- ","- ",34.261499999999998,-119.43170000000001,"SANTA BARBARA","SANTA BARBARA",-119.72034218,34.438067959999998
8135300,2016,2016-10-06,4200,2016-09-25,0842,4776,14,7,5,4,4214,0,0,0,,0,050,"ARUNDEL RD","BERKELEY RD",397.00,N,N,A,-,N,,,,,,,,,,N,3,0,1,2,A,-,03,22350,,N,C,E,A,A,H,-,A,D,0,,Y,,,Y,,L,04,0,1,0,0,0,0,1,0,0,"- ","- ",,,"SANTA BARBARA",GOLETA,-119.82508,34.446945409999998
8135303,2016,2017-03-06,4204,2016-09-26,2156,18261,88,1,5,5,4204,0,0,0,,0,003,BROADWAY,"SANTA MARIA WY",50.00,S,N,A,-,Y,SB,5,135,-,-,12.990,H,-,N,N,4,0,1,2,A,-,03,22350,,M,C,C,A,A,H,-,C,A,0,,,,,Y,,A,01,0,0,1,0,0,0,0,0,0,"- ","- ",34.912939999999999,-120.43621,"SANTA BARBARA","SANTA MARIA",-120.43585246000001,34.912790489999999
8137062,2016,2016-10-31,4200,2016-09-30,1534,3116,14,5,5,4,4214,0,0,0,,0,060,"PATTERSON AV","DEBBIE RD",86.00,S,N,A,-,N,,,,,,,,,,Y,4,0,1,2,A,-,07,21658,A,N,C,C,A,A,H,-,A,D,0,,,,Y,Y,,A,01,0,0,1,0,0,0,0,0,0,"- ","- ",,,"SANTA BARBARA",GOLETA,-119.80877927,34.437775109999997
8137328,2016,2016-10-10,4200,2016-09-30,1537,3116,14,5,5,4,4214,0,0,0,,0,060,"PATTERSON AV","DEBBIE RD",310.00,S,N,A,-,N,,,,,,,,,,Y,4,0,5,5,A,-,03,22350,,N,C,C,A,A,H,-,A,D,0,,,,,Y,,A,01,0,0,5,0,0,0,0,0,0,"- ","- ",,,"SANTA BARBARA",GOLETA,-119.8088472,34.437162780000001
8137332,2016,2016-10-10,4200,2016-09-17,1530,4974,14,6,5,4,4214,0,0,0,,0,060,"HOLLISTER AV","SUMIDA GARDENS LN",33.00,E,N,A,-,N,,,,,,,,,,N,3,0,1,1,A,-,01,21200,5,N,H,A,A,A,H,-,A,D,0,,Y,,,Y,Y,L,04,0,1,0,0,0,0,1,0,0,"- ","- ",,,"SANTA BARBARA",GOLETA,-119.81386075,34.435105800000002
8137493,2016,2016-12-20,4203,2016-10-03,2108,3510,19,1,5,5,4203,0,0,0,,0,006,"CLIFF DR","LAS POSITAS RD",100.00,E,N,A,G,N,,,,,,,,,,Y,4,0,1,1,A,-,01,23152,A,N,E,I,A,A,H,-,C,A,0,,,,,Y,Y,-,,0,0,1,0,0,0,0,0,0,"- ","- ",34.25508,-119.43255000000001,"SANTA BARBARA","SANTA BARBARA",-119.73890994,34.40511704
8137633,2016,2016-10-11,4203,2016-09-30,1250,24048,,5,5,5,4203,0,0,0,,0,006,"CLIFF DR","ALAN RD",1056.00,N,N,A,-,N,,,,,,,,,,N,3,0,1,1,C,-,18,,,N,F,A,A,A,B,-,A,D,0,,Y,,,Y,,-,"- ",0,1,0,0,0,0,1,0,0,"- ","- ",,,"SANTA BARBARA","SANTA BARBARA",-119.73723357999999,34.405047240000002
8137645,2016,2016-10-11,4203,2016-09-30,1200,6048,,5,5,5,4203,0,0,0,,0,002,"CABRILLO BL","NINOS DR",450.00,W,N,A,-,N,,,,,,,,,,Y,4,0,2,2,A,-,09,21804,A,N,D,C,A,A,H,-,A,D,0,,,,,Y,,-,,0,0,2,0,0,0,0,0,0,"- ","- ",34.250749999999996,-119.40085999999999,"SANTA BARBARA","SANTA BARBARA",-119.66890957,34.417382869999997
8139603,2016,2017-01-11,4203,2016-12-10,0108,23133,,6,5,5,4203,0,0,0,,0,004,"W MISSION ST","BATH ST",159.00,W,N,A,-,N,,,,,,,,,,Y,3,0,1,1,A,-,03,22350,,N,B,I,A,A,A,H,C,A,0,,,,,Y,,-,,0,1,0,0,0,0,0,0,0,"- ","- ",34.427280000000003,-119.71843,"SANTA BARBARA","SANTA BARBARA",-119.71831115000001,34.427284540000002
8139607,2016,2017-03-06,4203,2016-12-17,1536,6983,,6,5,5,4203,0,0,0,,0,002,"CASTILLO ST","RT 101",0.00,,Y,A,-,Y,SB,5,101,-,R,14.340,R,4,S,Y,4,0,2,2,A,-,03,22350,,N,D,C,A,B,G,-,A,A,0,,,,,Y,,-,,0,0,2,0,0,0,0,0,0,"- ",SF,34.411949999999997,-119.69891,"SANTA BARBARA","SANTA BARBARA",-119.70202696,34.412495569999997
8139611,2016,2017-01-11,4203,2016-12-13,1820,2106,4203,2,5,5,4203,0,0,0,,0,004,"ANAPAMU ST","CHAPALA ST",55.00,E,N,A,-,N,,,,,,,,,,N,4,0,1,2,D,-,00,,,M,-,C,A,A,H,-,C,A,0,,,,,Y,,-,"- ",0,0,1,0,0,0,0,0,0,"- ","- ",34.252090000000003,-119.42194000000001,"SANTA BARBARA","SANTA BARBARA",-119.70546021,34.422413800000001
8088664,2016,2016-08-22,4203,2016-07-28,2011,5086,,4,5,5,4203,0,0,0,,0,003,"ANACAPA ST","ANAPAMU ST",0.00,,Y,A,-,N,,,,,,,,,,N,4,0,2,2,A,-,12,21453,A,N,D,C,A,A,H,-,B,A,0,,,,,Y,,-,,0,0,2,0,0,0,0,0,0,"- ","- ",34.252719999999997,-119.42107,"SANTA BARBARA","SANTA BARBARA",-119.70327985999999,34.424470069999998
8088821,2016,2016-09-09,4203,2016-08-18,0902,5075,4203,4,5,5,4203,0,0,0,,0,005,"LAS POSITAS RD","CALLE REAL",150.00,S,N,A,-,N,,,225,,,,,,,N,4,0,1,2,A,-,08,22107,,N,-,C,A,A,H,-,A,A,0,,,,,Y,,-,,0,0,1,0,0,0,0,0,0,"- ","- ",34.428269999999998,-119.73368000000001,"SANTA BARBARA","SANTA BARBARA",-119.73372946000001,34.428022810000002
8090372,2016,2016-07-26,4203,2016-07-17,2220,2106,4203,7,5,5,4203,0,0,0,,0,004,"BATH ST","PEDREGOSA ST",0.00,,Y,A,-,N,,,,,,,,,,Y,4,0,1,2,A,-,01,23152,A,N,A,C,A,A,H,-,C,-,0,,,,,Y,Y,A,01,0,0,1,0,0,0,0,0,0,"- ","- ",34.253120000000003,-119.42028999999999,"SANTA BARBARA","SANTA BARBARA",-119.71677990000001,34.42677003
8090380,2016,2017-02-24,4203,2016-07-16,1904,6972,,6,5,5,4203,0,0,0,,0,002,"CABRILLO BL","RT 101",0.00,,Y,A,-,Y,SB,5,101,-,-,11.520,R,3,N,N,2,0,1,2,A,-,10,21950,A,N,G,B,B,A,H,-,A,A,0,Y,,,,Y,,A,01,1,0,0,0,1,0,0,0,0,"- ","- ",,,"SANTA BARBARA","SANTA BARBARA",-119.65625704,34.423119550000003
8090984,2016,2016-07-28,4203,2016-05-30,0000,6972,,1,5,5,4203,0,0,0,,0,003,"OLIVE ST","ARRELLAGA ST",0.00,,Y,A,-,N,,,,,,,,,,N,3,0,1,2,D,-,00,,,F,G,B,B,A,-,-,A,-,0,Y,,,,Y,,-,"- ",0,1,0,0,1,0,0,0,0,"- ","- ",,,"SANTA BARBARA","SANTA BARBARA",-119.70388986,34.432420090000001
8091398,2016,2017-02-24,4204,2016-07-14,2250,23601,16,4,5,5,4204,0,0,0,,0,001,BROADWAY,"BUNNY AV",0.00,,Y,A,-,Y,SB,5,135,-,-,16.470,I,5,S,N,3,0,1,2,A,-,10,21950,,M,E,G,D,A,H,-,C,A,0,Y,,,,Y,,A,01,0,1,0,0,1,0,0,0,0,"- ","- ",34.963270000000001,-120.43562,"SANTA BARBARA","SANTA MARIA",-120.43577962000001,34.963252820000001
8091399,2016,2016-07-29,4204,2016-07-17,1328,90376,32,7,5,5,4204,0,0,0,,0,002,"WESTERN AV","FESLER ST",500.00,S,N,A,-,N,,,,,,,,,,Y,4,0,3,4,A,-,09,21804,A,N,B,C,A,A,H,-,A,D,0,,,,,Y,,A,07,0,0,3,0,0,0,0,0,0,"- ","- ",34.956829999999997,-120.44941,"SANTA BARBARA","SANTA MARIA",-120.44928338,34.955536789999996
8091403,2016,2016-07-29,4204,2016-07-10,1717,90343,21,7,5,5,4204,0,0,0,,0,001,"PALISADES DR","ASH AV",0.00,,Y,A,-,N,,,,,,,,,,N,4,0,2,2,A,-,21,22106,,N,D,C,A,A,H,-,A,D,0,,,,,Y,,A,01,0,0,2,0,0,0,0,0,0,"- ","- ",34.960970000000003,-120.41219,"SANTA BARBARA","SANTA MARIA",-120.4124399,34.960940049999998
8091407,2016,2016-07-29,4204,2016-07-10,2053,90343,11,7,5,5,4204,0,0,0,,0,001,"DONOVAN RD","CARLOTTI DR",0.00,,Y,A,-,N,,,,,,,,,,Y,4,0,1,2,A,-,21,22106,,N,C,C,A,A,H,-,C,A,0,,,Y,,Y,,A,01,0,0,1,0,0,0,0,0,1,"- ","- ",34.968029999999999,-120.42066,"SANTA BARBARA","SANTA MARIA",-120.42069997999999,34.967640090000003
8091484,2016,2016-08-08,4204,2016-07-23,2150,23813,10,6,5,5,4204,0,0,0,,0,001,"MILLER ST","LEE DR",125.00,N,N,A,-,N,,,,,,,,,,Y,4,0,2,4,A,-,01,23153,A,N,D,C,A,A,H,-,C,D,0,,,,,Y,Y,A,01,0,0,2,0,0,0,0,0,0,"- ","- ",34.9681,-120.43073,"SANTA BARBARA","SANTA MARIA",-120.43089929,34.968492980000001
8091849,2016,2017-02-24,4204,2016-07-23,2019,90323,16,6,5,5,4204,0,0,0,,0,001,BROADWAY,"ORCHARD ST",0.00,,Y,A,-,Y,SB,5,135,-,-,16.660,I,5,S,Y,3,0,1,2,A,-,08,22100,A,N,C,C,A,A,H,-,B,D,0,,,Y,,Y,Y,A,01,0,1,0,0,0,0,0,0,1,"- ","- ",34.965960000000003,-120.43549,"SANTA BARBARA","SANTA MARIA",-120.43575262,34.965908820000003
8139615,2016,2017-01-11,4203,2016-12-15,0804,3596,,4,5,5,4203,0,0,0,,0,001,"OLIVE ST","E ANAPAMU ST",105.00,S,N,B,-,N,,,,,,,,,,Y,4,0,1,2,D,-,00,,,N,B,C,A,A,H,-,A,D,0,,,,,Y,,-,"- ",0,0,1,0,0,0,0,0,0,"- ","- ",34.428440000000002,-119.69844999999999,"SANTA BARBARA","SANTA BARBARA",-119.69850752000001,34.428520769999999
8139623,2016,2017-01-27,4203,2016-12-17,1310,3596,,6,5,5,4203,0,0,0,,0,001,"E HALEY ST","N SALISPUEDES ST",0.00,,Y,A,-,N,,,,,,,,,,Y,3,0,4,2,A,-,12,21453,A,N,D,C,A,A,H,-,A,A,0,,,,,Y,,-,"- ",0,2,2,0,0,0,0,0,0,"- ","- ",,,"SANTA BARBARA","SANTA BARBARA",-119.68872988,34.423180029999997
8139627,2016,2017-01-11,4203,2016-12-16,0852,23518,,5,5,5,4203,0,0,0,,0,005,"FOOTHILL RD","ONTARE RD",0.00,,Y,A,-,N,,,,,,,,,,Y,3,0,1,2,A,-,12,21453,A,N,D,C,A,A,H,-,A,A,0,,,,,Y,,-,,0,1,0,0,0,0,0,0,0,"- ","- ",34.265680000000003,-119.44177999999999,"SANTA BARBARA","SANTA BARBARA",-119.73794995999999,34.450510049999998
8139861,2016,2016-10-06,4200,2016-08-17,1711,3636,14,3,5,3,4205,0,0,0,,0,030,"VIA REAL","POPLAR ST",12.00,E,N,A,-,N,,,,,,,,,,Y,3,0,3,2,A,-,09,21804,A,N,D,C,A,A,H,-,A,A,0,,,,,Y,,A,01,0,2,1,0,0,0,0,0,0,"- ","- ",,,"SANTA BARBARA",CARPINTERIA,-119.50048184000001,34.389590810000001
8141385,2016,2016-10-28,4204,2016-09-29,0649,19527,079,4,5,5,4204,0,0,0,,0,003,"BETTERAVIA RD","A ST",844.00,W,N,E,-,N,,,,,,,,,,Y,4,0,2,2,A,-,09,21804,,N,D,C,A,A,H,-,B,D,0,,,,,Y,,D,22,0,0,2,0,0,0,0,0,0,"- ","- ",34.920839999999998,-120.46404,"SANTA BARBARA","SANTA MARIA",-120.46682432999999,34.920774700000003
8141390,2016,2017-02-28,4204,2016-10-01,1653,90322,81,6,5,5,4204,0,0,0,,0,003,BROADWAY,"DAL PORTO LN",50.00,N,N,A,-,Y,SB,5,135,-,-,13.640,H,-,S,N,3,0,1,2,A,-,07,21658,A,N,B,C,A,A,H,-,A,D,0,,,,,Y,,D,22,0,1,0,0,0,0,0,0,0,"- ","- ",34.9221,-120.43613000000001,"SANTA BARBARA","SANTA MARIA",-120.43612444999999,34.922298560000002
8141393,2016,2017-03-06,4204,2016-09-15,1359,90139,81,4,5,5,4204,0,0,0,,0,003,BROADWAY,"WESTERN VILLAGE DR",0.00,,Y,A,-,Y,SB,5,135,-,-,13.710,H,-,S,Y,4,0,1,2,A,-,03,22350,,N,C,C,A,A,H,-,A,A,0,,,,Y,Y,,F,21,0,0,1,0,0,0,0,0,0,"- ","- ",34.923490000000001,-120.43608999999999,"SANTA BARBARA","SANTA MARIA",-120.43614821,34.923335539999997
8141397,2016,2016-10-18,4204,2016-09-30,0630,90415,40,5,5,5,4204,0,0,0,,0,002,"BLOSSER RD","CHURCH ST",0.00,,Y,A,-,N,,,,,,,,,,Y,4,0,1,2,A,-,08,22107,,N,A,C,A,A,H,-,B,A,0,,,,,Y,,D,22,0,0,1,0,0,0,0,0,0,"- ","- ",34.951920000000001,-120.45375,"SANTA BARBARA","SANTA MARIA",-120.45372996,34.95202012
8141399,2016,2016-10-11,4204,2016-09-30,1753,90228,47,5,5,5,4204,0,0,0,,0,002,"CYPRESS ST","SCHOOL ST",0.00,,Y,A,-,N,,,,,,,,,,Y,4,0,2,2,A,-,08,22107,,N,A,C,A,A,H,-,A,D,0,,,,,Y,,A,01,0,0,2,0,0,0,0,0,0,"- ","- ",34.95082,-120.4301,"SANTA BARBARA","SANTA MARIA",-120.43000997,34.950920070000002
8141401,2016,2016-11-29,4204,2016-09-30,0629,90239,68,5,5,5,4204,0,0,0,,0,001,"MILLER ST","BATTLES RD",0.00,,Y,A,-,N,,,,,,,,,,Y,4,0,1,2,A,-,12,21453,A,N,D,C,A,A,H,-,A,A,0,,,,,Y,,-,"- ",0,0,1,0,0,0,0,0,0,"- ","- ",34.931330000000003,-120.4319,"SANTA BARBARA","SANTA MARIA",-120.4317799,34.931440070000001
8141405,2016,2016-10-18,4204,2016-09-29,1806,90342,15,4,5,5,4204,0,0,0,,0,001,"RAILROAD AV","ALVIN AV",50.00,S,N,A,-,N,,,,,,,,,,Y,4,0,1,3,A,-,03,22350,,N,C,C,A,A,H,-,A,A,0,,,,,Y,,D,22,0,0,1,0,0,0,0,0,0,"- ","- ",34.96069,-120.44454,"SANTA BARBARA","SANTA MARIA",-120.44459116,34.960372669999998
8141439,2016,2016-10-11,4204,2016-09-24,1800,90456,55,6,5,5,4204,0,0,0,,0,002,"MORRISON AV","WESTERN AV",0.00,,Y,A,-,N,,,,,,,,,,N,4,0,1,2,A,-,03,22350,,F,G,B,F,A,H,-,B,D,0,Y,,,,Y,,A,01,0,0,1,0,1,0,0,0,0,"- ","- ",34.943539999999999,-120.44925000000001,"SANTA BARBARA","SANTA MARIA",-120.44949996,34.943250040000002
8142212,2016,2016-10-19,4204,2016-10-06,1548,90139,82,4,5,5,4204,0,0,0,,0,003,"MILLER ST","BETTERAVIA RD",0.00,,Y,A,-,N,,,,,,,,,,N,4,0,2,2,A,-,03,22350,,F,C,C,A,A,H,-,A,A,0,,,,,Y,,A,01,0,0,2,0,0,0,0,0,0,"- ","- ",34.922350000000002,-120.43127,"SANTA BARBARA","SANTA MARIA",-120.43128989,34.922600070000001
8142244,2016,2017-02-28,4203,2016-10-11,1026,5751,58,2,5,5,4203,0,0,0,,0,005,"FOOTHILL RD","ALAMAR AV",210.00,N,N,A,-,Y,SB,5,192,-,-,2.470,H,-,E,Y,4,0,1,2,A,-,09,21804,A,N,D,C,A,A,H,-,A,D,0,,,,,Y,,A,01,0,0,1,0,0,0,0,0,0,"- ","- ",34.447009999999999,-119.72532,"SANTA BARBARA","SANTA BARBARA",-119.72396723999999,34.44667913
8142248,2016,2016-10-26,4203,2016-10-16,2100,9018,15,7,5,5,4203,0,0,0,,0,002,"SHORELINE DR","LOMA ALTA",265.00,E,N,C,-,N,,,,,,,,,,Y,3,0,1,1,A,-,01,23152,A,N,E,I,A,B,H,-,C,D,0,,,,,Y,Y,A,01,0,1,0,0,0,0,0,0,0,"- ","- ",34.241999999999997,-119.41822999999999,"SANTA BARBARA","SANTA BARBARA",-119.69686477,34.403153379999999
8142268,2016,2016-12-20,4203,2016-10-16,1402,4937,SANTA,7,5,5,4203,0,0,0,,0,005,"LA COLINA RD","VERANO DR",0.00,,Y,A,-,N,,,,,,,,,,Y,3,0,2,2,A,-,00,27153,F,N,C,C,A,A,H,-,A,D,0,,,,,Y,Y,D,22,0,2,0,0,0,0,0,0,0,"- ","- ",34.263800000000003,-119.45350000000001,"SANTA BARBARA","SANTA BARBARA",-119.76045994,34.444250009999998
8142272,2016,2016-10-26,4203,2016-10-07,2016,6972,,5,5,5,4203,0,0,0,,0,004,"DE LA VINA ST","SOLA ST",247.00,N,N,A,-,N,,,,,,,,,,N,4,0,1,2,B,-,22,,,N,D,G,A,A,H,-,C,D,0,,Y,,,Y,,L,04,0,0,1,0,0,0,1,0,0,"- ","- ",34.252499999999998,-119.42359999999999,"SANTA BARBARA","SANTA BARBARA",-119.7098975,34.423554430000003
8142276,2016,2016-10-26,4203,2016-10-07,0851,6048,,5,5,5,4203,0,0,0,,0,006,"CLIFF DR","YANKEE FARM RD",460.00,W,N,A,-,N,,,,,,,,,,Y,3,0,1,2,A,-,05,21460,A,N,A,C,A,A,H,-,A,D,0,,,,,Y,,A,01,0,1,0,0,0,0,0,0,0,"- ","- ",34.240870000000001,-119.45399999999999,"SANTA BARBARA","SANTA BARBARA",-119.75116500999999,34.406297530000003
8142279,2016,2017-02-18,4203,2016-10-12,1336,6972,,3,5,5,4203,0,0,0,,0,005,"STATE ST","RT 154",40.00,W,N,A,-,Y,SB,5,154,-,-,32.839,I,5,W,N,4,0,1,2,A,-,03,22350,A,N,C,C,A,A,H,-,A,A,0,,,,,Y,,-,,0,0,1,0,0,0,0,0,0,"- ","- ",34.440480000000001,-119.76013,"SANTA BARBARA","SANTA BARBARA",-119.75412519,34.440413759999998
8142280,2016,2016-10-26,4203,2016-10-07,1239,5751,62,5,5,5,4203,0,0,0,,0,006,"STATE ST","LAS POSITAS RD",440.00,W,N,A,-,N,,,,,,,,,,N,2,0,2,2,A,-,09,21804,A,N,D,C,A,A,H,-,A,D,0,,,,,Y,,A,07,1,0,1,0,0,0,0,0,0,"- ","- ",34.440379999999998,-119.73612,"SANTA BARBARA","SANTA BARBARA",-119.73569728,34.440399999999997
8142284,2016,2016-10-26,4203,2016-10-06,1344,22859,,4,5,5,4203,0,0,0,,0,003,"SANTA BARBARA ST","SOLA ST",39.00,S,N,A,-,N,,,,,,,,,,N,4,0,2,3,A,-,03,22350,,N,C,C,A,A,H,-,A,D,0,,,,,Y,,A,01,0,0,2,0,0,0,0,0,0,"- ","- ",34.253799999999998,-119.4216,"SANTA BARBARA","SANTA BARBARA",-119.70465374,34.427318560000003