CASE_ID,ACCIDENT_YEAR,PROC_DATE,JURIS,COLLISION_DATE,COLLISION_TIME,OFFICER_ID,REPORTING_DISTRICT,DAY_OF_WEEK,CHP_SHIFT,POPULATION,CNTY_CITY_LOC,SPECIAL_COND,BEAT_TYPE,CHP_BEAT_TYPE,CITY_DIVISION_LAPD,CHP_BEAT_CLASS,BEAT_NUMBER,PRIMARY_RD,SECONDARY_RD,DISTANCE,DIRECTION,INTERSECTION,WEATHER_1,WEATHER_2,STATE_HWY_IND,CALTRANS_COUNTY,CALTRANS_DISTRICT,STATE_ROUTE,ROUTE_SUFFIX,POSTMILE_PREFIX,POSTMILE,LOCATION_TYPE,RAMP_INTERSECTION,SIDE_OF_HWY,TOW_AWAY,COLLISION_SEVERITY,NUMBER_KILLED,NUMBER_INJURED,PARTY_COUNT,PRIMARY_COLL_FACTOR,PCF_CODE_OF_VIOL,PCF_VIOL_CATEGORY,PCF_VIOLATION,PCF_VIOL_SUBSECTION,HIT_AND_RUN,TYPE_OF_COLLISION,MVIW,PED_ACTION,ROAD_SURFACE,ROAD_COND_1,ROAD_COND_2,LIGHTING,CONTROL_DEVICE,CHP_ROAD_TYPE,PEDESTRIAN_ACCIDENT,BICYCLE_ACCIDENT,MOTORCYCLE_ACCIDENT,TRUCK_ACCIDENT,NOT_PRIVATE_PROPERTY,ALCOHOL_INVOLVED,STWD_VEHTYPE_AT_FAULT,CHP_VEHTYPE_AT_FAULT,COUNT_SEVERE_INJ,COUNT_VISIBLE_INJ,COUNT_COMPLAINT_PAIN,COUNT_PED_KILLED,COUNT_PED_INJURED,COUNT_BICYCLIST_KILLED,COUNT_BICYCLIST_INJURED,COUNT_MC_KILLED,COUNT_MC_INJURED,PRIMARY_RAMP,SECONDARY_RAMP,LATITUDE,LONGITUDE,COUNTY,CITY,POINT_X,POINT_Y
8148561,2016,2017-03-06,4202,2016-09-26,1753,239,LOMPO,1,5,4,4202,0,0,0,,0,017,"RT 246","7TH ST",703.00,E,N,A,-,Y,SB,5,1,-,-,19.400,H,-,N,Y,4,0,2,2,A,-,07,21658,A,N,C,C,A,A,H,-,B,D,0,,,,,Y,,A,01,0,0,2,0,0,0,0,0,0,"- ","- ",,,"SANTA BARBARA",LOMPOC,-120.43826165999999,34.639972919999998
8148577,2016,2017-02-18,4202,2016-09-12,1601,32104,LOMPO,1,5,4,4202,0,0,0,,0,,"CENTRAL AV","RT 1",65.00,W,N,A,-,Y,SB,5,1,-,-,22.068,I,6,S,N,4,0,2,2,A,-,21,22106,,N,C,C,A,A,H,-,A,A,0,,,,,Y,,A,01,0,0,2,0,0,0,0,0,0,"- ","- ",,,"SANTA BARBARA",LOMPOC,-120.45776984,34.660807910000003
8148683,2016,2016-10-19,4203,2016-10-12,1845,6972,,3,5,5,4203,0,0,0,,0,006,"W CARRILLO ST","MIRAMONTE DR",24.00,E,N,A,-,N,,,,,,,,,,Y,3,0,1,2,A,-,01,23153,,N,A,C,A,A,H,-,C,D,0,,,,,Y,Y,-,,0,1,0,0,0,0,0,0,0,"- ","- ",,,"SANTA BARBARA","SANTA BARBARA",-119.71765086000001,34.409762540000003
8149565,2016,2017-02-23,4202,2016-10-03,1611,292,,1,5,4,4202,0,0,0,,0,,"RT 1","CENTRAL AV",70.00,S,N,A,-,Y,SB,5,1,-,-,22.050,H,-,N,N,4,0,1,2,A,-,08,22107,,N,B,C,A,A,H,-,A,A,0,,,,,Y,,D,22,0,0,1,0,0,0,0,0,0,"- ","- ",,,"SANTA BARBARA",LOMPOC,-120.45761709999999,34.660545579999997
8149573,2016,2016-10-24,4202,2016-09-25,1726,,LOMPO,7,5,4,4202,0,0,0,,0,,"7TH ST","LAUREL AV",0.00,,Y,A,-,N,,,,,,,,,,Y,2,0,2,2,D,-,00,,,N,A,C,A,A,H,-,A,A,0,,,,,Y,,-,"- ",1,0,1,0,0,0,0,0,0,"- ","- ",,,"SANTA BARBARA",LOMPOC,-120.44024997,34.643730069999997
8149581,2016,2017-03-06,4202,2016-09-26,1020,292,,1,5,4,4202,0,0,0,,0,,"RT 246","RT 1",75.00,W,N,A,-,Y,SB,5,246,-,-,9.540,H,-,W,N,4,0,1,3,A,-,21,22106,,N,B,C,A,A,H,-,A,A,0,,,,,Y,,A,01,0,0,1,0,0,0,0,0,0,"- ","- ",,,"SANTA BARBARA",LOMPOC,-120.4604976,34.639043790000002
8149585,2016,2017-02-23,4202,2016-08-30,1445,10251,LOMPO,2,5,4,4202,0,0,0,,0,,"RT 1","BRISA DEL MAR",162.00,S,N,A,-,Y,SB,5,1,-,-,23.070,H,-,N,Y,4,0,2,4,A,-,03,22350,,N,C,C,A,A,H,-,A,A,0,,,,,Y,,D,22,0,0,2,0,0,0,0,0,0,"- ","- ",,,"SANTA BARBARA",LOMPOC,-120.45683390000001,34.675267789999999
8149730,2016,2016-10-24,4202,2016-10-07,1157,295,LOMPO,5,5,4,4202,0,0,0,,0,,"O ST","WEST OAK AV",0.00,,Y,-,-,N,,,,,,,,,,N,4,0,1,2,A,-,03,22350,,N,D,C,A,A,H,-,A,D,0,,,,,Y,,A,01,0,0,1,0,0,0,0,0,0,"- ","- ",,,"SANTA BARBARA",LOMPOC,-120.46662988,34.651870070000001
8151044,2016,2016-10-26,4200,2016-10-03,1152,2892,,1,5,3,4205,0,0,0,,0,030,"CARPINTERIA AV","WALNUT AV",0.00,,Y,A,-,N,,,,,,,,,,N,4,0,1,2,A,-,05,21650,1,N,A,G,A,A,H,-,A,A,0,,Y,,,Y,,L,04,0,0,1,0,0,0,1,0,0,"- ","- ",,,"SANTA BARBARA",CARPINTERIA,-119.51648999,34.397350109999998
8151047,2016,2016-10-26,4204,2016-10-16,2024,90415,75,7,5,5,4204,0,0,0,,0,003,"NEWLOVE DR","MILLER ST",230.00,E,N,C,-,N,,,,,,,,,,N,4,0,1,2,A,-,05,21650,,F,G,B,E,B,H,-,C,A,0,Y,,,,Y,,A,01,0,0,1,0,1,0,0,0,0,"- ","- ",34.929760000000002,-120.43199,"SANTA BARBARA","SANTA MARIA",-120.43103311,34.92979777
8094681,2016,2016-08-03,4204,2016-07-08,0944,90375,62,5,5,5,4204,0,0,0,,0,003,BROADWAY,"STOWELL RD",65.00,N,N,B,-,N,,,135,,,,,,,N,4,0,1,2,D,-,00,,,N,H,G,A,A,H,-,A,A,0,,Y,,,Y,,-,"- ",0,0,1,0,0,0,1,0,0,"- ","- ",34.938499999999998,-120.43595999999999,"SANTA BARBARA","SANTA MARIA",-120.43594783,34.938500849999997
8094906,2016,2016-08-04,4204,2016-07-16,2107,90342,3,6,5,5,4204,0,0,0,,0,001,"RAILROAD AV","RANCHO VERDE",140.00,S,N,A,-,N,,,,,,,,,,Y,2,0,1,2,A,-,08,22107,,N,B,C,A,A,H,-,C,D,0,,,,,Y,,A,01,1,0,0,0,0,0,0,0,0,"- ","- ",34.977139999999999,-120.44446000000001,"SANTA BARBARA","SANTA MARIA",-120.44432205,34.97695547
8094926,2016,2016-08-04,4204,2016-07-29,1729,90341,,5,5,5,4204,0,0,0,,0,,"BRADLEY RD","BETTERAVIA RD",0.00,,Y,A,-,N,,,,,,,,,,Y,4,0,1,2,A,-,03,22350,,N,D,C,A,A,H,-,A,A,0,,,,,Y,,A,01,0,0,1,0,0,0,0,0,0,"- ","- ",,,"SANTA BARBARA","SANTA MARIA",-120.42206993000001,34.923740090000003
8095096,2016,2016-08-04,4203,2016-07-14,0744,5751,13,4,5,5,4203,0,0,0,,0,002,"CASTILLO ST","YANONALI ST",58.00,S,N,A,-,N,,,,,,,,,,N,3,0,1,2,A,-,08,22107,,N,H,G,A,A,H,-,A,D,0,,Y,,,Y,,A,01,0,1,0,0,0,0,1,0,0,"- ","- ",34.409619999999997,-119.69605,"SANTA BARBARA","SANTA BARBARA",-119.69604484,34.409665670000003
8095100,2016,2016-08-04,4203,2016-07-04,2153,5751,15,1,5,5,4203,0,0,0,,0,002,"LOMA ALTA DR","SHORELINE DR",506.00,N,N,A,-,N,,,,,,,,,,N,4,0,1,2,A,-,09,21804,A,N,D,C,A,A,H,-,C,D,0,,,,,Y,,A,07,0,0,1,0,0,0,0,0,0,"- ","- ",34.404470000000003,-119.69874,"SANTA BARBARA","SANTA BARBARA",-119.69852083000001,34.404324500000001
8096176,2016,2016-08-08,4203,2016-07-31,1744,6577,4203,7,5,5,4203,0,0,0,,0,003,"LAGUNA ST","MONTGOMERY ST",78.00,S,N,A,-,N,,,,,,,,,,N,3,0,1,2,A,-,03,22350,,N,A,G,A,A,H,-,A,D,0,,Y,,,Y,Y,L,04,0,1,0,0,0,0,1,0,0,"- ","- ",34.434899999999999,-119.70949,"SANTA BARBARA","SANTA BARBARA",-119.70952513,34.43496854
8096643,2016,2016-08-11,4203,2016-08-03,0915,5075,,3,5,5,4203,0,0,0,,0,005,"W QUINTO","DE LA VINA",140.00,W,N,A,-,N,,,,,,,,,,N,2,0,1,1,D,-,00,,,N,H,A,A,A,H,-,A,-,0,,Y,,,Y,,-,"- ",1,0,0,0,0,0,1,0,0,"- ","- ",34.433430000000001,-119.72336,"SANTA BARBARA","SANTA BARBARA",-119.72340937,34.433373549999999
8096647,2016,2016-08-11,4203,2016-08-03,2215,23135,,3,5,5,4203,0,0,0,,0,003,"ANACAPA ST","MISSION ST",0.00,,Y,A,-,N,,,,,,,,,,N,4,0,1,2,D,-,00,,,N,D,G,A,A,H,-,C,A,0,,Y,,,Y,,-,"- ",0,0,1,0,0,0,1,0,0,"- ","- ",34.43186,-119.71353999999999,"SANTA BARBARA","SANTA BARBARA",-119.71354993,34.43192011
8096695,2016,2016-08-11,4203,2016-08-01,1333,6700,24,1,5,5,4203,0,0,0,,0,006,"MODOC RD","LAS POSITAS RD",33.00,W,N,A,-,N,,,,,,,,,,N,3,0,4,2,A,-,08,22107,,N,A,C,A,A,H,-,A,A,0,,,,,Y,,A,01,0,2,2,0,0,0,0,0,0,"- ","- ",34.426299999999998,-119.73511000000001,"SANTA BARBARA","SANTA BARBARA",-119.73487917,34.4261725
8096699,2016,2016-08-11,4203,2016-08-01,1700,6577,4203,1,5,5,4203,0,0,0,,0,005,"DE LA VINA ST","ALAMAR AV",210.00,S,N,A,-,N,,,,,,,,,,N,3,0,1,2,D,-,00,,,N,B,G,A,A,H,-,A,D,0,,Y,,,Y,,-,"- ",0,1,0,0,0,0,1,0,0,"- ","- ",34.434959999999997,-119.72472,"SANTA BARBARA","SANTA BARBARA",-119.72464151,34.435021319999997
8096711,2016,2017-02-24,4204,2016-08-01,1343,90274,43,1,5,5,4204,0,0,0,,0,002,"COOK ST",BROADWAY,100.00,W,N,A,-,Y,SB,5,135,-,-,15.550,I,6,S,N,4,0,1,2,A,-,03,22350,,N,C,C,A,A,H,-,A,A,0,,,,,Y,,A,01,0,0,1,0,0,0,0,0,0,"- ","- ",34.9499,-120.43597,"SANTA BARBARA","SANTA MARIA",-120.43598855,34.949845779999997
8151051,2016,2016-10-26,4204,2016-10-16,2111,90343,76,7,5,5,4204,0,0,0,,0,003,"BETTERAVIA RD","BRADLEY RD E",0.00,,Y,C,-,N,,,,,,,,,,Y,3,0,3,2,A,-,12,21453,A,N,A,C,A,B,H,-,C,A,0,,,,,Y,,A,01,0,1,2,0,0,0,0,0,0,"- ","- ",34.923380000000002,-120.41987,"SANTA BARBARA","SANTA MARIA",-120.42206993000001,34.923740090000003
8151055,2016,2016-10-26,4204,2016-10-15,2135,90342,29,6,5,5,4204,0,0,0,,0,001,"COLLEGE DR","EL CAMINO ST",0.00,,Y,C,-,N,,,,,,,,,,N,3,0,1,2,A,-,08,22107,,N,H,G,A,B,H,-,C,D,0,,Y,,,Y,,L,04,0,1,0,0,0,0,1,0,0,"- ","- ",34.95872,-120.42501,"SANTA BARBARA","SANTA MARIA",-120.42493995,34.958980009999998
8151068,2016,2016-10-26,4200,2016-10-12,1553,3683,14,3,5,4,4214,0,0,0,,0,050,"CALLE REAL","N FAIRVIEW AV",300.00,W,N,A,-,N,,,,,,,,,,N,4,0,1,2,A,-,09,21804,A,N,B,C,A,A,H,-,A,D,0,,,Y,,Y,,A,01,0,0,1,0,0,0,0,0,1,"- ","- ",,,"SANTA BARBARA",GOLETA,-119.83149518,34.441283679999998
8151072,2016,2016-10-26,4200,2016-10-05,0730,3683,14,3,5,4,4214,0,0,0,,0,080,"PACIFIC OAKS RD","PHELPS RD",0.00,,Y,A,-,N,,,,,,,,,,Y,4,0,2,2,A,-,12,22450,A,N,D,C,A,A,H,-,A,D,0,,,,,Y,,A,01,0,0,2,0,0,0,0,0,0,"- ","- ",,,"SANTA BARBARA",GOLETA,-119.87727993999999,34.42534011
8151088,2016,2016-10-26,4203,2016-10-13,1838,22854,,4,5,5,4203,0,0,0,,0,005,"STATE ST","HITCHCOCK WY",0.00,,Y,A,-,N,,,,,,,,,,N,3,0,1,2,A,-,08,22107,,N,H,G,A,A,H,-,B,A,0,,Y,,,Y,,-,,0,1,0,0,0,0,1,0,0,"- ","- ",34.262500000000003,-119.444,"SANTA BARBARA","SANTA BARBARA",-119.74444991,34.440480049999998
8151092,2016,2017-02-28,4203,2016-10-14,1103,6048,,5,5,5,4203,0,0,0,,0,006,"CARRILLO ST","RT 101",0.00,,Y,A,-,Y,SB,5,101,-,R,14.920,R,4,S,N,4,0,1,2,A,-,07,21658,A,N,B,C,A,A,H,-,A,D,0,,,,,Y,,-,,0,0,1,0,0,0,0,0,0,"- ",SF,34.24579,-119.42271,"SANTA BARBARA","SANTA BARBARA",-119.70951238000001,34.417590279999999
8151413,2016,2016-10-28,4200,2016-09-19,1507,2709,14,1,5,4,4214,0,0,0,,0,050,"N FAIRVIEW AV","ENCINA RD",0.00,,Y,A,-,N,,,,,,,,,,Y,3,0,1,2,A,-,09,21801,A,N,A,C,A,A,H,-,A,A,0,,,,,Y,,A,07,0,1,0,0,0,0,0,0,0,"- ","- ",,,"SANTA BARBARA",GOLETA,-119.83067993,34.443070030000001
8151463,2016,2016-10-26,4200,2016-08-30,1811,4951,14,2,5,3,4205,0,0,0,,0,040,"LIMU DR","MALIBU DR",0.00,,Y,A,-,N,,,,,,,,,,N,2,0,1,2,A,-,09,21801,A,N,D,G,A,A,H,-,A,D,0,,Y,,,Y,,A,01,1,0,0,0,0,0,1,0,0,"- ","- ",,,"SANTA BARBARA",CARPINTERIA,-119.51760994,34.404620029999997
8151519,2016,2016-10-26,4200,2016-08-12,0938,4804,11,5,5,3,4205,0,0,0,,0,030,"CARPINTERIA AV","CONCHA LOMA DR",62.00,N,N,A,-,N,,,,,,,,,,Y,4,0,1,2,A,-,09,21804,A,N,D,C,A,A,H,-,A,-,0,,,,,Y,,-,,0,0,1,0,0,0,0,0,0,"- ","- ",,,"SANTA BARBARA",CARPINTERIA,-119.51013791,34.392194889999999
8152153,2016,2016-11-01,4204,2016-10-17,1421,19527,059,1,5,5,4204,0,0,0,,0,002,"MARIPOSA WY","COLLEGE DR",0.00,,Y,B,-,N,,,,,,,,,,N,4,0,1,2,A,-,05,21202,A,N,H,G,A,A,H,-,A,D,0,,Y,,,Y,,L,04,0,0,1,0,0,0,1,0,0,"- ","- ",34.939579999999999,-120.42484,"SANTA BARBARA","SANTA MARIA",-120.42485996000001,34.939540020000003
8152157,2016,2016-11-01,4204,2016-10-17,0838,19527,064,1,5,5,4204,0,0,0,,0,093,"BATTLES RD","A ST",30.00,E,N,B,-,N,,,,,,,,,,N,4,0,1,2,A,-,03,22350,,N,C,C,A,A,H,-,A,A,0,,,,,Y,,A,01,0,0,1,0,0,0,0,0,0,"- ","- ",34.931829999999998,-120.46344999999999,"SANTA BARBARA","SANTA MARIA",-120.46362055,34.93172904
8160395,2016,2016-11-08,4203,2016-10-29,1244,9480,,6,5,5,4203,0,0,0,,0,004,"CASTILLO ST","W PEDREGOSA ST",0.00,,Y,A,-,N,,,,,,,,,,Y,4,0,1,3,A,-,01,23152,A,N,C,E,A,A,H,-,A,A,0,,,,,Y,Y,-,,0,0,1,0,0,0,0,0,0,"- ","- ",34.256039999999999,-119.43009000000001,"SANTA BARBARA","SANTA BARBARA",-119.71787987,34.425700050000003
8160408,2016,2016-11-08,4204,2016-10-28,1117,90267,8,5,5,5,4204,0,0,0,,0,001,"DONOVAN RD","WESTERN AV W",0.00,,Y,B,-,N,,,,,,,,,,N,4,0,2,2,A,-,12,22450,A,F,D,D,A,B,H,-,A,A,0,,,,,Y,,-,,0,0,2,0,0,0,0,0,0,"- ","- ",34.967689999999997,-120.44965999999999,"SANTA BARBARA","SANTA MARIA",-120.44983994,34.967800109999999
8160416,2016,2016-11-08,4204,2016-10-28,1815,90228,59,5,5,5,4204,0,0,0,,0,002,"COLLEGE DR","CAMINO COLEGIO",100.00,N,N,A,-,N,,,,,,,,,,N,4,0,1,3,A,-,03,22350,,N,C,C,A,A,H,-,D,D,0,,,,,Y,,A,01,0,0,1,0,0,0,0,0,0,"- ","- ",34.941699999999997,-120.42477,"SANTA BARBARA","SANTA MARIA",-120.42484,34.941924669999999
8160424,2016,2017-02-28,4204,2016-10-30,1218,90377,02,7,5,5,4204,0,0,0,,0,059,"STOWELL RD","RT 101",0.00,,Y,B,-,Y,SB,5,101,-,-,87.824,R,2,N,Y,4,0,1,1,A,-,03,22350,,N,E,I,A,B,H,-,A,A,0,,,,,Y,,A,01,0,0,1,0,0,0,0,0,0,"- ","- ",34.93824,-120.41768999999999,"SANTA BARBARA","SANTA MARIA",-120.41768405000001,34.941543500000002
8160535,2016,2016-12-19,4204,2016-10-27,2030,90119,55,4,5,5,4204,0,0,0,,0,002,"MORRISON AV","BLOSSER RD",0.00,,Y,C,-,N,,,,,,,,,,N,3,0,1,2,A,-,10,21950,A,F,G,B,B,B,H,-,C,A,0,Y,,,,Y,Y,A,01,0,1,0,0,1,0,0,0,0,"- ","- ",34.943199999999997,-120.45404000000001,"SANTA BARBARA","SANTA MARIA",-120.45379989,34.943310109999999
8163550,2016,2016-12-17,4201,2016-10-22,1513,4689,51,6,5,2,4201,0,0,0,,0,,"HERNANDEZ DR","HERNANDEZ ST",18.00,N,N,A,-,N,,,,,,,,,,N,4,0,1,2,A,-,09,21801,A,N,-,C,A,A,H,-,A,D,0,,,,,Y,,-,,0,0,1,0,0,0,0,0,0,"- ","- ",,,"SANTA BARBARA",GUADALUPE,-120.58087,34.95899
8163799,2016,2016-12-06,4203,2016-09-28,0540,23136,SBSC,3,5,5,4203,0,0,0,,0,003,"LAGUNA ST","COTA ST",0.00,,Y,A,-,N,,,,,,,,,,N,4,0,1,2,D,-,00,,,N,-,-,A,A,H,-,B,D,0,,Y,,,Y,,-,"- ",0,0,1,0,0,0,1,0,0,"- ","- ",,,"SANTA BARBARA","SANTA BARBARA",-119.69224989999999,34.422010069999999
8164324,2016,2016-11-08,4202,2016-09-30,0808,20976,,5,5,4,4202,0,0,0,,0,,"LAUREL AV","R ST",20.00,E,N,A,-,N,,,,,,,,,,Y,3,0,2,2,A,-,03,22350,,N,C,C,A,A,H,-,A,D,0,,,,,Y,,A,01,0,1,1,0,0,0,0,0,0,"- ","- ",,,"SANTA BARBARA",LOMPOC,-120.47044354000001,34.643928979999998
8164392,2016,2017-03-03,4202,2016-09-30,1122,277,LOMPO,5,5,4,4202,0,0,0,,0,,"COLLEGE AV","RT 1",9.00,W,N,A,-,Y,SB,5,1,-,-,21.119,I,5,S,N,4,0,1,2,A,-,05,21202,A,N,D,G,A,A,H,-,A,A,0,,Y,,,Y,,L,04,0,0,1,0,0,0,1,0,0,"- ","- ",,,"SANTA BARBARA",LOMPOC,-120.45787188,34.647013610000002
8164425,2016,2017-02-28,4204,2016-10-14,1139,21338,,5,5,5,4204,0,0,0,,0,,BROADWAY,"JONES ST",50.00,N,N,A,-,Y,SB,5,135,-,-,15.290,H,-,N,Y,3,0,1,3,A,-,03,22350,,N,C,C,A,A,H,-,A,A,0,,,,,Y,,A,01,0,1,0,0,0,0,0,0,0,"- ","- ",34.945909999999998,-120.43622000000001,"SANTA BARBARA","SANTA MARIA",-120.43591407,34.946030649999997
8164679,2016,2016-11-09,4202,2016-10-14,2212,274,,5,5,4,4202,0,0,0,,0,,"D ST","NORTH AV",0.00,,-,B,-,N,,,,,,,,,,N,4,0,2,2,A,-,12,22450,A,F,D,C,A,A,H,-,C,A,0,,,Y,,Y,Y,A,01,0,0,2,0,0,0,0,0,2,"- ","- ",,,"SANTA BARBARA",LOMPOC,-120.45262986,34.653340100000001
8153044,2016,2017-02-23,4202,2016-10-11,0614,222,LOMPO,2,5,4,4202,0,0,0,,0,,"H ST","COLLEGE AV",0.00,,Y,A,-,Y,SB,5,1,-,-,21.119,I,5,S,Y,4,0,1,2,D,-,00,,,N,D,C,A,A,H,-,D,A,0,,,,,Y,,-,"- ",0,0,1,0,0,0,0,0,0,"- ","- ",,,"SANTA BARBARA",LOMPOC,-120.45787188,34.647013610000002
8153048,2016,2017-02-28,4202,2016-10-08,1402,295,LOMPO,6,5,4,4202,0,0,0,,0,,"RT 246","J ST",0.00,,Y,A,-,Y,SB,5,246,-,-,9.140,I,5,W,Y,3,0,4,2,A,-,09,21802,A,N,D,C,A,A,H,-,A,A,0,,,,,Y,,A,07,0,4,0,0,0,0,0,0,0,"- ","- ",,,"SANTA BARBARA",LOMPOC,-120.46538185999999,34.639097550000002
8153718,2016,2016-10-26,4204,2016-10-18,2135,90271,4204,2,5,5,4204,0,0,0,,0,002,"BLOSSER RD","COOK ST",0.00,,Y,A,-,N,,,,,,,,,,Y,3,0,1,2,A,-,01,23152,A,M,D,C,A,A,H,-,C,A,0,,,,,Y,Y,A,01,0,1,0,0,0,0,0,0,0,"- ","- ",34.9495,-120.4539,"SANTA BARBARA","SANTA MARIA",-120.45376996,34.949620109999998
8153726,2016,2016-10-26,4204,2016-10-18,0629,90026,51,2,5,5,4204,0,0,0,,0,002,"DEPOT DR","BOONE ST",10.00,S,N,A,-,N,,,,,,,,,,Y,4,0,1,2,A,-,09,21802,A,N,D,C,A,A,H,-,B,D,0,,,,,Y,,A,01,0,0,1,0,0,0,0,0,0,"- ","- ",,,"SANTA BARBARA","SANTA MARIA",-120.44374929999999,34.946742540000002
8153738,2016,2016-10-26,4203,2016-10-16,1722,1584,40,7,5,5,4203,0,0,0,,0,004,"STATE ST","GUTIERREZ ST",140.00,S,N,B,-,N,,,,,,,,,,N,3,0,1,1,A,-,03,22350,,N,A,I,A,A,H,-,A,A,0,,,,,Y,,-,,0,1,0,0,0,0,0,0,0,"- ","- ",34.245910000000002,-119.41379999999999,"SANTA BARBARA","SANTA BARBARA",-119.69388206000001,34.415606769999997
8153750,2016,2016-10-26,4203,2016-10-01,1558,7774,,6,5,5,4203,0,0,0,,0,004,"CHAPALA ST","ORTEGA ST",190.00,N,N,A,-,N,,,,,,,,,,N,4,0,1,2,A,-,10,21952,,N,G,B,C,A,H,-,A,D,0,Y,,,,Y,,-,,0,0,1,0,1,0,0,0,0,"- ","- ",34.418039999999998,-119.69965000000001,"SANTA BARBARA","SANTA BARBARA",-119.69965395,34.417973330000002
8153971,2016,2017-02-28,4204,2016-10-18,1743,90274,36,2,5,5,4204,0,0,0,,0,002,"COLLEGE DR","MAIN ST",0.00,,Y,A,-,Y,SB,5,166,-,-,0.510,I,6,E,N,4,0,1,2,A,-,03,22350,,F,C,C,A,A,H,-,A,A,0,,,,,Y,,A,01,0,0,1,0,0,0,0,0,0,"- ","- ",34.952930000000002,-120.42484,"SANTA BARBARA","SANTA MARIA",-120.56500801,34.957481899999998
8166380,2016,2016-11-15,4200,2016-10-14,0725,3822,14,5,5,4,4214,0,0,0,,0,080,"STORKE RD","MARKET PLACE DR",240.00,S,N,A,-,N,,,,,,,,,,Y,3,0,3,1,A,-,08,22107,,N,E,I,A,A,H,-,B,A,0,,,,,Y,,A,01,0,3,0,0,0,0,0,0,0,"- ","- ",,,"SANTA BARBARA",GOLETA,-119.86976,34.428001199999997
8166693,2016,2018-09-26,4204,2016-08-20,1318,23656,,6,5,5,4204,0,0,0,,0,,"DEPOT DR",SONYA,0.00,,Y,A,-,N,,,,,,,,,,Y,1,1,0,1,A,-,03,22350,,N,E,I,A,A,H,-,A,A,0,,,Y,,Y,,C,02,0,0,0,0,0,0,0,1,0,"- ","- ",,,"SANTA BARBARA","SANTA MARIA",-120.44444995000001,34.927620099999999
8166783,2016,2017-03-21,4204,2016-09-15,0545,23656,16,4,5,5,4204,0,0,0,,0,001,BROADWAY,"ORCHARD ST",0.00,,Y,A,-,Y,SB,5,135,-,-,16.660,I,5,S,N,1,1,0,2,A,-,10,21950,A,F,G,B,B,A,H,-,C,A,0,Y,,,,Y,,A,07,0,0,0,1,0,0,0,0,0,"- ","- ",34.965960000000003,-120.43549,"SANTA BARBARA","SANTA MARIA",-120.43575262,34.965908820000003
8166796,2016,2017-04-04,4204,2016-09-20,1617,23656,75,2,5,5,4204,0,0,0,,0,003,BROADWAY,"INGER DR",0.00,,Y,A,-,Y,SB,5,135,-,-,13.950,I,5,N,Y,1,1,0,2,A,-,08,22107,,N,G,G,A,A,H,-,A,A,0,,Y,,,Y,Y,L,04,0,0,0,0,0,1,0,0,0,"- ","- ",34.926670000000001,-120.43595999999999,"SANTA BARBARA","SANTA MARIA",-120.43594415,34.926790310000001
8164683,2016,2016-11-09,4202,2016-10-13,1903,274,,4,5,4,4202,0,0,0,,0,,"BARTON AV","H ST",623.00,W,N,B,-,N,,,,,,,,,,N,3,0,1,2,A,-,11,21950,B,N,G,B,D,A,H,-,C,D,0,Y,,,,Y,,A,07,0,1,0,0,1,0,0,0,0,"- ","- ",,,"SANTA BARBARA",LOMPOC,-120.45966085000001,34.657138089999997
8165705,2016,2016-11-15,4200,2016-10-17,1055,3683,14,1,5,4,4214,0,0,0,,0,060,"LOS CARNEROS RD","HOLLISTER AV",0.00,,Y,A,-,N,,,,,,,,,,N,4,0,2,2,A,-,12,21453,A,N,D,C,A,A,H,-,A,A,0,,,,,Y,,A,01,0,0,2,0,0,0,0,0,0,"- ","- ",,,"SANTA BARBARA",GOLETA,-119.85974985999999,34.430420060000003
8165709,2016,2016-11-15,4200,2016-10-28,1719,3683,14,5,5,4,4214,0,0,0,,0,060,"DISCOVERY DR","LOS CARNEROS RD",21.00,W,N,A,-,N,,,,,,,,,,N,3,0,1,2,A,-,05,21650,,N,B,G,A,A,H,-,A,D,0,,Y,,,Y,,A,07,0,1,0,0,0,0,1,0,0,"- ","- ",,,"SANTA BARBARA",GOLETA,-119.85984958,34.425330789999997
8165860,2016,2017-03-03,4200,2016-09-26,1733,4472,14,1,5,4,4214,0,0,0,,0,080,"STORKE RD","RT 101",100.00,S,N,A,-,Y,SB,5,101,-,-,24.980,R,4,S,Y,4,0,2,3,A,-,03,22350,,N,C,C,A,A,H,-,A,D,0,,,,,Y,,A,07,0,0,2,0,0,0,0,0,0,"- ",SF,,,"SANTA BARBARA",GOLETA,-119.87439979,34.433303410000001
8165864,2016,2016-12-22,4200,2016-09-17,1328,4983,14,6,5,4,4214,0,0,0,,0,060,"LOS CARNEROS RD","DISCOVERY DR",288.00,N,N,A,-,N,,,,,,,,,,N,4,0,1,3,A,-,03,22350,,M,C,C,A,A,H,-,A,A,0,,,,,Y,,A,01,0,0,1,0,0,0,0,0,0,"- ","- ",,,"SANTA BARBARA",GOLETA,-119.85976942000001,34.426120789999999
8179060,2016,2017-02-28,4200,2016-10-08,1737,3077,11,6,5,2,4212,0,0,0,,0,,"RT 246","LA LATA DR",0.00,,Y,A,-,Y,SB,5,246,-,R,24.640,I,5,W,Y,3,0,2,2,A,-,09,21801,A,N,D,C,A,A,G,-,A,A,0,,,,,Y,,D,22,0,1,1,0,0,0,0,0,0,"- ","- ",,,"SANTA BARBARA",BUELLTON,-120.21597357,34.6223636