CASE_ID,ACCIDENT_YEAR,PROC_DATE,JURIS,COLLISION_DATE,COLLISION_TIME,OFFICER_ID,REPORTING_DISTRICT,DAY_OF_WEEK,CHP_SHIFT,POPULATION,CNTY_CITY_LOC,SPECIAL_COND,BEAT_TYPE,CHP_BEAT_TYPE,CITY_DIVISION_LAPD,CHP_BEAT_CLASS,BEAT_NUMBER,PRIMARY_RD,SECONDARY_RD,DISTANCE,DIRECTION,INTERSECTION,WEATHER_1,WEATHER_2,STATE_HWY_IND,CALTRANS_COUNTY,CALTRANS_DISTRICT,STATE_ROUTE,ROUTE_SUFFIX,POSTMILE_PREFIX,POSTMILE,LOCATION_TYPE,RAMP_INTERSECTION,SIDE_OF_HWY,TOW_AWAY,COLLISION_SEVERITY,NUMBER_KILLED,NUMBER_INJURED,PARTY_COUNT,PRIMARY_COLL_FACTOR,PCF_CODE_OF_VIOL,PCF_VIOL_CATEGORY,PCF_VIOLATION,PCF_VIOL_SUBSECTION,HIT_AND_RUN,TYPE_OF_COLLISION,MVIW,PED_ACTION,ROAD_SURFACE,ROAD_COND_1,ROAD_COND_2,LIGHTING,CONTROL_DEVICE,CHP_ROAD_TYPE,PEDESTRIAN_ACCIDENT,BICYCLE_ACCIDENT,MOTORCYCLE_ACCIDENT,TRUCK_ACCIDENT,NOT_PRIVATE_PROPERTY,ALCOHOL_INVOLVED,STWD_VEHTYPE_AT_FAULT,CHP_VEHTYPE_AT_FAULT,COUNT_SEVERE_INJ,COUNT_VISIBLE_INJ,COUNT_COMPLAINT_PAIN,COUNT_PED_KILLED,COUNT_PED_INJURED,COUNT_BICYCLIST_KILLED,COUNT_BICYCLIST_INJURED,COUNT_MC_KILLED,COUNT_MC_INJURED,PRIMARY_RAMP,SECONDARY_RAMP,LATITUDE,LONGITUDE,COUNTY,CITY,POINT_X,POINT_Y
8179104,2016,2016-12-07,4203,2016-11-21,0550,22857,,1,5,5,4203,0,0,0,,0,006,"CARRILLO ST","VISTA DEL PUEBLO",210.00,W,N,B,-,N,,,,,,,,,,Y,4,0,1,1,A,-,08,22107,,N,F,A,A,B,H,-,B,D,0,,,,,Y,,-,,0,0,1,0,0,0,0,0,0,"- ","- ",34.243699999999997,-119.4259,"SANTA BARBARA","SANTA BARBARA",-119.7158987,34.410669910000003
8179138,2016,2016-12-06,4203,2016-10-01,1038,22859,,6,5,5,4203,0,0,0,,0,004,"BATH ST","MICHELTORENA ST",100.00,S,N,A,-,N,,,,,,,,,,N,3,0,1,2,A,-,03,22350,,N,C,C,A,A,H,-,A,A,0,,,,,Y,,-,,0,1,0,0,0,0,0,0,0,"- ","- ",,,"SANTA BARBARA","SANTA BARBARA",-119.71139405,34.422836019999998
8179142,2016,2017-01-18,4203,2016-11-16,0704,5751,64,3,5,5,4203,0,0,0,,0,001,"N SOLEDAD ST","E MASON ST",0.00,,Y,A,-,N,,,,,,,,,,N,4,0,1,2,A,-,10,21950,A,N,G,B,B,A,H,-,A,D,0,Y,,,,Y,,A,07,0,0,1,0,1,0,0,0,0,"- ","- ",34.425559999999997,-119.67712,"SANTA BARBARA","SANTA BARBARA",-119.67681988,34.425710070000001
8179146,2016,2016-12-06,4203,2016-11-15,1605,7897,,2,5,5,4203,0,0,0,,0,005,"STATE ST","HOPE AV",435.00,W,N,A,-,N,,,,,,,,,,N,4,0,1,2,A,-,"- ",,,N,G,B,F,A,H,-,A,A,0,Y,,,,Y,,A,01,0,0,1,0,1,0,0,0,0,"- ","- ",34.440350000000002,-119.74822,"SANTA BARBARA","SANTA BARBARA",-119.74816159,34.440489999999997
8179150,2016,2016-12-06,4203,2016-11-21,1733,6377,62,1,5,5,4203,0,0,0,,0,001,"E MASON ST","ALISOS ST",0.00,,Y,A,-,N,,,,,,,,,,N,3,0,1,2,A,-,09,21802,,N,-,G,A,A,H,-,C,A,0,,Y,,,Y,Y,L,04,0,1,0,0,0,0,1,0,0,"- ","- ",34.252479999999998,-119.40447,"SANTA BARBARA","SANTA BARBARA",-119.67904987,34.423630029999998
8166825,2016,2017-03-28,4200,2016-09-23,0626,3116,14,5,5,4,4214,0,0,0,,0,080,"CALLE REAL","SAN MATEO DR",63.00,W,N,A,-,N,,,,,,,,,,Y,1,1,0,2,A,-,08,22107,,N,C,G,A,A,H,-,B,D,0,,Y,,,Y,,D,22,0,0,0,0,0,1,0,0,0,"- ","- ",,,"SANTA BARBARA",GOLETA,-119.8753337,34.433475430000001
8169047,2016,2017-01-18,4203,2016-11-03,2258,3849,,4,5,5,4203,0,0,0,,0,005,"LAS POSITAS RD","CALLE REAL",0.00,,Y,A,-,N,,,225,,,,,,,Y,4,0,1,2,A,-,01,23152,A,F,C,C,A,A,H,-,C,A,0,,,,,Y,Y,-,,0,0,1,0,0,0,0,0,0,"- ","- ",34.428699999999999,-119.7337,"SANTA BARBARA","SANTA BARBARA",-119.73372946000001,34.428022810000002
8169104,2016,2016-11-16,4203,2016-11-02,0800,23518,,3,5,5,4203,0,0,0,,0,006,"CLIFF DR","MESA LN",270.00,W,N,A,-,N,,,,,,,,,,N,3,0,1,2,A,-,03,22350,,N,C,G,A,A,H,-,A,D,0,,Y,,,Y,,-,,0,1,0,0,0,0,0,0,0,"- ","- ",34.241370000000003,-119.43525,"SANTA BARBARA","SANTA BARBARA",-119.73112599,34.403844919999997
8169108,2016,2016-11-16,4203,2016-11-03,2015,22854,,4,5,5,4203,0,0,0,,0,006,"MEIGS RD","CLIFF DR",252.00,S,N,A,-,N,,,,,,,,,,Y,3,0,1,2,A,-,01,23152,,N,D,C,A,A,H,-,C,D,0,,,,,Y,,-,,0,1,0,0,0,0,0,0,0,"- ","- ",34.240200000000002,-119.432,"SANTA BARBARA","SANTA BARBARA",-119.72222287,34.40088025
8169134,2016,2016-11-17,4203,2016-10-31,2052,2520,4203,1,5,5,4203,0,0,0,,0,006,"MODOC RD","EUCALYPTUS AV",0.00,,Y,A,-,N,,,,,,,,,,N,4,0,1,2,A,-,06,21750,,N,D,G,A,A,H,-,C,D,0,,Y,,,Y,,L,04,0,0,1,0,0,0,1,0,0,"- ","- ",,,"SANTA BARBARA","SANTA BARBARA",-119.72417991,34.424990010000002
8169311,2016,2016-11-15,4203,2016-10-31,1854,23889,,1,5,5,4203,0,0,0,,0,004,"STATE ST","VICTORIA ST",48.00,S,N,A,-,N,,,,,,,,,,N,3,0,1,2,A,-,11,21955,,N,G,B,D,A,H,-,C,A,0,Y,,,,Y,,N,60,0,1,0,0,1,0,0,0,0,"- ","- ",34.025260000000003,-119.04219000000001,"SANTA BARBARA","SANTA BARBARA",-119.70562208,34.424211560000003
8170331,2016,2017-02-18,4204,2016-11-02,0650,21338,001,3,5,5,4204,0,0,0,,0,001,BROADWAY,"PREISKER LN",800.00,E,N,A,-,Y,SB,5,135,-,-,17.680,H,-,N,Y,4,0,1,2,A,-,03,22350,,N,C,C,A,A,H,-,A,D,0,,,,,Y,,A,01,0,0,1,0,0,0,0,0,0,"- ","- ",34.978870000000001,-120.43472,"SANTA BARBARA","SANTA MARIA",-120.43294917,34.98020975
8170340,2016,2017-02-28,4204,2016-10-28,1431,22807,35,5,5,5,4204,0,0,0,,0,002,"MAIN ST","COLLEGE DR",30.00,E,N,A,-,Y,SB,5,166,-,-,8.520,H,-,W,Y,4,0,1,3,A,-,03,22350,,N,C,C,A,A,H,-,A,D,0,,,,,Y,,D,22,0,0,1,0,0,0,0,0,0,"- ","- ",34.952930000000002,-120.42484,"SANTA BARBARA","SANTA MARIA",-120.42455716000001,34.953165179999999
8170347,2016,2016-11-29,4204,2016-11-06,0609,90200,13,7,5,5,4204,0,0,0,,0,001,"ALVIN AV","RUSSELL AV",0.00,,Y,E,-,N,,,,,,,,,,Y,4,0,1,2,A,-,09,21800,,N,D,C,A,A,H,-,B,D,0,,,,,Y,,A,01,0,0,1,0,0,0,0,0,0,"- ","- ",34.960520000000002,-120.4515,"SANTA BARBARA","SANTA MARIA",-120.45140997999999,34.960580030000003
8170399,2016,2016-11-22,4200,2016-10-26,1041,4163,10,3,5,3,4205,0,0,0,,0,030,"CAMINO TRILLADO","GRANADA WY",174.00,S,N,A,-,N,,,,,,,,,,Y,4,0,1,2,A,-,01,23152,,M,C,E,A,A,H,-,A,D,0,,,,Y,Y,Y,F,26,0,0,1,0,0,0,0,0,0,"- ","- ",,,"SANTA BARBARA",CARPINTERIA,-119.51095082000001,34.402159050000002
8170482,2016,2017-02-18,4204,2016-11-04,1644,90376,74,5,5,5,4204,0,0,0,,0,003,BROADWAY,"CARMEN LN",0.00,,Y,A,-,Y,SB,5,135,-,-,13.810,I,5,S,Y,4,0,1,2,A,-,12,21453,A,N,D,C,A,A,H,-,A,A,0,,,,,Y,,A,01,0,0,1,0,0,0,0,0,0,"- ","- ",34.924819999999997,-120.43604999999999,"SANTA BARBARA","SANTA MARIA",-120.43615162,34.924815819999999
8170486,2016,2017-02-18,4204,2016-11-06,1203,90274,62,7,5,5,4204,0,0,0,,0,002,BROADWAY,"LIBERTY ST",95.00,N,N,A,-,Y,SB,5,135,-,-,14.840,H,-,S,Y,4,0,1,3,A,-,03,22350,,N,C,C,A,A,H,-,A,A,0,,,,,Y,,A,01,0,0,1,0,0,0,0,0,0,"- ","- ",34.939279999999997,-120.43594,"SANTA BARBARA","SANTA MARIA",-120.43607882000001,34.939420730000002
8170505,2016,2016-11-17,4204,2016-10-30,0949,90377,55,7,5,5,4204,0,0,0,,0,002,"MORRISON AV","DEPOT ST",50.00,E,N,B,-,N,,,,,,,,,,Y,4,0,1,1,A,-,03,22350,,N,E,I,A,A,H,-,A,A,0,,,,,Y,,A,01,0,0,1,0,0,0,0,0,0,"- ","- ",34.943330000000003,-120.44356000000001,"SANTA BARBARA","SANTA MARIA",-120.44363322,34.943199999999997
8171319,2016,2017-01-20,4204,2016-11-10,0947,90272,05,4,5,5,4204,0,0,0,,0,001,BROADWAY,"GRANT ST",0.00,,Y,A,-,N,,,135,,,,,,,Y,4,0,1,2,A,-,03,22350,,N,C,C,A,A,A,H,A,A,0,,,,,Y,,A,01,0,0,1,0,0,0,0,0,0,"- ","- ",34.972790000000003,-120.43577000000001,"SANTA BARBARA","SANTA MARIA",-120.43567452000001,34.972789259999999
8171442,2016,2016-11-22,4204,2016-11-05,2017,90343,13,6,5,5,4204,0,0,0,,0,001,"WESTERN AV","GUNNER ST",100.00,S,N,A,-,N,,,,,,,,,,Y,4,0,2,2,A,-,05,21650,,N,A,C,A,A,H,-,C,D,0,,,,,Y,,A,01,0,0,2,0,0,0,0,0,0,"- ","- ",34.963380000000001,-120.45011,"SANTA BARBARA","SANTA MARIA",-120.45005171,34.963135119999997
8171446,2016,2016-11-22,4204,2016-11-10,2104,23601,2,4,5,5,4204,0,0,0,,0,001,"HIDDEN PINES WY","PREISKER LN",0.00,,Y,A,-,N,,,,,,,,,,Y,3,0,1,2,A,-,09,21804,A,N,D,C,A,A,H,-,C,A,0,,,Y,,Y,,A,07,0,1,0,0,0,0,0,0,1,"- ","- ",34.985979999999998,-120.43518,"SANTA BARBARA","SANTA MARIA",-120.43539994,34.985960069999997
8171450,2016,2016-11-22,4204,2016-11-10,1719,90343,82,4,5,5,4204,0,0,0,,0,003,BROADWAY,"BETTERAVIA RD",300.00,S,N,A,-,N,,,135,,,,,,,N,4,0,1,2,A,-,10,21952,,F,G,B,D,A,H,-,A,D,0,Y,,,,Y,,A,07,0,0,1,0,1,0,0,0,0,"- ","- ",34.92089,-120.43613000000001,"SANTA BARBARA","SANTA MARIA",-120.43611584,34.92088914
8171458,2016,2016-11-22,4204,2016-11-09,1536,19527,010,3,5,5,4204,0,0,0,,0,001,"DONOVAN RD","LYNNE DR",9.00,E,N,B,-,N,,,,,,,,,,N,2,0,2,4,A,-,11,21461,5,N,G,B,D,A,H,-,A,A,0,Y,,,,Y,,N,60,1,1,0,0,2,0,0,0,0,"- ","- ",34.967550000000003,-120.42657,"SANTA BARBARA","SANTA MARIA",-120.42671996999999,34.967660469999998
8171509,2016,2017-02-18,4204,2016-11-14,1550,19527,082,1,5,5,4204,0,0,0,,0,003,"BETTERAVIA RD",BROADWAY,101.00,S,N,E,-,Y,SB,5,135,-,-,13.520,H,-,N,N,4,0,1,2,A,-,09,21804,A,N,D,C,A,A,H,-,A,D,0,,,,,Y,,A,01,0,0,1,0,0,0,0,0,0,"- ","- ",34.92089,-120.43613000000001,"SANTA BARBARA","SANTA MARIA",-120.43594742000001,34.920516079999999
8171619,2016,2017-02-18,4204,2016-11-10,1335,21338,068,4,5,5,4204,0,0,0,,0,003,BROADWAY,"PLAZA DR",0.00,,Y,A,-,Y,SB,5,135,-,-,14.700,I,6,N,N,4,0,1,2,A,-,05,21202,A,N,H,G,A,A,H,-,A,A,0,,Y,,,Y,,L,04,0,0,1,0,0,0,1,0,0,"- ","- ",34.937420000000003,-120.43597,"SANTA BARBARA","SANTA MARIA",-120.43593227,34.937366240000003
8171623,2016,2017-03-04,4204,2016-11-11,1730,90365,69,5,5,5,4204,0,0,0,,0,003,"STOWELL RD","NICHOLSON AV",0.00,,Y,A,-,Y,SB,5,101,-,-,87.824,R,4,N,Y,4,0,2,2,A,-,09,21802,A,N,A,C,A,A,H,-,C,A,0,,,,,Y,,A,01,0,0,2,0,0,0,0,0,0,"- ","- ",34.938220000000001,-120.41623,"SANTA BARBARA","SANTA MARIA",-120.41768405000001,34.941543500000002
8171644,2016,2016-11-23,4203,2016-11-05,1805,1959,,6,5,5,4203,0,0,0,,0,004,"CASTILLO ST","MICHELTORENA ST",0.00,,Y,A,-,N,,,,,,,,,,N,4,0,2,2,A,-,12,21453,A,N,D,C,A,A,H,-,A,A,0,,,,,Y,,-,,0,0,2,0,0,0,0,0,0,"- ","- ",34.251899999999999,-119.42462,"SANTA BARBARA","SANTA BARBARA",-119.71274997,34.42197007
8172059,2016,2016-12-01,4204,2016-10-14,2029,90081,59,5,5,5,4204,0,0,0,,0,003,"BRADLEY RD","STOWELL RD",254.00,N,N,A,-,N,,,,,,,,,,Y,3,0,1,2,A,-,01,23152,A,N,A,C,A,A,H,-,C,D,0,,,,,Y,Y,D,22,0,1,0,0,0,0,0,0,0,"- ","- ",34.938299999999998,-120.41945,"SANTA BARBARA","SANTA MARIA",-120.41938500000001,34.939001560000001
8172172,2016,2016-11-29,4203,2016-11-10,1416,9480,,4,5,5,4203,0,0,0,,0,005,"STATE ST",AMAPOLA,138.00,E,N,A,-,N,,,,,,,,,,N,4,0,1,2,A,-,03,22350,,N,C,C,A,A,H,-,A,A,0,,,,,Y,,-,,0,0,1,0,0,0,0,0,0,"- ","- ",34.26247,-119.4408,"SANTA BARBARA","SANTA BARBARA",-119.73607285,34.440399999999997
8172176,2016,2016-11-29,4203,2016-11-11,0537,3197,,5,5,5,4203,0,0,0,,0,005,"LA COLINA RD","MESA VERDE",165.00,W,N,A,-,N,,,,,,,,,,Y,3,0,1,2,A,-,21,22106,,N,-,E,A,A,H,-,C,D,0,,,,,Y,,D,22,0,1,0,0,0,0,0,0,0,"- ","- ",34.2639,-119.45229999999999,"SANTA BARBARA","SANTA BARBARA",-119.75653685,34.444237749999999
8172469,2016,2017-02-28,4204,2016-10-27,0801,19527,027,4,5,5,4204,0,0,0,,0,001,BROADWAY,"TUNNELL ST",0.00,,Y,B,-,Y,SB,5,135,-,-,16.080,I,6,S,N,4,0,1,3,A,-,09,21802,A,N,D,C,A,A,H,-,A,A,0,,,,,Y,,A,01,0,0,1,0,0,0,0,0,0,"- ","- ",34.957549999999998,-120.43586999999999,"SANTA BARBARA","SANTA MARIA",-120.43586861999999,34.957511820000001
8172784,2016,2016-11-30,4204,2016-09-10,0630,90200,63,6,5,5,4204,0,0,0,,0,003,"BLACK RD","STOWELL RD",330.00,N,N,E,-,N,,,,,,,,,,Y,4,0,1,2,A,-,05,21752,,N,D,C,A,A,H,-,B,D,0,,,,,Y,,D,22,0,0,1,0,0,0,0,0,0,"- ","- ",34.938560000000003,-120.48988,"SANTA BARBARA","SANTA MARIA",-120.48987803999999,34.939456380000003
8172819,2016,2016-11-29,4204,2016-11-12,0114,90239,16,6,5,5,4204,0,0,0,,0,001,"MILLER ST","ALVIN AV",253.00,N,N,A,-,N,,,,,,,,,,Y,3,0,1,4,A,-,08,22107,,M,A,E,A,A,H,-,C,D,0,,,,,Y,,A,07,0,1,0,0,0,0,0,0,0,"- ","- ",34.960380000000001,-120.43136,"SANTA BARBARA","SANTA MARIA",-120.43127008,34.961108920000001
8172823,2016,2017-02-18,4204,2016-11-04,1528,90276,,5,5,5,4204,0,0,0,,0,B03,BROADWAY,"PLAZA DR",0.00,,Y,A,-,Y,SB,5,135,-,-,14.700,I,5,N,N,4,0,2,3,A,-,03,22350,,N,C,C,A,A,H,-,A,A,0,,,,,Y,,A,01,0,0,2,0,0,0,0,0,0,"- ","- ",34.937420000000003,-120.43597,"SANTA BARBARA","SANTA MARIA",-120.43593227,34.937366240000003
8172841,2016,2017-02-18,4204,2016-11-09,1425,21338,032,3,5,5,4204,0,0,0,,0,001,"MAIN ST","BLOSSER RD",20.00,W,N,A,-,Y,SB,5,166,-,-,6.860,H,-,E,N,4,0,1,2,A,-,03,22350,,M,C,C,A,A,H,-,A,A,0,,,,,Y,,A,07,0,0,1,0,0,0,0,0,0,"- ","- ",34.953209999999999,-120.45367,"SANTA BARBARA","SANTA MARIA",-120.45406369,34.953259189999997
8172947,2016,2016-11-17,4203,2016-11-10,0831,5751,53,4,5,5,4203,0,0,0,,0,005,"HITCHCOCK WY","GREGORY WY",210.00,S,N,A,-,N,,,,,,,,,,Y,3,0,1,3,A,-,08,22107,,N,C,E,A,A,H,-,A,D,0,,,,,Y,,A,01,0,1,0,0,0,0,0,0,0,"- ","- ",34.436579999999999,-119.74468,"SANTA BARBARA","SANTA BARBARA",-119.74502784000001,34.436086899999999
8172951,2016,2016-11-17,4203,2016-11-07,0953,4937,,1,5,5,4203,0,0,0,,0,004,"DE LA VINA ST","PEDREGOSA ST",40.00,N,N,A,-,N,,,,,,,,,,N,3,0,1,3,A,-,07,21658,A,F,B,C,A,A,H,-,A,D,0,,,,,Y,,-,,0,1,0,0,0,0,0,0,0,"- ","- ",34.253999999999998,-119.42570000000001,"SANTA BARBARA","SANTA BARBARA",-119.71582827,34.4278537
8172955,2016,2016-11-17,4203,2016-11-02,1326,6700,UI,3,5,5,4203,0,0,0,,0,0UI,"FAIRVIEW AV","JAMES FOWLER RD",0.00,,Y,A,-,N,,,,,,,,,,N,3,0,1,2,A,-,09,21801,A,N,H,G,A,A,H,-,A,D,0,,Y,,,Y,,A,08,0,1,0,0,0,0,1,0,0,"- ","- ",34.42671,-119.83029999999999,"SANTA BARBARA","SANTA BARBARA",-119.83035998,34.42677011
8172959,2016,2016-11-17,4203,2016-11-09,0745,6048,,3,5,5,4203,0,0,0,,0,003,"GARDEN ST","VALERIO ST",258.00,S,N,A,-,N,,,,,,,,,,N,3,0,3,2,A,-,09,21804,A,N,D,C,A,A,H,-,A,D,0,,,,,Y,,-,,0,1,2,0,0,0,0,0,0,"- ","- ",34.255330000000001,-119.43217,"SANTA BARBARA","SANTA BARBARA",-119.70683502999999,34.430755019999999
8173104,2016,2016-12-19,4203,2016-10-31,1832,7897,53,1,5,5,4203,0,0,0,,0,005,"LOS POSITAS RD","CALLE REAL",0.00,,Y,A,-,N,,,,,,,,,,Y,4,0,3,2,D,-,00,,,N,H,C,A,A,H,-,C,A,0,,,,,Y,,-,"- ",0,0,3,0,0,0,0,0,0,"- ","- ",,,"SANTA BARBARA","SANTA BARBARA",-119.73373986999999,34.428590020000001
8173206,2016,2016-11-18,4203,2016-10-31,1213,5751,40,1,5,5,4203,0,0,0,,0,003,"ANACAPA ST","E HALEY ST",57.00,N,N,A,-,N,,,,,,,,,,N,3,0,1,2,A,-,11,21954,A,N,G,B,E,A,H,-,A,D,0,Y,,,,Y,Y,N,60,0,1,0,0,1,0,0,0,0,"- ","- ",34.317570000000003,-119.69508999999999,"SANTA BARBARA","SANTA BARBARA",-119.69444387999999,34.418031370000001
8173227,2016,2016-11-21,4203,2016-11-04,1355,6048,,5,5,5,4203,0,0,0,,0,006,"CARRILLO ST","SAN PASCUAL ST",150.00,E,N,A,-,N,,,,,,,,,,N,4,0,1,2,A,-,03,22350,A,N,C,C,A,A,H,-,A,D,0,,,,,Y,,-,,0,0,1,0,0,0,0,0,0,"- ","- ",34.245510000000003,-119.42315000000001,"SANTA BARBARA","SANTA BARBARA",-119.70867026000001,34.415346800000002
8173231,2016,2016-11-21,4203,2016-11-05,1932,2736,,6,5,5,4203,0,0,0,,0,004,"CHAPALA ST","GUTIERREZ ST",0.00,,Y,A,-,N,,,,,,,,,,N,4,0,1,2,A,-,09,21802,,N,D,C,A,A,H,-,C,A,0,,,,,Y,,-,,0,0,1,0,0,0,0,0,0,"- ","- ",34.24512,-119.41425,"SANTA BARBARA","SANTA BARBARA",-119.69532988,34.414800069999998
8173247,2016,2016-11-21,4203,2016-11-04,1702,6973,,5,5,5,4203,0,0,0,,0,001,"ALPHONSE ST","N ALISOS ST",15.00,E,N,A,-,N,,,,,,,,,,N,4,0,1,2,A,-,09,21803,A,N,D,C,A,A,H,-,A,A,0,,,,,Y,,-,,0,0,1,0,0,0,0,0,0,"- ","- ",34.427999999999997,-119.685,"SANTA BARBARA","SANTA BARBARA",-119.68608673999999,34.428840610000002
8173251,2016,2016-11-21,4203,2016-11-05,2336,2736,,6,5,5,4203,0,0,0,,0,004,"BATH ST","CARRILLO ST",30.00,S,N,A,-,N,,,,,,,,,,N,4,0,1,2,A,-,11,21954,A,N,G,B,D,A,H,-,C,A,0,Y,,,,Y,Y,N,60,0,0,1,0,1,0,0,0,0,"- ","- ",34.250599999999999,-119.42197,"SANTA BARBARA","SANTA BARBARA",-119.70517517,34.41826579
8173263,2016,2016-11-21,4203,2016-11-07,0956,6700,14,1,5,5,4203,0,0,0,,0,002,"CASTILLO ST","MONTECITO ST",124.00,N,N,A,-,N,,,,,,,,,,N,4,0,1,2,A,-,03,22350,,N,C,C,A,A,H,-,A,A,0,,,,,Y,,A,01,0,0,1,0,0,0,0,0,0,"- ","- ",34.410939999999997,-119.69792,"SANTA BARBARA","SANTA BARBARA",-119.69780034999999,34.410903060000003
8173685,2016,2016-11-23,4202,2016-10-26,0055,239,LOMPO,3,5,4,4202,0,0,0,,0,,"PINE AV","R ST",194.00,W,N,B,-,N,,,,,,,,,,N,3,0,1,2,A,-,08,22107,,N,B,E,A,A,H,-,C,D,0,,,,,Y,,A,01,0,1,0,0,0,0,0,0,0,"- ","- ",,,"SANTA BARBARA",LOMPOC,-120.47108480999999,34.65032514
8173750,2016,2016-12-02,4202,2016-11-05,0028,20976,,6,5,4,4202,0,0,0,,0,,"COLLEGE AV","3RD ST",7.00,E,N,A,-,N,,,,,,,,,,Y,4,0,1,2,A,-,01,23152,B,M,C,C,A,A,H,-,C,A,0,,,,,Y,Y,D,22,0,0,1,0,0,0,0,0,0,"- ","- ",,,"SANTA BARBARA",LOMPOC,-120.44512674000001,34.646909649999998
8174045,2016,2017-02-23,4202,2016-10-02,1158,10251,LOMPO,7,5,4,4202,0,0,0,,0,,"RT 1","H ST",2.00,E,N,A,-,Y,SB,5,1,-,-,20.565,I,5,N,Y,4,0,1,2,A,-,12,21453,A,N,D,D,A,A,H,-,A,A,0,,,,,Y,,A,08,0,0,1,0,0,0,0,0,0,"- ","- ",,,"SANTA BARBARA",LOMPOC,-120.45783846,34.63901954
8179154,2016,2016-12-06,4203,2016-11-16,2210,33135,5B5C,3,5,5,4203,0,0,0,,0,002,"ANACAPA ST","E YANONALI ST",280.00,S,N,A,-,N,,,,,,,,,,Y,3,0,1,2,A,-,01,23152,,N,A,E,A,A,H,-,C,D,0,,,,,Y,Y,-,,0,1,0,0,0,0,0,0,0,"- ","- ",34.414549999999998,-119.68976000000001,"SANTA BARBARA","SANTA BARBARA",-119.68978849,34.414588440000003
8179158,2016,2016-12-06,4203,2016-11-18,1420,24093,,5,5,5,4203,0,0,0,,0,004,"CASTILLO ST","MICHELTORENA ST",0.00,,Y,A,-,N,,,,,,,,,,Y,4,0,1,2,A,-,"- ",,,N,D,C,A,A,H,-,A,A,0,,,,,Y,,-,"- ",0,0,1,0,0,0,0,0,0,"- ","- ",34.253160000000001,-119.42041,"SANTA BARBARA","SANTA BARBARA",-119.71274997,34.42197007
8179177,2016,2016-12-06,4203,2016-11-24,0223,3597,,4,5,5,4203,0,0,0,,0,005,"FOOTHILL RD","ALAMAR AV",65.00,S,N,A,-,N,,,,,,,,,,Y,3,0,1,2,A,-,01,23152,A,N,F,E,A,A,H,-,D,D,0,,,,,Y,Y,-,,0,1,0,0,0,0,0,0,0,"- ","- ",34.264830000000003,-119.43275,"SANTA BARBARA","SANTA BARBARA",-119.72447201999999,34.446773819999997
8179181,2016,2016-12-06,4203,2016-11-21,1027,22856,,1,5,5,4203,0,0,0,,0,001,"N MILPAS ST","ALPHONSE ST",24.00,S,N,A,-,N,,,,,,,,,,N,4,0,1,2,A,-,03,22350,,N,C,C,A,A,H,-,A,A,0,,,,,Y,,-,,0,0,1,0,0,0,0,0,0,"- ","- ",34.253900000000002,-119.4113,"SANTA BARBARA","SANTA BARBARA",-119.68720036000001,34.42768641
8179238,2016,2016-12-08,4200,2016-11-18,1203,3116,14,5,5,4,4214,0,0,0,,0,060,"PATTERSON AV","OVERPASS RD",67.00,N,N,A,-,N,,,,,,,,,,N,4,0,1,2,A,-,03,22350,,N,C,C,A,A,H,-,A,A,0,,,,,Y,,D,22,0,0,1,0,0,0,0,0,0,"- ","- ",,,"SANTA BARBARA",GOLETA,-119.808646,34.439263940000004
8179477,2016,2016-12-09,4200,2016-11-11,1706,4472,14,5,5,4,4214,0,0,0,,0,050,"FAIRVIEW AV","SHIRRELL WY",0.00,,Y,A,-,N,,,,,,,,,,Y,4,0,1,2,A,-,00,22801,A,N,D,C,A,A,H,-,B,D,0,,,,,Y,,A,07,0,0,1,0,0,0,0,0,0,"- ","- ",,,"SANTA BARBARA",GOLETA,-119.83065997,34.444080059999997
8179481,2016,2016-12-09,4200,2016-11-12,1855,3083,14,6,5,4,4214,0,0,0,,0,060,"S PATTERSON AV","OVERPASS RD",0.00,,Y,A,-,N,,,,,,,,,,N,3,0,1,2,A,-,12,21453,A,N,D,G,A,A,H,-,C,A,0,,Y,,,Y,Y,L,04,0,1,0,0,0,0,1,0,0,"- ","- ",,,"SANTA BARBARA",GOLETA,-119.80864993,34.439080019999999
8179485,2016,2016-12-09,4200,2016-11-16,0730,5053,10,3,5,3,4205,0,0,0,,0,030,"CARPINTERIA AV","CASITAS PASS RD",0.00,,Y,A,-,N,,,,,,,,,,N,3,0,1,2,A,-,00,22101,B,N,D,G,A,A,H,-,A,A,0,,Y,,,Y,,L,04,0,1,0,0,0,0,1,0,0,"- ","- ",,,"SANTA BARBARA",CARPINTERIA,-119.51431995999999,34.395520050000002
8180722,2016,2016-12-05,4202,2016-10-19,1400,265,,3,5,4,4202,0,0,0,,0,4202,"WALNUT AV","C ST",0.00,,Y,A,-,N,,,,,,,,,,Y,4,0,1,2,A,-,12,22450,A,F,D,C,A,A,H,-,A,A,0,,,,,Y,,A,01,0,0,1,0,0,0,0,0,0,"- ","- ",,,"SANTA BARBARA",LOMPOC,-120.45152987,34.640570019999998