CASE_ID,ACCIDENT_YEAR,PROC_DATE,JURIS,COLLISION_DATE,COLLISION_TIME,OFFICER_ID,REPORTING_DISTRICT,DAY_OF_WEEK,CHP_SHIFT,POPULATION,CNTY_CITY_LOC,SPECIAL_COND,BEAT_TYPE,CHP_BEAT_TYPE,CITY_DIVISION_LAPD,CHP_BEAT_CLASS,BEAT_NUMBER,PRIMARY_RD,SECONDARY_RD,DISTANCE,DIRECTION,INTERSECTION,WEATHER_1,WEATHER_2,STATE_HWY_IND,CALTRANS_COUNTY,CALTRANS_DISTRICT,STATE_ROUTE,ROUTE_SUFFIX,POSTMILE_PREFIX,POSTMILE,LOCATION_TYPE,RAMP_INTERSECTION,SIDE_OF_HWY,TOW_AWAY,COLLISION_SEVERITY,NUMBER_KILLED,NUMBER_INJURED,PARTY_COUNT,PRIMARY_COLL_FACTOR,PCF_CODE_OF_VIOL,PCF_VIOL_CATEGORY,PCF_VIOLATION,PCF_VIOL_SUBSECTION,HIT_AND_RUN,TYPE_OF_COLLISION,MVIW,PED_ACTION,ROAD_SURFACE,ROAD_COND_1,ROAD_COND_2,LIGHTING,CONTROL_DEVICE,CHP_ROAD_TYPE,PEDESTRIAN_ACCIDENT,BICYCLE_ACCIDENT,MOTORCYCLE_ACCIDENT,TRUCK_ACCIDENT,NOT_PRIVATE_PROPERTY,ALCOHOL_INVOLVED,STWD_VEHTYPE_AT_FAULT,CHP_VEHTYPE_AT_FAULT,COUNT_SEVERE_INJ,COUNT_VISIBLE_INJ,COUNT_COMPLAINT_PAIN,COUNT_PED_KILLED,COUNT_PED_INJURED,COUNT_BICYCLIST_KILLED,COUNT_BICYCLIST_INJURED,COUNT_MC_KILLED,COUNT_MC_INJURED,PRIMARY_RAMP,SECONDARY_RAMP,LATITUDE,LONGITUDE,COUNTY,CITY,POINT_X,POINT_Y
8180963,2016,2017-03-04,4202,2016-11-09,0738,292,,3,5,4,4202,0,0,0,,0,,"RT 1","BRISA DEL MAR",83.00,S,N,A,-,Y,SB,5,1,-,-,23.080,H,-,N,Y,3,0,5,4,A,-,03,22350,,N,C,C,A,A,H,-,A,A,0,,,,,Y,,A,01,0,1,4,0,0,0,0,0,0,"- ","- ",,,"SANTA BARBARA",LOMPOC,-120.45681298,34.67541233
8180987,2016,2017-03-04,4202,2016-11-17,0933,292,,4,5,4,4202,0,0,0,,0,,"RT 1","WALNUT AV",30.00,N,N,A,-,Y,SB,5,1,-,-,20.650,H,-,S,Y,4,0,1,2,A,-,03,22350,,N,C,C,A,A,H,-,A,A,0,,,,,Y,,A,01,0,0,1,0,0,0,0,0,0,"- ","- ",,,"SANTA BARBARA",LOMPOC,-120.45794395999999,34.640787690000003
8174083,2016,2016-11-22,4202,2016-11-08,1748,15384,LOMPO,2,5,4,4202,0,0,0,,0,,"7TH ST","E CHESTNUT AV",93.00,S,N,A,-,N,,,,,,,,,,N,4,0,3,2,A,-,03,22350,,N,C,C,A,A,H,-,C,D,0,,,,,Y,,A,07,0,0,3,0,0,0,0,0,0,"- ","- ",,,"SANTA BARBARA",LOMPOC,-120.44027,34.641824550000003
8174135,2016,2017-03-04,4202,2016-11-02,1824,232,4202,3,5,4,4202,0,0,0,,0,,"RT 1","BARTON AV",0.00,,Y,A,-,Y,SB,5,1,-,-,21.810,I,5,N,Y,4,0,1,3,A,-,12,21453,A,M,D,C,A,A,H,-,C,A,0,,,,,Y,,A,07,0,0,1,0,0,0,0,0,0,"- ","- ",,,"SANTA BARBARA",LOMPOC,-120.45754789999999,34.657057139999999
8175056,2016,2016-11-30,4203,2016-11-14,1851,5739,4203,1,5,5,4203,0,0,0,,0,002,"CASTILLO ST","MONTECITO ST",216.00,N,N,A,-,N,,,,,,,,,,,4,0,1,2,A,-,17,21200,,N,D,G,A,A,H,-,C,D,0,,Y,,,Y,Y,L,04,0,0,1,0,0,0,1,0,0,"- ","- ",34.409999999999997,-119.69,"SANTA BARBARA","SANTA BARBARA",-119.69803752999999,34.411061689999997
8175060,2016,2016-11-29,4203,2016-11-20,0008,2661,,7,5,5,4203,0,0,0,,0,001,"ANAPAMU ST","ALTA VISTA ST",0.00,,Y,A,-,N,,,,,,,,,,Y,3,0,1,1,A,-,01,23152,A,N,E,I,A,A,H,-,C,A,0,,,,,Y,Y,-,,0,1,0,0,0,0,0,0,0,"- ","- ",34.254899999999999,-119.4149,"SANTA BARBARA","SANTA BARBARA",-119.69652996000001,34.430850079999999
8177533,2016,2016-12-07,4204,2016-11-24,2350,90342,28,4,5,5,4204,0,0,0,,0,001,"EAST AV","ALVIN AV",50.00,S,N,A,-,N,,,,,,,,,,Y,3,0,1,2,A,-,01,23152,A,N,C,E,A,A,H,-,C,D,0,,,,,Y,Y,A,01,0,1,0,0,0,0,0,0,0,"- ","- ",34.960259999999998,-120.42677,"SANTA BARBARA","SANTA MARIA",-120.42674839999999,34.960262669999999
8177545,2016,2016-12-07,4204,2016-11-18,1427,22807,78,5,5,5,4204,0,0,0,,0,003,"BETTERAVIA RD","A ST",100.00,W,N,A,-,N,,,,,,,,,,N,3,0,1,2,A,-,09,21801,A,N,D,C,A,A,H,-,A,D,0,,,,,Y,,I,11,0,1,0,0,0,0,0,0,0,"- ","- ",34.920839999999998,-120.46404,"SANTA BARBARA","SANTA MARIA",-120.46434343999999,34.920765729999999
8177570,2016,2016-12-07,4204,2016-11-14,1158,23656,59,1,5,5,4204,0,0,0,,0,002,"COLLEGE DR","CAMINO COLEGIO",0.00,,Y,A,-,N,,,,,,,,,,Y,4,0,1,2,A,-,04,21703,,N,C,C,A,A,H,-,A,A,0,,,,,Y,,A,07,0,0,1,0,0,0,0,0,0,"- ","- ",34.941699999999997,-120.42477,"SANTA BARBARA","SANTA MARIA",-120.42484,34.941650099999997
8177711,2016,2017-02-18,4204,2016-11-16,0603,90269,16,3,5,5,4204,0,0,0,,0,001,BROADWAY,"ORCHARD ST",0.00,,Y,A,-,Y,SB,5,135,-,-,16.660,I,5,N,N,4,0,1,2,A,-,09,21802,A,F,D,G,A,A,H,-,C,D,0,,Y,,,Y,,A,01,0,0,1,0,0,0,1,0,0,"- ","- ",34.965960000000003,-120.43549,"SANTA BARBARA","SANTA MARIA",-120.43564361999999,34.965908820000003
8177728,2016,2016-12-05,4204,2016-11-17,1616,90415,,4,5,5,4204,0,0,0,,0,,"WESTERN AV","SONYA LN",0.00,,Y,A,-,N,,,,,,,,,,Y,4,0,1,2,A,-,08,22107,,N,D,C,A,A,H,-,A,A,0,,,,,Y,,A,01,0,0,1,0,0,0,0,0,0,"- ","- ",34.927779999999998,-120.44928,"SANTA BARBARA","SANTA MARIA",-120.44949995,34.927799999999998
8177732,2016,2016-12-05,4204,2016-11-17,1428,90081,90,4,5,5,4204,0,0,0,,0,003,"COLLEGE DR","BRADLEY RD",0.00,,Y,A,-,N,,,,,,,,,,Y,4,0,1,2,A,-,09,21801,A,N,A,C,A,A,H,-,A,A,0,,,,,Y,,A,08,0,0,1,0,0,0,0,0,0,"- ","- ",34.911369999999998,-120.42401,"SANTA BARBARA","SANTA MARIA",-120.42549993999999,34.966220100000001
8177736,2016,2017-01-18,4204,2016-11-21,0931,19527,073,1,5,5,4204,0,0,0,,0,003,"SONYA LN","WESTERN AV",0.00,,Y,B,-,N,,,,,,,,,,Y,4,0,1,2,A,-,09,21802,A,N,A,C,A,A,H,-,A,A,0,,,,,Y,,A,01,0,0,1,0,0,0,0,0,0,"- ","- ",34.927779999999998,-120.44928,"SANTA BARBARA","SANTA MARIA",-120.44949995,34.927799999999998
8177752,2016,2016-12-05,4204,2016-11-23,1939,90623,68,3,5,5,4204,0,0,0,,0,003,"MILLER ST","ENOS DR",0.00,,Y,A,-,N,,,,,,,,,,Y,4,0,1,2,A,-,09,21801,A,N,A,C,A,A,H,-,C,A,0,,,,,Y,,A,01,0,0,1,0,0,0,0,0,0,"- ","- ",34.933970000000002,-120.43172,"SANTA BARBARA","SANTA MARIA",-120.43162998,34.934060070000001
8177756,2016,2016-12-05,4204,2016-11-22,1700,90623,81,2,5,5,4204,0,0,0,,0,003,BROADWAY,"WESTERN VILLAGE DR",0.00,,Y,A,-,N,,,135,,,,,,,N,4,0,1,2,A,-,03,22350,,M,C,C,A,A,H,-,B,A,0,,,,,Y,,A,01,0,0,1,0,0,0,0,0,0,"- ","- ",34.923490000000001,-120.43608999999999,"SANTA BARBARA","SANTA MARIA",-120.43614857,34.923489869999997
8177760,2016,2016-12-05,4204,2016-11-22,1225,21338,025,2,5,5,4204,0,0,0,,0,001,"BENWILEY AV","ALVIN AV",193.00,S,N,A,-,N,,,,,,,,,,N,3,0,1,2,A,-,00,21720,,N,E,J,A,A,H,-,A,D,0,,,Y,,Y,,C,03,0,1,0,0,0,0,0,0,1,"- ","- ",34.960360000000001,-120.44568,"SANTA BARBARA","SANTA MARIA",-120.44561284,34.959999889999999
8190026,2016,2016-12-22,4203,2016-12-08,1940,6973,,4,5,5,4203,0,0,0,,0,002,"EAST CABRILLO BL","ANACAPA ST",0.00,,Y,A,-,N,,,,,,,,,,N,4,0,1,2,A,-,05,21650,,N,D,G,A,A,D,H,C,D,0,,Y,,,Y,Y,L,04,0,0,1,0,0,0,1,0,0,"- ","- ",34.412999999999997,-119.68000000000001,"SANTA BARBARA","SANTA BARBARA",-119.68800989,34.413260039999997
8190057,2016,2017-03-04,4203,2016-12-08,1747,6977,4203,4,5,5,4203,0,0,0,,0,004,"MISSION ST","RT 101",51.00,E,N,A,-,Y,SB,5,101,-,R,15.860,R,4,N,Y,3,0,1,2,A,-,00,23153,E,N,A,C,A,A,H,-,C,A,0,,,,,Y,,A,01,0,1,0,0,0,0,0,0,0,"- ",NO,34.425879999999999,-119.72,"SANTA BARBARA","SANTA BARBARA",-119.72218999,34.426047570000001
8190783,2016,2016-12-29,4202,2016-11-11,1138,238,,5,5,4,4202,0,0,0,,0,,"CHESTNUT AV","G ST",0.00,,Y,A,-,N,,,,,,,,,,Y,4,0,1,2,A,-,09,21802,A,N,D,C,A,A,H,-,A,D,0,,,,,Y,,A,07,0,0,1,0,0,0,0,0,0,"- ","- ",,,"SANTA BARBARA",LOMPOC,-120.45652991,34.642180080000003
8190787,2016,2016-12-20,4202,2016-11-28,1808,238,,1,5,4,4202,0,0,0,,0,,"NORTH AV","L ST",500.00,E,N,B,-,N,,,,,,,,,,N,4,0,1,2,A,-,01,23153,A,F,D,C,A,A,H,-,C,D,0,,,,,Y,Y,D,23,0,0,1,0,0,0,0,0,0,"- ","- ",,,"SANTA BARBARA",LOMPOC,-120.46160806,34.653417640000001
8190865,2016,2017-02-18,4202,2016-11-29,1724,295,LOMPO,2,5,4,4202,0,0,0,,0,,"RT 246","A ST",0.00,,Y,A,-,Y,SB,5,1,-,-,20.050,I,5,N,N,4,0,2,2,A,-,12,21453,A,N,D,C,A,A,H,-,C,A,0,,,,,Y,,A,07,0,0,2,0,0,0,0,0,0,"- ","- ",,,"SANTA BARBARA",LOMPOC,-120.44907418,34.638940689999998
8191357,2016,2017-03-06,4204,2016-12-09,1710,20894,36,5,5,5,4204,0,0,0,,0,002,"MAIN ST","CONCEPCION AV",0.00,,Y,C,-,Y,SB,5,166,-,-,8.630,I,5,E,N,3,0,1,2,D,-,00,,,M,B,-,E,B,H,-,C,D,0,Y,,,,Y,Y,-,"- ",0,1,0,0,1,0,0,0,0,"- ","- ",34.952849999999998,-120.42267,"SANTA BARBARA","SANTA MARIA",-120.42264066,34.95302993
8191391,2016,2016-12-20,4204,2016-12-10,1418,90267,15,6,5,5,4204,0,0,0,,0,001,ALVIN,"RAILROAD AV",0.00,,Y,B,-,N,,,,,,,,,,Y,4,0,2,2,A,-,12,21453,A,N,D,C,A,B,H,-,A,A,0,,,,,Y,,A,07,0,0,2,0,0,0,0,0,0,"- ","- ",34.96069,-120.44454,"SANTA BARBARA","SANTA MARIA",-120.4445899,34.960509999999999
8191517,2016,2017-03-04,4204,2016-11-30,1251,23656,52,3,5,5,4204,0,0,0,,0,002,BROADWAY,"COOK ST",0.00,,Y,A,-,Y,SB,5,135,-,-,15.550,I,5,S,Y,4,0,2,5,A,-,12,21453,A,F,D,C,A,A,H,-,A,A,0,,,,,Y,,A,01,0,0,2,0,0,0,0,0,0,"- ","- ",34.9499,-120.43597,"SANTA BARBARA","SANTA MARIA",-120.43598855,34.949845779999997
8181318,2016,2016-12-08,4204,2016-11-17,0930,90276,94,4,5,5,4204,0,0,0,,0,003,"UNION VALLEY PKWY","FOXENWOOD LN",0.00,,Y,A,-,N,,,,,,,,,,N,4,0,1,2,A,-,09,21802,A,N,D,C,A,A,H,-,A,D,0,,,,,Y,,A,01,0,0,1,0,0,0,0,0,0,"- ","- ",34.879640000000002,-120.43876,"SANTA BARBARA","SANTA MARIA",-120.43874995,34.87962005
8181385,2016,2016-12-06,4200,2016-11-16,1832,3083,14,3,5,4,4214,0,0,0,,0,080,"HOLLISTER AV","PACIFIC OAKS RD",0.00,,Y,A,-,N,,,,,,,,,,Y,3,0,1,3,A,-,01,23153,A,N,C,C,A,A,H,-,C,A,0,,,,,Y,Y,A,01,0,1,0,0,0,0,0,0,0,"- ","- ",,,"SANTA BARBARA",GOLETA,-119.87766997999999,34.430100099999997
8181396,2016,2016-12-06,4204,2016-11-27,1729,90269,53,7,5,5,4204,0,0,0,,0,002,"BOONE ST","MILLER ST",300.00,E,N,A,-,N,,,,,,,,,,N,4,0,1,2,A,-,08,22107,,N,D,C,A,A,H,-,C,D,0,,,,,Y,,A,01,0,0,1,0,0,0,0,0,0,"- ","- ",34.946860000000001,-120.43171,"SANTA BARBARA","SANTA MARIA",-120.43049929999999,34.9469031
8181783,2016,2016-12-07,4200,2016-09-10,1600,4634,14,6,5,4,4214,0,0,0,,0,080,"STORKE RD","HOLLISTER AV",0.00,,Y,A,-,N,,,,,,,,,,N,4,0,2,2,A,-,03,22350,,N,C,C,A,A,H,-,A,A,0,,,,,Y,,A,01,0,0,2,0,0,0,0,0,0,"- ","- ",,,"SANTA BARBARA",GOLETA,-119.86974995,34.430100090000003
8182577,2016,2017-03-04,4204,2016-11-25,0840,90376,35,5,5,5,4204,0,0,0,,0,002,"MAIN ST","MILLER ST",0.00,,Y,A,-,Y,SB,5,166,-,-,8.130,I,5,E,Y,3,0,3,2,A,-,09,21453,,N,D,C,A,A,H,-,A,A,0,,,,,Y,,-,"- ",0,1,2,0,0,0,0,0,0,"- ","- ",34.95308,-120.43145,"SANTA BARBARA","SANTA MARIA",-120.43135287,34.953097380000003
8183473,2016,2016-12-09,4203,2016-11-30,1140,7775,SBSC,3,5,5,4203,0,0,0,,0,003,"E HALEY ST","OLIVE ST",0.00,,Y,A,-,N,,,,,,,,,,N,3,0,1,2,D,-,00,,,F,B,G,A,A,H,-,A,D,0,,Y,,,Y,,-,"- ",0,1,0,0,0,0,1,0,0,"- ","- ",,,"SANTA BARBARA","SANTA BARBARA",-119.68982995,34.422140030000001
8183497,2016,2016-12-09,4203,2016-11-11,1603,6693,,5,5,5,4203,0,0,0,,0,,"HOLLISTER AV","LOS CARNEROS WY",0.00,,Y,A,-,N,,,,,,,,,,Y,4,0,1,2,A,-,12,21453,A,N,D,C,A,A,H,-,A,A,0,,,,,Y,,A,01,0,0,1,0,0,0,0,0,0,"- ","- ",,,"SANTA BARBARA","SANTA BARBARA",-119.8595899,34.430340020000003
8183929,2016,2016-12-13,4203,2016-12-01,1338,6700,53,4,5,5,4203,0,0,0,,0,005,"STATE ST","TOYON DR",28.00,E,N,A,-,N,,,,,,,,,,N,3,0,1,2,D,-,00,,,N,G,B,F,A,H,-,A,D,0,Y,,,,Y,,-,"- ",0,1,0,0,1,0,0,0,0,"- ","- ",34.44032,-119.73795,"SANTA BARBARA","SANTA BARBARA",-119.73798721999999,34.440401469999998
8183979,2016,2017-01-25,4203,2016-12-01,1930,24048,SANTA,4,5,5,4203,0,0,0,,0,002,"CLIFF DR","LOMA ALTA DR",1056.00,E,N,G,-,N,,,,,,,,,,Y,4,0,1,1,A,-,01,23152,E,N,D,I,A,A,H,-,C,D,0,,,,,Y,,-,,0,0,1,0,0,0,0,0,0,"- ","- ",,,"SANTA BARBARA","SANTA BARBARA",-119.69868286000001,34.407792950000001
8184228,2016,2016-12-19,4203,2016-11-29,1715,22857,16,2,5,5,4203,0,0,0,,0,006,"MEIGS RD","ELISE WY",108.00,N,N,A,-,N,,,,,,,,,,Y,4,0,2,3,A,-,01,23152,,N,C,C,A,A,H,-,C,A,0,,,,,Y,Y,-,,0,0,2,0,0,0,0,0,0,"- ","- ",34.400440000000003,-119.72234,"SANTA BARBARA","SANTA BARBARA",-119.72230104,34.400403750000002
8184232,2016,2016-12-19,4203,2016-11-26,1715,22854,,6,5,5,4203,0,0,0,,0,005,"STATE ST","CALLE PALO COLORADO",0.00,,Y,B,-,N,,,,,,,,,,Y,4,0,1,2,A,-,09,21801,A,N,D,C,A,B,H,-,C,D,0,,,,,Y,,A,01,0,0,1,0,0,0,0,0,0,"- ","- ",34.262500000000003,-119.43510000000001,"SANTA BARBARA","SANTA BARBARA",-119.73100986,34.440380019999999
8192080,2016,2017-01-18,4203,2016-12-06,0624,5751,55,2,5,5,4203,0,0,0,,0,005,"S LA CUMBRE RD","CALLE REAL",0.00,,Y,A,-,N,,,,,,,,,,Y,4,0,1,2,A,-,09,21801,A,N,D,C,A,A,H,-,A,A,0,,,,,Y,,A,07,0,0,1,0,0,0,0,0,0,"- ","- ",34.437289999999997,-119.75089,"SANTA BARBARA","SANTA BARBARA",-119.75102995,34.437230100000001
8192093,2016,2017-02-02,4203,2016-12-06,1134,6700,32,2,5,5,4203,0,0,0,,0,004,"CASTILLO ST","VICTORIA ST",214.00,S,N,A,-,N,,,,,,,,,,N,4,0,1,3,A,-,08,22107,,N,B,E,A,A,H,-,A,D,0,,,,,Y,,A,08,0,0,1,0,0,0,0,0,0,"- ","- ",34.419730000000001,-119.70977000000001,"SANTA BARBARA","SANTA BARBARA",-119.70970758999999,34.419701580000002
8192097,2016,2016-12-28,4203,2016-12-05,1340,23768,,1,5,5,4203,0,0,0,,0,005,"N LA CUMBRE RD","PEMM PL",3.00,N,N,A,-,N,,,,,,,,,,Y,4,0,2,2,A,-,08,22100,B,N,D,C,A,A,H,-,A,D,0,,,,,Y,,A,01,0,0,2,0,0,0,0,0,0,"- ","- ",34.450000000000003,-119.751,"SANTA BARBARA","SANTA BARBARA",-119.75104989,34.450098240000003
8192312,2016,2017-03-04,4203,2016-12-05,2209,22857,,1,5,5,4203,0,0,0,,0,006,"LAS POSITAS RD","RT 101",12.00,N,N,A,-,Y,SB,5,101,-,-,16.720,R,4,S,Y,4,0,1,2,A,-,08,22107,,N,A,C,A,A,H,-,C,A,0,,,,,Y,,-,,0,0,1,0,0,0,0,0,0,"- ",SF,34.254199999999997,-119.44199999999999,"SANTA BARBARA","SANTA BARBARA",-119.73655768,34.428189449999998
8192316,2016,2016-12-22,4203,2016-12-05,1813,6377,,1,5,5,4203,0,0,0,,0,001,"E COTA ST","N QUARANTINA ST",0.00,,Y,A,-,N,,,,,,,,,,Y,3,0,2,2,A,-,03,22350,,N,-,C,A,A,H,-,C,A,0,,,,,Y,,A,01,0,1,1,0,0,0,0,0,0,"- ","- ",34.253,-119.4121,"SANTA BARBARA","SANTA BARBARA",-119.68886989000001,34.425170080000001
8192492,2016,2017-03-06,4203,2016-12-09,1238,3626,,5,5,5,4203,0,0,0,,0,002,"CASTILLO ST","RT 101",0.00,,Y,B,-,Y,SB,5,101,-,R,14.920,R,4,S,Y,4,0,1,2,D,-,00,,,N,D,C,A,B,H,-,A,A,0,,,,,Y,,-,"- ",0,0,1,0,0,0,0,0,0,"- ",SF,34.41198,-119.69905,"SANTA BARBARA","SANTA BARBARA",-119.70951238000001,34.417590279999999
8192585,2016,2016-12-22,4204,2016-12-06,1344,90139,83,2,5,5,4204,0,0,0,,0,003,"COLLEGE DR","AUTO PLAZA DR",0.00,,Y,A,-,N,,,,,,,,,,N,4,0,1,2,A,-,09,21804,,N,D,C,A,A,H,-,A,A,0,,,,,Y,,A,01,0,0,1,0,0,0,0,0,0,"- ","- ",34.922020000000003,-120.42554,"SANTA BARBARA","SANTA MARIA",-120.42545988000001,34.922170029999997
8192702,2016,2017-03-06,4204,2016-12-12,1533,19527,047,1,5,5,4204,0,0,0,,0,002,"MAIN ST","SCHOOL ST",31.00,E,N,B,-,Y,SB,5,166,-,-,3.750,H,-,W,N,4,0,1,2,A,-,03,22350,,N,C,C,A,A,H,-,A,A,0,,,,,Y,,A,01,0,0,1,0,0,0,0,0,0,"- ","- ",34.953020000000002,-120.42998,"SANTA BARBARA","SANTA MARIA",-120.50840448,34.956958980000003
8193102,2016,2016-12-23,4204,2016-12-11,0823,90026,19,7,5,5,4204,0,0,0,,0,001,"RAILROAD AV","ORCHARD ST",100.00,S,N,B,C,N,,,,,,,,,,Y,4,0,1,2,A,-,03,22350,,N,C,C,A,B,H,-,A,D,0,,,,,Y,,A,01,0,0,1,0,0,0,0,0,0,"- ","- ",34.966149999999999,-120.44431,"SANTA BARBARA","SANTA MARIA",-120.44449,34.965645330000001
8193193,2016,2016-12-27,4204,2016-12-12,1349,90271,,1,5,5,4204,0,0,0,,0,003,"NEWLOVE DR","MILLER ST",0.00,,Y,A,-,N,,,,,,,,,,Y,3,0,1,2,A,-,21,22106,,N,D,C,A,A,H,-,A,D,0,,,,,Y,,A,07,0,1,0,0,0,0,0,0,0,"- ","- ",34.929760000000002,-120.43199,"SANTA BARBARA","SANTA MARIA",-120.4317999,34.929810099999997
8193197,2016,2017-02-18,4204,2016-12-12,0753,19527,032,1,5,5,4204,0,0,0,,0,002,"BLOSSER RD","MAIN ST",194.00,N,N,B,-,Y,SB,5,166,-,-,6.870,I,6,W,N,4,0,1,2,A,-,21,22106,,N,C,C,A,A,H,-,A,A,0,,,,,Y,,A,01,0,0,1,0,0,0,0,0,0,"- ","- ",,,"SANTA BARBARA","SANTA MARIA",-120.45387854000001,34.953369070000001
8184273,2016,2017-02-18,4204,2016-12-05,1408,23656,,1,5,5,4204,0,0,0,,0,,BROADWAY,"EL CAMINO ST",0.00,,Y,A,-,Y,SB,5,135,-,-,16.140,H,-,S,Y,4,0,1,1,A,-,08,22107,,N,E,I,A,A,H,-,A,A,0,,,,,Y,,A,01,0,0,1,0,0,0,0,0,0,"- ","- ",34.958570000000002,-120.43582000000001,"SANTA BARBARA","SANTA MARIA",-120.43584891,34.958383259999998
8185384,2016,2016-12-15,4203,2016-12-07,1536,7187,,3,5,5,4203,0,0,0,,0,001,"MORENO RD","ALAMEDA PADRE SERRA",15.00,W,N,A,-,N,,,,,,,,,,Y,3,0,1,1,A,-,01,23152,A,N,A,I,A,A,H,-,A,D,0,,,,,Y,Y,-,,0,1,0,0,0,0,0,0,0,"- ","- ",,,"SANTA BARBARA","SANTA BARBARA",-119.70371575999999,34.43772139
8185400,2016,2017-04-07,4203,2016-12-03,1000,7775,,6,5,5,4203,0,0,0,,0,004,"DE LA VINA ST","DE LA GUERRA ST",0.00,,Y,A,-,N,,,,,,,,,,N,3,0,1,2,A,-,05,21752,,N,D,C,A,A,H,-,A,D,0,,,Y,,Y,,-,"- ",0,1,0,0,0,0,0,0,1,"- ","- ",,,"SANTA BARBARA","SANTA BARBARA",-119.70158988,34.417480089999998
8185404,2016,2016-12-15,4203,2016-12-02,0813,9480,,5,5,5,4203,0,0,0,,0,006,"SAN ANDRES ST","W ANAPAMU ST",216.00,N,N,A,-,N,,,,,,,,,,Y,4,0,1,2,A,-,09,21804,A,N,A,C,A,A,H,-,A,D,0,,,,,Y,,-,,0,0,1,0,0,0,0,0,0,"- ","- ",34.249589999999998,-119.71232000000001,"SANTA BARBARA","SANTA BARBARA",-119.71287743000001,34.416361620000004
8185479,2016,2016-12-15,4203,2016-11-27,1656,22856,,7,5,5,4203,0,0,0,,0,001,"N  MILPAS ST","E COTA ST",0.00,,Y,A,-,N,,,,,,,,,,N,4,0,1,2,A,-,10,21950,A,N,G,B,B,A,H,-,B,A,0,Y,,,,Y,,A,01,0,0,1,0,1,0,0,0,0,"- ","- ",34.253799999999998,-119.4111,"SANTA BARBARA","SANTA BARBARA",-119.68660989,34.427250069999999
8185804,2016,2017-02-18,4204,2016-12-05,1651,19527,16,1,5,5,4204,0,0,0,,0,001,"DONOVAN RD",BROADWAY,0.00,,Y,B,-,Y,SB,5,135,-,-,16.770,I,6,S,Y,4,0,1,2,A,-,09,21453,C,N,D,C,A,A,H,-,B,A,0,,,,,Y,,D,22,0,0,1,0,0,0,0,0,0,"- ","- ",34.967759999999998,-120.43544,"SANTA BARBARA","SANTA MARIA",-120.43573527,34.96760226
8185812,2016,2016-12-30,4204,2016-12-05,1446,19527,059,1,5,5,4204,0,0,0,,0,002,"STOWELL RD","BRADLEY RD",262.00,W,N,B,-,N,,,,,,,,,,Y,4,0,1,2,A,-,09,21804,A,N,B,C,A,A,H,-,A,A,0,,,,,Y,,D,22,0,0,1,0,0,0,0,0,0,"- ","- ",34.938299999999998,-120.41945,"SANTA BARBARA","SANTA MARIA",-120.4202938,34.938349600000002
8185814,2016,2017-02-18,4204,2016-11-29,1127,90139,43,2,5,5,4204,0,0,0,,0,002,BROADWAY,"COOK ST",0.00,,Y,A,-,Y,SB,5,135,-,-,15.550,I,5,S,Y,4,0,1,2,A,-,09,21453,,N,B,C,A,A,H,-,A,A,0,,,,,Y,,A,07,0,0,1,0,0,0,0,0,0,"- ","- ",34.9499,-120.43597,"SANTA BARBARA","SANTA MARIA",-120.43598855,34.949845779999997
8185836,2016,2017-02-18,4204,2016-11-19,1306,90276,,6,5,5,4204,0,0,0,,0,B02,MAIN,PINE,0.00,,Y,A,-,Y,SB,5,166,-,-,7.710,I,5,E,N,4,0,1,2,A,-,12,21453,A,N,D,C,A,A,H,-,A,A,0,,,,,Y,,D,22,0,0,1,0,0,0,0,0,0,"- ","- ",,,"SANTA BARBARA","SANTA MARIA",-120.43876406,34.95310534
8185840,2016,2017-02-02,4204,2016-12-05,0805,23656,19,1,5,5,4204,0,0,0,,0,001,"DONOVAN RD","BAY AV",0.00,,Y,A,-,N,,,,,,,,,,N,4,0,1,2,A,-,04,21703,,N,C,C,A,A,H,-,A,A,0,,,,,Y,,A,08,0,0,1,0,0,0,0,0,0,"- ","- ",34.96781,-120.41558000000001,"SANTA BARBARA","SANTA MARIA",-120.41556998999999,34.967570039999998
8185852,2016,2016-12-19,4204,2016-12-01,1726,90272,8,4,5,5,4204,0,0,0,,0,001,"DONOVAN RD","WESTERN AV E",0.00,,Y,A,-,N,,,,,,,,,,N,4,0,1,2,A,-,03,22350,,N,C,C,A,A,H,-,B,D,0,,,,,Y,,A,01,0,0,1,0,0,0,0,0,0,"- ","- ",34.967680000000001,-120.44898000000001,"SANTA BARBARA","SANTA MARIA",-120.44983994,34.967800109999999
8185856,2016,2016-12-19,4204,2016-12-05,1545,23656,68,1,5,5,4204,0,0,0,,0,003,"ENOS DR","SWALLOW CT",0.00,,Y,A,-,N,,,,,,,,,,Y,4,0,1,2,A,-,09,21802,A,N,D,C,A,A,H,-,A,A,0,,,,,Y,,A,01,0,0,1,0,0,0,0,0,0,"- ","- ",34.93383,-120.43013999999999,"SANTA BARBARA","SANTA MARIA",-120.43007992,34.933950039999999