CASE_ID,ACCIDENT_YEAR,PROC_DATE,JURIS,COLLISION_DATE,COLLISION_TIME,OFFICER_ID,REPORTING_DISTRICT,DAY_OF_WEEK,CHP_SHIFT,POPULATION,CNTY_CITY_LOC,SPECIAL_COND,BEAT_TYPE,CHP_BEAT_TYPE,CITY_DIVISION_LAPD,CHP_BEAT_CLASS,BEAT_NUMBER,PRIMARY_RD,SECONDARY_RD,DISTANCE,DIRECTION,INTERSECTION,WEATHER_1,WEATHER_2,STATE_HWY_IND,CALTRANS_COUNTY,CALTRANS_DISTRICT,STATE_ROUTE,ROUTE_SUFFIX,POSTMILE_PREFIX,POSTMILE,LOCATION_TYPE,RAMP_INTERSECTION,SIDE_OF_HWY,TOW_AWAY,COLLISION_SEVERITY,NUMBER_KILLED,NUMBER_INJURED,PARTY_COUNT,PRIMARY_COLL_FACTOR,PCF_CODE_OF_VIOL,PCF_VIOL_CATEGORY,PCF_VIOLATION,PCF_VIOL_SUBSECTION,HIT_AND_RUN,TYPE_OF_COLLISION,MVIW,PED_ACTION,ROAD_SURFACE,ROAD_COND_1,ROAD_COND_2,LIGHTING,CONTROL_DEVICE,CHP_ROAD_TYPE,PEDESTRIAN_ACCIDENT,BICYCLE_ACCIDENT,MOTORCYCLE_ACCIDENT,TRUCK_ACCIDENT,NOT_PRIVATE_PROPERTY,ALCOHOL_INVOLVED,STWD_VEHTYPE_AT_FAULT,CHP_VEHTYPE_AT_FAULT,COUNT_SEVERE_INJ,COUNT_VISIBLE_INJ,COUNT_COMPLAINT_PAIN,COUNT_PED_KILLED,COUNT_PED_INJURED,COUNT_BICYCLIST_KILLED,COUNT_BICYCLIST_INJURED,COUNT_MC_KILLED,COUNT_MC_INJURED,PRIMARY_RAMP,SECONDARY_RAMP,LATITUDE,LONGITUDE,COUNTY,CITY,POINT_X,POINT_Y
8185976,2016,2016-12-23,4204,2016-11-29,1602,23656,48,2,5,5,4204,0,0,0,,0,002,"COLLEGE DR","CYPRESS ST",0.00,,Y,A,-,N,,,,,,,,,,Y,4,0,5,3,A,-,04,21703,,N,C,C,A,A,H,-,A,A,0,,,,,Y,,A,01,0,0,5,0,0,0,0,0,0,"- ","- ",34.950749999999999,-120.42489,"SANTA BARBARA","SANTA MARIA",-120.42480988,34.950920089999997
8186217,2016,2017-02-18,4204,2016-12-02,1856,90270,57,5,5,5,4204,0,0,0,,0,B02,BROADWAY,"JONES ST",0.00,,Y,A,-,Y,SB,5,135,-,-,15.280,I,5,N,Y,4,0,1,2,A,-,09,21802,A,M,D,C,A,A,H,-,C,A,0,,,,,Y,,A,01,0,0,1,0,0,0,0,0,0,"- ","- ",34.945909999999998,-120.43622000000001,"SANTA BARBARA","SANTA MARIA",-120.43591585999999,34.94587147
8187868,2016,2016-12-29,4202,2016-12-04,1247,238,,7,5,4,4202,0,0,0,,0,,"BARTON AV","ORCHID ST",69.00,W,N,B,-,N,,,,,,,,,,Y,4,0,1,1,A,-,08,22107,,N,E,I,A,A,H,-,A,D,0,,,,,Y,,A,01,0,0,1,0,0,0,0,0,0,"- ","- ",,,"SANTA BARBARA",LOMPOC,-120.44812937,34.657060000000001
8187872,2016,2016-12-29,4202,2016-12-13,1941,234,LOMPO,2,5,4,4202,0,0,0,,0,,"L ST","CENTRAL AV",27.00,N,N,A,-,N,,,,,,,,,,N,4,0,1,2,A,-,04,21703,,N,C,C,A,A,H,-,C,A,0,,,,,Y,,A,01,0,0,1,0,0,0,0,0,0,"- ","- ",,,"SANTA BARBARA",LOMPOC,-120.46201000000001,34.660904160000001
8187912,2016,2017-01-03,4202,2016-12-16,1815,232,4202,5,5,4,4202,0,0,0,,0,,"COLLEGE AV","O ST",47.00,E,N,A,-,N,,,,,,,,,,N,4,0,1,2,A,-,01,23152,A,N,D,C,A,A,H,-,C,D,0,,,,,Y,Y,A,01,0,0,1,0,0,0,0,0,0,"- ","- ",,,"SANTA BARBARA",LOMPOC,-120.46653378000001,34.647100000000002
8187943,2016,2017-01-04,4200,2016-11-18,1443,3116,14,5,5,4,4214,0,0,0,,0,050,"CATHEDRAL OAKS RD","GLENN ANNIE RD",1600.00,E,N,A,-,N,,,,,,,,,,Y,3,0,1,1,A,-,03,22350,,N,H,J,A,A,A,-,A,D,0,,,Y,,Y,,C,02,0,1,0,0,0,0,0,0,1,"- ","- ",,,"SANTA BARBARA",GOLETA,-119.86931881,34.441651120000003
8187947,2016,2017-01-04,4200,2016-11-30,1123,3116,14,3,5,4,4214,0,0,0,,0,060,"HOLLISTER AV","MENTOR DR",63.00,E,N,A,-,N,,,,,,,,,,N,4,0,1,2,A,-,03,22350,,N,C,C,A,A,H,-,A,D,0,,,,,Y,,A,07,0,0,1,0,0,0,0,0,0,"- ","- ",,,"SANTA BARBARA",GOLETA,-119.81209167999999,34.43501843
8187992,2016,2017-02-18,4202,2016-12-02,1957,239,LOMPO,5,5,4,4202,0,0,0,,0,013,"RT 246","N ST",0.00,,Y,A,-,Y,SB,5,246,-,-,9.130,I,5,E,N,2,0,1,2,A,-,10,21950,A,N,G,B,B,A,H,-,C,A,0,Y,,,,Y,,A,01,1,0,0,0,1,0,0,0,0,"- ","- ",,,"SANTA BARBARA",LOMPOC,-120.46550456999999,34.63899275
8189388,2016,2017-03-06,4200,2016-12-03,1805,4983,10,6,5,3,4205,0,0,0,,0,040,"RT 101","LINDEN AV",12.00,N,N,A,-,Y,SB,5,101,-,-,3.170,R,1,S,N,4,0,1,2,A,-,21,22106,,N,G,B,B,A,H,-,C,A,0,Y,,,,Y,Y,A,01,0,0,1,0,1,0,0,0,0,SF,"- ",,,"SANTA BARBARA",CARPINTERIA,-119.51838424,34.401635339999999
8203278,2016,2017-03-06,4200,2016-12-13,1509,4671,14,2,5,2,4206,0,0,0,,0,,"MISSION DR","ATTERDAG RD",0.00,,Y,A,-,Y,SB,5,246,-,-,29.440,I,5,E,N,3,0,1,3,A,-,10,21950,A,N,G,B,B,A,H,-,A,A,0,Y,,,,Y,,A,01,0,1,0,0,1,0,0,0,0,"- ","- ",,,"SANTA BARBARA",SOLVANG,-120.14172934,34.596039150000003
8205928,2016,2017-03-06,4202,2016-12-18,1134,,LOMPO,7,5,4,4202,0,0,0,,0,,"OCEAN AV","NORTH V ST",12.00,E,N,A,-,Y,SB,5,246,-,-,8.560,H,-,E,N,4,0,1,2,A,-,10,21954,B,N,G,B,B,A,H,-,A,A,0,Y,,,,Y,,D,22,0,0,1,0,1,0,0,0,0,"- ","- ",,,"SANTA BARBARA",LOMPOC,-120.47541529,34.639141330000001
8193789,2016,2017-01-13,4203,2016-12-16,0005,6577,4203,5,5,5,4203,0,0,0,,0,004,"CHAPALA ST","ORTEGA ST",210.00,N,N,C,-,N,,,,,,,,,,Y,4,0,1,1,A,-,01,23152,A,N,E,I,A,B,H,-,C,D,0,,,,,Y,Y,A,01,0,0,1,0,0,0,0,0,0,"- ","- ",34.417990000000003,-119.69967,"SANTA BARBARA","SANTA BARBARA",-119.69970383,34.418009470000001
8193793,2016,2017-01-13,4203,2016-12-09,0846,5751,35,5,5,5,4203,0,0,0,,0,004,"CHAPALA ST","AMERICAN AV",0.00,,Y,A,-,N,,,,,,,,,,N,4,0,1,3,A,-,08,22107,,N,B,C,A,B,H,-,A,D,0,,,,,Y,,A,01,0,0,1,0,0,0,0,0,0,"- ","- ",34.431170000000002,-119.71775,"SANTA BARBARA","SANTA BARBARA",-119.71772995000001,34.431220060000001
8193797,2016,2017-03-06,4203,2016-12-09,2057,6973,,5,5,5,4203,0,0,0,,0,006,"W MISSION ST","RT 101",30.00,E,N,A,-,Y,SB,5,101,-,R,15.640,R,4,S,N,3,0,2,2,A,-,09,21800,A,N,D,C,A,A,H,-,C,A,0,,,,,Y,,-,,0,1,1,0,0,0,0,0,0,"- ",SO,34.424999999999997,-119.72,"SANTA BARBARA","SANTA BARBARA",-119.71896595,34.42443205
8193866,2016,2017-01-11,4200,2016-08-03,0028,4634,14,3,5,4,4214,0,0,0,,0,080,"HOLLISTER AV","STORKE RD",0.00,,Y,A,-,N,,,,,,,,,,Y,4,0,2,2,A,-,12,21453,A,N,D,C,A,A,H,-,C,A,0,,,,,Y,,-,"- ",0,0,2,0,0,0,0,0,0,"- ","- ",,,"SANTA BARBARA",GOLETA,-119.86974995,34.430100090000003
8194469,2016,2017-01-18,4203,2016-12-20,1244,6970,,2,5,5,4203,0,0,0,,0,006,"W CARRILLO ST","CHINO ST",0.00,,Y,A,-,N,,,,,,,,,,Y,4,0,1,2,A,-,03,22350,,N,C,C,A,A,H,-,A,D,0,,,,,Y,,-,,0,0,1,0,0,0,0,0,0,"- ","- ",34.245269999999998,-119.42469,"SANTA BARBARA","SANTA BARBARA",-119.71281996,34.414500019999998
8194878,2016,2017-01-23,4203,2016-12-27,1355,6970,,2,5,5,4203,0,0,0,,0,002,"W CARRILLO BL","BATH ST",326.00,E,N,A,-,N,,,,,,,,,,N,4,0,1,2,A,-,03,22350,,N,C,C,A,A,H,-,A,D,0,,,,,Y,,-,,0,0,1,0,0,0,0,0,0,"- ","- ",34.243519999999997,-119.41318,"SANTA BARBARA","SANTA BARBARA",-119.70452936,34.418986619999998
8197679,2016,2017-02-10,4204,2016-12-15,1901,90228,36,4,5,5,4204,0,0,0,,0,002,"CHAPEL ST","CONCEPCION AV",0.00,,Y,C,-,N,,,,,,,,,,Y,4,0,1,3,A,-,12,22450,A,N,D,C,A,B,H,-,D,D,0,,,,Y,Y,,A,01,0,0,1,0,0,0,0,0,0,"- ","- ",34.953989999999997,-120.42263,"SANTA BARBARA","SANTA MARIA",-120.42266995,34.954260069999997
8197683,2016,2017-03-04,4204,2016-12-21,1737,90271,4204,3,5,5,4204,0,0,0,,0,002,BROADWAY,"MILL ST",0.00,,Y,A,-,Y,SB,5,135,-,-,15.930,I,5,S,N,4,0,1,3,A,-,04,21703,,N,C,C,A,A,H,-,C,D,0,,,,,Y,,A,07,0,0,1,0,0,0,0,0,0,"- ","- ",34.955370000000002,-120.43576,"SANTA BARBARA","SANTA MARIA",-120.43592662,34.955362819999998
8197691,2016,2017-03-04,4204,2016-12-20,1712,23656,4,2,5,5,4204,0,0,0,,0,001,BROADWAY,"TAYLOR ST",0.00,,Y,A,-,Y,SB,5,135,-,-,17.280,I,5,N,Y,4,0,1,4,A,-,11,21950,B,F,C,C,B,A,H,-,C,A,0,Y,,,,Y,,N,60,0,0,1,0,0,0,0,0,0,"- ","- ",34.974989999999998,-120.43567,"SANTA BARBARA","SANTA MARIA",-120.43551162,34.974958819999998
8197694,2016,2017-01-05,4202,2016-12-17,1009,KIFER,LOMPO,6,5,4,4202,0,0,0,,0,,"CHESTNUT AV","D ST",0.00,,Y,A,-,N,,,,,,,,,,Y,4,0,1,2,A,-,09,21802,A,N,D,C,A,A,H,-,A,A,0,,,,,Y,,A,01,0,0,1,0,0,0,0,0,0,"- ","- ",,,"SANTA BARBARA",LOMPOC,-120.45277995000001,34.642190110000001
8197695,2016,2017-03-04,4204,2016-12-23,1100,90376,27,5,5,5,4204,0,0,0,,0,001,BROADWAY,"EL CAMINO ST",0.00,,Y,C,-,Y,SB,5,135,-,-,16.150,I,5,N,N,3,0,2,2,A,-,09,21802,A,N,D,C,A,B,H,-,A,A,0,,,,,Y,,A,01,0,1,1,0,0,0,0,0,0,"- ","- ",34.958570000000002,-120.43582000000001,"SANTA BARBARA","SANTA MARIA",-120.43574362,34.958529820000003
8096967,2016,2016-08-15,4203,2016-07-25,1600,6693,34,1,5,5,4203,0,0,0,,0,004,"CHAPALA ST","W PEDREGOSA ST",0.00,,Y,A,-,N,,,,,,,,,,N,3,0,2,2,A,-,09,21800,A,N,D,C,A,A,H,-,A,A,0,,,,,Y,Y,A,01,0,1,1,0,0,0,0,0,0,"- ","- ",34.254300000000001,-119.4252,"SANTA BARBARA","SANTA BARBARA",-119.7145299,34.428870019999998
8096971,2016,2016-08-15,4203,2016-07-28,1600,6693,54,4,5,5,4203,0,0,0,,0,005,"HITCHCOCK WY","CALLE REAL",600.00,N,N,A,-,N,,,,,,,,,,Y,4,0,1,2,A,-,09,21801,A,N,D,C,A,A,H,-,A,D,0,,,,,Y,,A,01,0,0,1,0,0,0,0,0,0,"- ","- ",,,"SANTA BARBARA","SANTA BARBARA",-119.74569816,34.434404929999999
8096975,2016,2016-08-15,4203,2016-07-26,0843,2602,4203,2,5,5,4203,0,0,0,,0,004,"CARRILLO ST","CASTILLO ST",121.00,E,N,A,-,N,,,,,,,,,,Y,4,0,1,2,A,-,03,22350,A,N,C,C,A,A,H,-,A,A,0,,,,,Y,,-,,0,0,1,0,0,0,0,0,0,"- ","- ",34.409999999999997,-119.7,"SANTA BARBARA","SANTA BARBARA",-119.70608826,34.417511650000002
8097695,2016,2016-08-18,4204,2016-07-03,1313,90270,15,7,5,5,4204,0,0,0,,0,B01,BROADWAY,"DONOVAN RD",200.00,S,N,F,-,N,,,135,,,,,,,N,4,0,2,2,A,-,09,21804,A,N,D,C,A,A,H,-,A,D,0,,,,,Y,,D,22,0,0,2,0,0,0,0,0,0,"- ","- ",34.967759999999998,-120.43544,"SANTA BARBARA","SANTA MARIA",-120.43560776,34.967763990000002
8097802,2016,2016-08-17,4204,2016-07-22,1542,90081,75,5,5,5,4204,0,0,0,,0,003,"MILLER ST","NEWLOVE DR",89.00,N,N,A,-,N,,,,,,,,,,Y,4,0,1,2,A,-,04,21703,,N,C,C,A,A,H,-,A,D,0,,,,,Y,,A,07,0,0,1,0,0,0,0,0,0,"- ","- ",34.929760000000002,-120.43199,"SANTA BARBARA","SANTA MARIA",-120.4318,34.930054460000001
8098114,2016,2016-09-02,4204,2016-08-03,1502,21338,089,3,5,5,4204,0,0,0,,0,003,"MILLER ST","SAN YSIDRO ST",0.00,,Y,A,-,N,,,,,,,,,,Y,4,0,1,2,A,-,12,21453,A,N,A,C,A,A,H,-,A,A,0,,,,,Y,,-,"- ",0,0,1,0,0,0,0,0,0,"- ","- ",34.912750000000003,-120.43187,"SANTA BARBARA","SANTA MARIA",-120.43156986,34.912790020000003
8098121,2016,2017-02-24,4204,2016-08-09,1727,18261,82,2,5,5,4204,0,0,0,,0,003,BROADWAY,"BETTERAVIA RD",100.00,S,N,A,-,Y,SB,5,101,-,-,86.570,H,-,N,N,3,0,1,3,A,-,03,22350,,N,C,C,A,A,H,-,A,A,0,,,,,Y,,A,07,0,1,0,0,0,0,0,0,0,"- ","- ",34.92089,-120.43613000000001,"SANTA BARBARA","SANTA MARIA",-120.41782567,34.923333460000002
8099730,2016,2016-08-10,4204,2016-07-25,1620,18261,80,1,5,5,4204,0,0,0,,0,003,"MCCOY LN","DEPOT ST",100.00,W,N,A,-,N,,,,,,,,,,Y,4,0,3,2,A,-,02,22400,A,N,C,C,A,A,H,-,A,A,0,,,,,Y,,A,01,0,0,3,0,0,0,0,0,0,"- ","- ",34.916890000000002,-120.44372,"SANTA BARBARA","SANTA MARIA",-120.44384343,34.916736489999998
8099981,2016,2016-08-15,4203,2016-08-07,0110,23133,,7,5,5,4203,0,0,0,,0,005,"CALLE REAL","STATE ST",39.00,N,N,A,-,N,,,,,,,,,,Y,3,0,1,1,A,-,01,23152,A,N,A,I,A,A,H,-,C,D,0,,,,,Y,Y,-,,0,1,0,0,0,0,0,0,0,"- ","- ",34.440899999999999,-119.75521000000001,"SANTA BARBARA","SANTA BARBARA",-119.75424028,34.440514729999997
8100009,2016,2016-08-11,4203,2016-08-05,2154,7570,,5,5,5,4203,0,0,0,,0,006,"W MISSION ST","SAN PASCUAL ST",0.00,,Y,A,-,N,,,,,,,,,,Y,3,0,2,2,A,-,00,28153,A,N,D,C,A,A,H,-,C,A,0,,,,,Y,Y,A,01,0,2,0,0,0,0,0,0,0,"- ","- ",34.424300000000002,-119.7214,"SANTA BARBARA","SANTA BARBARA",-119.72134993,34.4244901
8100017,2016,2016-08-11,4203,2016-08-03,1748,6693,53,3,5,5,4203,0,0,0,,0,005,"LAS POSITAS RD","MCCAW AV",0.00,,Y,A,-,N,,,,,,,,,,Y,2,0,3,2,A,-,09,21801,A,N,D,C,A,A,H,-,A,D,0,,,,,Y,,A,01,1,1,1,0,0,0,0,0,0,"- ","- ",34.261800000000001,-119.44029999999999,"SANTA BARBARA","SANTA BARBARA",-119.73393987999999,34.438530030000003
8205932,2016,2017-03-06,4202,2016-12-09,1719,230,LOMPO,5,5,4,4202,0,0,0,,0,,"CENTRAL AV","RT 1",259.00,W,N,B,-,Y,SB,5,1,-,-,22.068,I,6,S,Y,4,0,1,2,A,-,01,23152,,N,C,C,A,B,H,-,B,A,0,,,,,Y,Y,D,22,0,0,1,0,0,0,0,0,0,"- ","- ",,,"SANTA BARBARA",LOMPOC,-120.45776984,34.660807910000003
8205936,2016,2017-03-06,4202,2016-12-14,1753,,,3,5,4,4202,0,0,0,,0,,"RT 1","WALNUT AV",0.00,,Y,A,-,Y,SB,5,1,-,-,20.640,I,5,S,Y,4,0,1,3,A,-,12,21453,A,N,A,C,A,A,H,-,C,A,0,,,,,Y,,D,22,0,0,1,0,0,0,0,0,0,"- ","- ",,,"SANTA BARBARA",LOMPOC,-120.45794553,34.640637580000003
8206015,2016,2017-01-17,4202,2016-12-22,1859,234,,4,5,4,4202,0,0,0,,0,,"OCEAN AV","L ST",3.00,E,N,A,-,N,,,,,,,,,,N,3,0,1,2,A,-,12,21453,A,N,A,G,A,A,H,-,C,A,0,,Y,,,Y,,L,04,0,1,0,0,0,0,1,0,0,"- ","- ",,,"SANTA BARBARA",LOMPOC,-120.46296003,34.639020000000002
8206027,2016,2017-01-17,4202,2016-12-20,1353,292,,2,5,4,4202,0,0,0,,0,,"S ST","COLLEGE AV",0.00,,N,A,-,N,,,,,,,,,,N,3,0,1,2,A,-,21,22106,,N,G,B,E,A,H,-,A,D,0,Y,,,,Y,,A,01,0,1,0,0,1,0,0,0,0,"- ","- ",,,"SANTA BARBARA",LOMPOC,-120.47174990000001,34.64713004
8206393,2016,2017-03-06,4202,2016-12-01,1409,,,4,5,4,4202,0,0,0,,0,,"RT 1","COLLEGE AV",30.00,N,N,A,-,Y,SB,5,1,-,-,21.120,H,-,S,N,4,0,1,2,A,-,03,22350,,N,C,C,A,A,H,-,A,A,0,,,,,Y,,A,08,0,0,1,0,0,0,0,0,0,"- ","- ",,,"SANTA BARBARA",LOMPOC,-120.45787188,34.647013610000002
8206397,2016,2017-03-06,4202,2016-12-22,1159,292,,4,5,4,4202,0,0,0,,0,,"NORTH AV","RT 1",30.00,E,N,A,-,Y,SB,5,1,-,-,21.559,I,6,S,N,3,0,1,2,A,-,"- ",,,N,H,J,A,A,H,-,A,A,0,,Y,,,Y,,L,04,0,1,0,0,0,0,1,0,0,"- ","- ",,,"SANTA BARBARA",LOMPOC,-120.45779927,34.653411269999999
8206890,2016,2017-01-20,4204,2016-12-31,1130,90376,13,6,5,5,4204,0,0,0,,0,001,"DONOVAN RD","GOLDEN DR",100.00,W,N,A,-,N,,,,,,,,,,Y,4,0,1,3,A,-,08,22107,,N,B,E,A,A,H,-,A,D,0,,,,,Y,,A,01,0,0,1,0,0,0,0,0,0,"- ","- ",34.96763,-120.44699,"SANTA BARBARA","SANTA MARIA",-120.44750366,34.967791669999997
8206898,2016,2017-01-20,4204,2016-12-29,0743,90139,98,4,5,5,4204,0,0,0,,0,002,"HANSON WY","MAIN ST",475.00,S,N,A,-,N,,,,,,,,,,N,4,0,1,2,A,-,06,21751,,N,D,C,A,A,H,-,A,D,0,,,,,Y,,A,07,0,0,1,0,0,0,0,0,0,"- ","- ",34.953319999999998,-120.46019,"SANTA BARBARA","SANTA MARIA",-120.46017517,34.952015369999998
8206902,2016,2017-03-06,4204,2016-12-23,0927,90139,5,5,5,5,4204,0,0,0,,0,001,BROADWAY,"GRANT ST",0.00,,Y,C,-,Y,SB,5,135,-,-,17.130,I,5,S,Y,4,0,2,2,A,-,09,21453,,N,D,C,A,B,H,-,A,A,0,,,,,Y,,D,22,0,0,2,0,0,0,0,0,0,"- ","- ",34.972790000000003,-120.43577000000001,"SANTA BARBARA","SANTA MARIA",-120.43567462,34.972775820000003
8206914,2016,2017-01-24,4204,2016-09-27,2001,23656,03,2,5,5,4204,0,0,0,,0,001,"BLOSSER RD","TAYLOR ST",0.00,,Y,A,D,N,,,,,,,,,,Y,2,0,3,2,A,-,01,23152,A,N,A,C,A,A,H,-,C,A,0,,,,,Y,Y,D,22,3,0,0,0,0,0,0,0,0,"- ","- ",34.975119999999997,-120.45366,"SANTA BARBARA","SANTA MARIA",-120.45347988,34.975140019999998
8206959,2016,2017-01-20,4204,2016-12-27,1008,90081,14,2,5,5,4204,0,0,0,,0,001,"RAILROAD AV","ORCHARD ST",102.00,N,N,A,-,N,,,,,,,,,,Y,4,0,2,2,A,-,08,22100,B,N,D,C,A,A,H,-,A,D,0,,,,,Y,,D,22,0,0,2,0,0,0,0,0,0,"- ","- ",34.966149999999999,-120.44431,"SANTA BARBARA","SANTA MARIA",-120.44448738,34.966200149999999
8207287,2016,2017-04-11,4203,2016-12-29,2129,6983,,4,5,5,4203,0,0,0,,0,005,"CALLE NOGUERA","CALLE GRANADA",72.00,E,N,A,-,N,,,,,,,,,,Y,3,0,1,2,A,-,01,23152,A,N,B,E,A,A,H,-,C,D,0,,,,,Y,Y,-,,0,1,0,0,0,0,0,0,0,"- ","- ",34.262799999999999,-119.4346,"SANTA BARBARA","SANTA BARBARA",-119.72938141,34.441476780000002
8100021,2016,2016-08-11,4203,2016-08-04,0915,6700,51,4,5,5,4203,0,0,0,,0,005,"STATE ST","VERDE VISTA DR",282.00,S,N,B,-,N,,,,,,,,,,N,3,0,2,3,A,-,17,22517,,N,H,E,A,A,H,-,A,D,0,,Y,,,Y,,A,07,0,2,0,0,0,0,2,0,0,"- ","- ",,,"SANTA BARBARA","SANTA BARBARA",-119.72677879,34.440163730000002
8100025,2016,2016-08-11,4203,2016-08-05,1851,1959,,5,5,5,4203,0,0,0,,0,004,"MICHELTORENA ST","STATE ST",50.00,W,N,A,-,N,,,,,,,,,,N,4,0,1,2,A,-,03,22350,,F,C,C,A,A,H,-,A,A,0,,,,,Y,,-,,0,0,1,0,0,0,0,0,0,"- ","- ",34.253369999999997,-119.42305,"SANTA BARBARA","SANTA BARBARA",-119.70843144,34.42606842
8100084,2016,2016-10-20,4203,2016-08-02,1008,5751,45,2,5,5,4203,0,0,0,,0,003,"E CARRILLO ST","SANTA BARBARA ST",0.00,,Y,A,-,N,,,,,,,,,,N,4,0,2,2,A,-,03,22350,,N,C,C,A,A,H,-,A,A,0,,,,,Y,,A,08,0,0,2,0,0,0,0,0,0,"- ","- ",34.42353,-119.69969,"SANTA BARBARA","SANTA BARBARA",-119.69963989999999,34.423640089999999
8100177,2016,2017-02-24,4204,2016-08-05,1529,90139,40,5,5,5,4204,0,0,0,,0,002,"MAIN ST","OAKLEY AV",0.00,,Y,A,-,Y,SB,5,166,-,-,7.240,I,5,W,Y,2,0,1,2,A,-,09,21802,A,N,A,C,A,A,H,-,A,A,0,,,Y,,Y,,D,22,1,0,0,0,0,0,0,0,1,"- ","- ",34.953090000000003,-120.44741999999999,"SANTA BARBARA","SANTA MARIA",-120.44722131,34.953302690000001
8100234,2016,2017-02-24,4200,2016-07-25,1448,3683,14,1,5,4,4214,0,0,0,,0,060,"LOS CARNEROS RD","RT 101",30.00,S,N,A,-,Y,SB,5,101,-,-,23.450,R,4,S,Y,4,0,1,2,A,-,03,22350,,N,C,C,A,A,H,-,A,D,0,,,,,Y,,A,01,0,0,1,0,0,0,0,0,0,"- ",SO,,,"SANTA BARBARA",GOLETA,-119.84833027000001,34.437823610000002
8100253,2016,2016-08-15,4204,2016-08-08,1157,90026,25,1,5,5,4204,0,0,0,,0,001,"BENWILEY AV","FESLER ST",300.00,N,N,A,-,N,,,,,,,,,,N,4,0,1,2,A,-,21,22106,,N,G,B,F,A,H,-,A,D,0,Y,,,,Y,,A,01,0,0,1,0,1,0,0,0,0,"- ","- ",34.956719999999997,-120.44583,"SANTA BARBARA","SANTA MARIA",-120.44563079,34.957693970000001
8100257,2016,2016-08-15,4204,2016-08-05,1019,23397,73,5,5,5,4204,0,0,0,,0,003,"DEPOT ST","PRAIRIE LN",0.00,,Y,A,-,N,,,,,,,,,,N,4,0,1,2,A,-,09,21802,A,N,D,C,A,A,H,-,A,D,0,,,,,Y,,A,01,0,0,1,0,0,0,0,0,0,"- ","- ",34.926769999999998,-120.44388000000001,"SANTA BARBARA","SANTA MARIA",-120.44393993,34.92657002
8100274,2016,2016-08-15,4203,2016-08-05,1545,22829,,5,5,5,4203,0,0,0,,0,004,"WEST MISSION ST","CHAPALA ST",0.00,,Y,A,-,N,,,,,,,,,,N,4,0,3,2,A,-,03,22350,,N,C,C,A,A,H,-,A,A,0,,,,,Y,,-,,0,0,3,0,0,0,0,0,0,"- ","- ",34.429000000000002,-119.71599999999999,"SANTA BARBARA","SANTA BARBARA",-119.71579995,34.429790079999997
8100282,2016,2016-08-15,4203,2016-08-07,1100,1985,,7,5,5,4203,0,0,0,,0,005,"DE LA VINA ST","WEST CALLE LAURELES",213.00,S,N,A,-,N,,,,,,,,,,Y,2,0,1,2,A,-,01,23152,F,N,C,C,A,A,H,-,A,D,0,,,,,Y,Y,-,,1,0,0,0,0,0,0,0,0,"- ","- ",34.261699999999998,-119.43389999999999,"SANTA BARBARA","SANTA BARBARA",-119.72792046000001,34.438379099999999
8100332,2016,2017-02-24,4204,2016-08-08,2244,18261,82,1,5,5,4204,0,0,0,,0,003,BROADWAY,"BETTERAVIA RD",50.00,S,N,A,-,Y,SB,5,101,-,-,13.530,H,-,N,Y,4,0,1,3,A,-,03,22350,,F,C,C,A,A,H,-,C,A,0,,,,,Y,,A,08,0,0,1,0,0,0,0,0,0,"- ","- ",34.92089,-120.43613000000001,"SANTA BARBARA","SANTA MARIA",-119.69027317,34.417923870000003
8100334,2016,2016-08-16,4200,2016-06-29,0753,3683,14,3,5,4,4214,0,0,0,,0,080,"STORKE RD","PHELPS RD",8.00,N,N,A,-,N,,,,,,,,,,N,4,0,1,2,A,-,12,21453,A,N,H,G,A,A,H,-,A,A,0,,Y,,,Y,,A,07,0,0,1,0,0,0,1,0,0,"- ","- ",,,"SANTA BARBARA",GOLETA,-119.86977942,34.424271959999999
8197707,2016,2017-02-18,4204,2016-12-02,0810,90081,40,5,5,5,4204,0,0,0,,0,002,"MAIN ST","BENWILEY AV",0.00,,Y,A,-,Y,SB,5,166,-,-,7.330,I,5,E,Y,4,0,1,2,A,-,09,21801,A,N,A,C,A,A,H,-,A,D,0,,,,,Y,,A,07,0,0,1,0,0,0,0,0,0,"- ","- ",34.953440000000001,-120.44571000000001,"SANTA BARBARA","SANTA MARIA",-120.44560239,34.953199120000001
8197766,2016,2017-03-06,4204,2016-12-18,0738,90376,26,7,5,5,4204,0,0,0,,0,001,BROADWAY,"EL CAMINO ST",0.00,,Y,A,-,Y,SB,5,135,-,-,16.150,I,5,S,Y,3,0,1,2,A,-,10,21950,A,F,G,B,B,A,H,-,A,D,0,Y,,,,Y,,A,07,0,1,0,0,1,0,0,0,0,"- ","- ",34.958570000000002,-120.43582000000001,"SANTA BARBARA","SANTA MARIA",-120.43584561999999,34.958528819999998
8197778,2016,2017-02-18,4204,2016-12-19,1538,19527,047,1,5,5,4204,0,0,0,,0,002,"MAIN ST","BONITA RD",76.00,W,N,A,-,Y,SB,5,166,-,-,3.740,H,-,E,N,4,0,1,4,A,-,03,22350,,N,C,C,A,A,H,-,A,A,0,,,,,Y,Y,A,07,0,0,1,0,0,0,0,0,0,"- ","- ",34.957369999999997,-120.50796,"SANTA BARBARA","SANTA MARIA",-120.50853712,34.956974750000001