CASE_ID,ACCIDENT_YEAR,PROC_DATE,JURIS,COLLISION_DATE,COLLISION_TIME,OFFICER_ID,REPORTING_DISTRICT,DAY_OF_WEEK,CHP_SHIFT,POPULATION,CNTY_CITY_LOC,SPECIAL_COND,BEAT_TYPE,CHP_BEAT_TYPE,CITY_DIVISION_LAPD,CHP_BEAT_CLASS,BEAT_NUMBER,PRIMARY_RD,SECONDARY_RD,DISTANCE,DIRECTION,INTERSECTION,WEATHER_1,WEATHER_2,STATE_HWY_IND,CALTRANS_COUNTY,CALTRANS_DISTRICT,STATE_ROUTE,ROUTE_SUFFIX,POSTMILE_PREFIX,POSTMILE,LOCATION_TYPE,RAMP_INTERSECTION,SIDE_OF_HWY,TOW_AWAY,COLLISION_SEVERITY,NUMBER_KILLED,NUMBER_INJURED,PARTY_COUNT,PRIMARY_COLL_FACTOR,PCF_CODE_OF_VIOL,PCF_VIOL_CATEGORY,PCF_VIOLATION,PCF_VIOL_SUBSECTION,HIT_AND_RUN,TYPE_OF_COLLISION,MVIW,PED_ACTION,ROAD_SURFACE,ROAD_COND_1,ROAD_COND_2,LIGHTING,CONTROL_DEVICE,CHP_ROAD_TYPE,PEDESTRIAN_ACCIDENT,BICYCLE_ACCIDENT,MOTORCYCLE_ACCIDENT,TRUCK_ACCIDENT,NOT_PRIVATE_PROPERTY,ALCOHOL_INVOLVED,STWD_VEHTYPE_AT_FAULT,CHP_VEHTYPE_AT_FAULT,COUNT_SEVERE_INJ,COUNT_VISIBLE_INJ,COUNT_COMPLAINT_PAIN,COUNT_PED_KILLED,COUNT_PED_INJURED,COUNT_BICYCLIST_KILLED,COUNT_BICYCLIST_INJURED,COUNT_MC_KILLED,COUNT_MC_INJURED,PRIMARY_RAMP,SECONDARY_RAMP,LATITUDE,LONGITUDE,COUNTY,CITY,POINT_X,POINT_Y
8197782,2016,2017-03-06,4204,2016-12-21,1747,90269,69,3,5,5,4204,0,0,0,,0,003,"BRADLEY RD","COLUMBIA DR",100.00,N,N,A,-,Y,SB,5,101,-,-,87.390,R,4,S,N,4,0,1,2,A,-,08,22108,,N,D,C,A,A,H,-,C,D,0,,,,,Y,,A,01,0,0,1,0,0,0,0,0,0,"- ","- ",34.935949999999998,-120.419,"SANTA BARBARA","SANTA MARIA",-120.4179455,34.93524171
8197832,2016,2017-01-06,4204,2016-11-20,1030,90026,9,7,5,5,4204,0,0,0,,0,001,"DONOVAN RD","ELM AV",10.00,E,N,A,-,N,,,,,,,,,,Y,4,0,2,2,A,-,09,21802,A,N,D,C,A,A,H,-,A,D,0,,,,,Y,,A,01,0,0,2,0,0,0,0,0,0,"- ","- ",34.967860000000002,-120.44061000000001,"SANTA BARBARA","SANTA MARIA",-120.44078664,34.967739520000002
8197847,2016,2017-01-05,4204,2016-12-14,1102,90081,57,3,5,5,4204,0,0,0,,0,002,"MCCLELLAND ST","OAK ST",12.00,N,N,A,-,N,,,,,,,,,,Y,4,0,1,2,A,-,09,21804,,N,D,C,A,A,H,-,A,D,0,,,,,Y,,A,01,0,0,1,0,0,0,0,0,0,"- ","- ",34.945099999999996,-120.43416999999999,"SANTA BARBARA","SANTA MARIA",-120.43443000000001,34.945152960000001
8197849,2016,2017-01-18,4202,2016-12-06,0659,,LOMPO,2,5,4,4202,0,0,0,,0,,"CENTRAL AV","RT 1",356.00,E,N,A,-,N,,,,,,,,,,Y,4,0,3,2,A,-,09,21802,A,N,D,C,A,A,H,-,A,D,0,,,,,Y,,A,07,0,0,3,0,0,0,0,0,0,"- ","- ",,,"SANTA BARBARA",LOMPOC,-120.45769,34.660769999999999
8197853,2016,2017-01-05,4202,2016-12-13,0804,OLIVARES,,2,5,4,4202,0,0,0,,0,,"D ST","CHESTNUT AV",0.00,,Y,A,-,N,,,,,,,,,,N,4,0,1,2,A,-,09,21802,A,N,D,C,A,A,H,-,A,A,0,,,,,Y,,A,01,0,0,1,0,0,0,0,0,0,"- ","- ",,,"SANTA BARBARA",LOMPOC,-120.45277995000001,34.642190110000001
8197855,2016,2017-01-30,4204,2016-12-08,1715,90623,,4,5,5,4204,0,0,0,,0,,"CHAPEL ST","ELIZABETH ST E",0.00,,Y,C,-,N,,,,,,,,,,N,4,0,1,2,A,-,08,22107,,M,B,C,A,B,H,-,B,D,0,,,,,Y,,A,01,0,0,1,0,0,0,0,0,0,"- ","- ",34.954219999999999,-120.42834999999999,"SANTA BARBARA","SANTA MARIA",-120.42860991000001,34.95430004
8197859,2016,2017-01-30,4204,2016-12-15,0024,21338,056,4,5,5,4204,0,0,0,,0,002,"PINE ST","PARK ST",10.00,N,N,C,-,N,,,,,,,,,,N,4,0,1,2,A,-,03,22350,,M,C,C,A,B,H,-,C,A,0,,,,,Y,,-,,0,0,1,0,0,0,0,0,0,"- ","- ",,,"SANTA BARBARA","SANTA MARIA",-120.43907843,34.944547440000001
8197912,2016,2017-01-05,4204,2016-12-16,1743,90365,2,5,5,5,4204,0,0,0,,0,040,"RAILROAD AV","CHURCH ST",0.00,,Y,A,-,N,,,,,,,,,,N,3,0,1,2,A,-,08,22107,,N,G,B,B,A,H,-,C,A,0,Y,,,,Y,,-,,0,1,0,0,1,0,0,0,0,"- ","- ",34.952330000000003,-120.44497,"SANTA BARBARA","SANTA MARIA",-120.44487988,34.952070059999997
8197916,2016,2017-01-05,4204,2016-12-17,2317,90251,13,6,5,5,4204,0,0,0,,0,001,"GUNNER ST","W MCELHANEY",210.00,N,N,A,-,N,,,,,,,,,,N,4,0,1,2,A,-,05,21650,,F,A,C,A,A,H,-,C,D,0,,,,,Y,Y,A,01,0,0,1,0,0,0,0,0,0,"- ","- ",,,"SANTA BARBARA","SANTA MARIA",-120.45099553999999,34.963424940000003
8197920,2016,2017-01-05,4204,2016-12-16,0723,21338,008,5,5,5,4204,0,0,0,,0,001,"DONOVAN RD","WESTERN AV E",0.00,,Y,B,-,N,,,,,,,,,,N,4,0,1,2,A,-,09,21802,A,N,A,C,A,B,H,-,A,A,0,,,,,Y,,A,01,0,0,1,0,0,0,0,0,0,"- ","- ",34.967680000000001,-120.44898000000001,"SANTA BARBARA","SANTA MARIA",-120.44983994,34.967800109999999
8197987,2016,2017-03-04,4204,2016-12-16,1312,90081,27,5,5,5,4204,0,0,0,,0,001,BROADWAY,"EL CAMINO ST",130.00,N,N,B,-,Y,SB,5,135,-,-,16.170,H,-,N,N,4,0,1,2,A,-,03,22350,,N,C,C,A,A,H,-,A,A,0,,,,,Y,,A,01,0,0,1,0,0,0,0,0,0,"- ","- ",34.958570000000002,-120.43582000000001,"SANTA BARBARA","SANTA MARIA",-120.43574048000001,34.958812989999998
8201882,2016,2017-01-06,4203,2016-12-19,1208,1584,62,1,5,5,4203,0,0,0,,0,001,"MILPAS ST","MASON ST",0.00,,Y,A,-,N,,,,,,,,,,,4,0,1,2,A,-,12,21453,A,N,D,C,A,A,H,-,A,A,0,,,,,Y,,D,22,0,0,1,0,0,0,0,0,0,"- ","- ",34.252119999999998,-119.40485,"SANTA BARBARA","SANTA BARBARA",-119.68016989,34.422560009999998
8201914,2016,2017-01-06,4203,2016-12-02,1341,6973,,5,5,5,4203,0,0,0,,0,004,"ARRELLAGA ST","CASTILLO ST",182.00,W,N,A,-,N,,,,,,,,,,Y,4,0,4,2,A,-,03,22350,,N,A,C,A,A,H,-,A,D,0,,,,,Y,,A,01,0,0,4,0,0,0,0,0,0,"- ","- ",34.421999999999997,-119.714,"SANTA BARBARA","SANTA BARBARA",-119.71446249,34.422535480000001
8201918,2016,2017-01-06,4203,2016-12-23,0752,3596,,5,5,5,4203,0,0,0,,0,001,"E HALEY ST","N MILPAS ST",40.00,W,N,B,-,N,,,,,,,,,,Y,4,0,1,2,A,-,03,22350,A,N,C,C,A,A,H,-,A,A,0,,,,,Y,,A,01,0,0,1,0,0,0,0,0,0,"- ","- ",34.426319999999997,-119.68541,"SANTA BARBARA","SANTA BARBARA",-119.68546456999999,34.426265440000002
8203027,2016,2017-01-13,4203,2016-12-26,1732,7897,,1,5,5,4203,0,0,0,,0,005,"EAST ALAMAR AV","VENTURA DR",26.00,E,N,A,-,N,,,,,,,,,,Y,3,0,2,3,A,-,03,22350,,N,C,C,A,A,H,-,B,A,0,,,,,Y,,A,01,0,1,1,0,0,0,0,0,0,"- ","- ",,,"SANTA BARBARA","SANTA BARBARA",-119.72472999999999,34.442259999999997
8203031,2016,2017-01-13,4203,2016-12-20,1130,7774,,2,5,5,4203,0,0,0,,0,003,"LAGUNA ST","GUTIERREZ ST",0.00,,Y,A,-,N,,,,,,,,,,Y,4,0,1,2,A,-,08,22107,,N,C,C,A,A,H,-,A,A,0,,,,,Y,,-,,0,0,1,0,0,0,0,0,0,"- ","- ",,,"SANTA BARBARA","SANTA BARBARA",-119.68964988,34.420119999999997
8287563,2016,2017-01-31,4200,2016-11-19,2231,4472,14,6,5,4,4214,0,0,0,,0,060,"STORKE RD","FREY WY",10.00,S,N,A,-,N,,,,,,,,,,N,4,0,1,2,A,-,05,21650,,N,D,G,A,A,H,-,C,D,0,,Y,,,Y,,L,04,0,0,1,0,0,0,1,0,0,"- ","- ",,,"SANTA BARBARA",GOLETA,-119.87051494000001,34.426102849999999
8289541,2016,2017-02-01,4202,2016-12-02,1908,18864,,5,5,4,4202,0,0,0,,0,,"W LAUREL AV","O ST",0.00,,-,-,-,N,,,,,,,,,,N,3,0,1,2,D,-,00,,,N,H,G,A,A,G,-,-,D,0,,Y,,,Y,,-,"- ",0,1,0,0,0,0,1,0,0,"- ","- ",,,"SANTA BARBARA",LOMPOC,-120.46671996000001,34.643900029999998
8291846,2016,2017-02-06,4200,2016-12-23,1325,3116,14,5,5,4,4214,0,0,0,,0,060,"LOS CARNEROS RD","CASTILLAN DR",0.00,,Y,C,-,N,,,,,,,,,,Y,4,0,1,2,A,-,12,21453,A,N,D,C,A,B,H,-,A,A,0,,,,,Y,,A,01,0,0,1,0,0,0,0,0,0,"- ","- ",,,"SANTA BARBARA",GOLETA,-119.85942993,34.431750010000002
8207291,2016,2017-03-06,4203,2016-12-29,1137,9480,,4,5,5,4203,0,0,0,,0,005,"STATE ST","CALLE REAL",0.00,,Y,A,-,Y,SB,5,101,-,-,17.930,R,4,S,N,4,0,1,2,A,-,12,21453,A,N,D,G,A,A,H,-,A,A,0,,Y,,,Y,,L,04,0,0,1,0,0,0,1,0,0,"- ","- ",34.262610000000002,-119.45313,"SANTA BARBARA","SANTA BARBARA",-119.7534928,34.438354699999998
8207339,2016,2017-01-10,4203,2016-12-30,1347,22859,,5,5,5,4203,0,0,0,,0,002,"STEARNS WHARF","CABRILLO BL",2640.00,S,N,B,-,N,,,,,,,,,,Y,3,0,1,1,A,-,21,22106,,N,E,I,A,A,H,-,A,D,0,,,,,Y,,-,,0,1,0,0,0,0,0,0,0,"- ","- ",34.409999999999997,-119.69,"SANTA BARBARA","SANTA BARBARA",-119.68498957,34.408940860000001
8282576,2016,2017-01-19,4203,2016-12-17,1733,6693,38,6,5,5,4203,0,0,0,,0,005,"STATE ST","ALAMAR AV",0.00,,Y,A,-,N,,,,,,,,,,N,4,0,1,2,A,-,11,21456,B,N,G,B,D,A,H,-,A,A,0,Y,,,,Y,,N,60,0,0,1,0,1,0,0,0,0,"- ","- ",34.255400000000002,-119.43210000000001,"SANTA BARBARA","SANTA BARBARA",-119.72476989,34.438540029999999
8282692,2016,2017-01-18,4204,2016-12-22,1510,90081,8,4,5,5,4204,0,0,0,,0,001,"DONOVAN RD","WESTERN AV",6.00,W,N,A,-,N,,,,,,,,,,Y,4,0,2,2,A,-,09,21801,A,N,D,C,A,A,H,-,A,D,0,,,,,Y,,A,01,0,0,2,0,0,0,0,0,0,"- ","- ",34.967689999999997,-120.44965999999999,"SANTA BARBARA","SANTA MARIA",-120.44986002,34.967800349999997
8282700,2016,2017-01-18,4204,2016-12-21,1217,21338,016,3,5,5,4204,0,0,0,,0,001,"DONOVAN RD","VIA RUBIO",0.00,,Y,A,-,N,,,,,,,,,,Y,4,0,1,2,A,-,09,21801,A,N,A,C,A,A,H,-,A,A,0,,,,,Y,,A,01,0,0,1,0,0,0,0,0,0,"- ","- ",34.967709999999997,-120.43315,"SANTA BARBARA","SANTA MARIA",-120.43330999,34.96770008
8282869,2016,2017-01-25,4204,2016-12-29,2208,90616,4204,4,5,5,4204,0,0,0,,0,003,"DEPOT ST","BATTLES RD",462.00,S,N,B,-,N,,,,,,,,,,Y,4,0,1,1,A,-,01,23152,A,N,A,I,A,A,H,-,C,D,0,,,,,Y,Y,A,01,0,0,1,0,0,0,0,0,0,"- ","- ",34.931939999999997,-120.44467,"SANTA BARBARA","SANTA MARIA",-120.44457722999999,34.930511099999997
8283288,2016,2017-02-15,4204,2016-12-26,1801,90344,82,1,5,5,4204,0,0,0,,0,003,"BETTERAVIA RD","MILLER ST",0.00,,Y,A,-,N,,,,,,,,,,Y,4,0,1,2,A,-,09,21453,,N,A,C,A,A,H,-,C,D,0,,,,,Y,,A,01,0,0,1,0,0,0,0,0,0,"- ","- ",34.922350000000002,-120.43127,"SANTA BARBARA","SANTA MARIA",-120.43128989,34.922600070000001
8283308,2016,2017-03-06,4204,2016-12-26,1308,19527,035,1,5,5,4204,0,0,0,,0,002,"MAIN ST","MILLER ST",0.00,,Y,B,-,Y,SB,5,166,-,-,8.130,I,5,E,N,4,0,1,2,A,-,10,21950,C,F,-,B,B,A,H,-,A,A,0,Y,Y,,,Y,,L,04,0,0,1,0,1,0,0,0,0,"- ","- ",34.95308,-120.43145,"SANTA BARBARA","SANTA MARIA",-120.43135287,34.953097380000003
8283316,2016,2017-03-06,4204,2016-12-28,1039,19527,036,3,5,5,4204,0,0,0,,0,002,"CONCEPCION AV","MAIN ST",227.00,N,N,A,-,Y,SB,5,166,-,-,8.630,I,6,W,N,4,0,1,2,A,-,09,21804,A,N,D,G,A,A,H,-,A,D,0,,Y,,,Y,,L,04,0,0,1,0,0,0,1,0,0,"- ","- ",34.952849999999998,-120.42267,"SANTA BARBARA","SANTA MARIA",-120.42264059,34.95314054
8285348,2016,2017-01-31,4200,2016-12-31,1319,4472,14,6,5,4,4214,0,0,0,,0,050,"CALLE REAL","MARAVILLA DR",10.00,E,N,B,-,N,,,,,,,,,,Y,4,0,2,2,A,-,03,22350,,N,C,C,A,A,H,-,A,A,0,,,,,Y,,A,01,0,0,2,0,0,0,0,0,0,"- ","- ",,,"SANTA BARBARA",GOLETA,-119.81485795,34.441966989999997
8305856,2016,2017-02-21,4200,2016-12-23,1823,4974,,5,5,4,4214,0,0,0,,0,060,"HOLLISTER AV","FAIRVIEW AV",37.00,E,N,A,-,N,,,,,,,,,,Y,4,0,1,2,A,-,01,23152,A,N,C,C,A,A,H,-,C,A,0,,,,,Y,Y,A,01,0,0,1,0,0,0,0,0,0,"- ","- ",,,"SANTA BARBARA",GOLETA,-119.83052768,34.4361028
8291850,2016,2017-02-06,4200,2016-12-24,0010,3077,14,6,5,4,4214,0,0,0,,0,050,"CATHEDRAL OAKS RD","N LA PATERIA LN",120.00,E,N,B,-,N,,,,,,,,,,N,4,0,1,1,A,-,03,22350,,N,E,I,A,B,H,-,D,D,0,,,,,Y,,A,01,0,0,1,0,0,0,0,0,0,"- ","- ",34.451000000000001,-119.84632000000001,"SANTA BARBARA",GOLETA,-119.84635951999999,34.450973900000001
8291866,2016,2017-02-06,4200,2016-12-18,1650,4955,14,7,5,4,4214,0,0,0,,0,060,"HOLLISTER AV","FAIRVIEW AV",0.00,,Y,A,-,N,,,,,,,,,,N,4,0,1,2,A,-,12,21453,A,N,D,G,A,A,H,-,B,A,0,,Y,,,Y,,A,01,0,0,1,0,0,0,1,0,0,"- ","- ",,,"SANTA BARBARA",GOLETA,-119.83064996,34.436110079999999
8291873,2016,2017-02-06,4200,2016-12-05,1459,3683,14,1,5,4,4214,0,0,0,,0,050,"ENCINA RD","N FAIRVIEW AV",240.00,E,N,A,-,N,,,,,,,,,,N,4,0,1,2,A,-,00,21952,A,N,G,B,F,A,H,-,A,D,0,Y,,,,Y,,A,01,0,0,1,0,1,0,0,0,0,"- ","- ",,,"SANTA BARBARA",GOLETA,-119.82988702999999,34.443017920000003
8291874,2016,2017-02-06,4200,2016-12-29,2145,3475,14,4,5,4,4214,0,0,0,,0,060,"CALLE REAL",MARAVILLA,10.00,W,N,B,-,N,,,,,,,,,,Y,4,0,1,1,C,-,18,,,N,D,I,A,A,H,-,C,A,0,,,,,Y,,-,"- ",0,0,1,0,0,0,0,0,0,"- ","- ",,,"SANTA BARBARA",GOLETA,-119.81492179,34.44195225
8291878,2016,2017-02-06,4200,2016-12-08,1455,3683,14,4,5,4,4214,0,0,0,,0,080,"GLENN ANNIE RD","CATHEDRAL OAKS RD",0.00,,Y,A,-,N,,,,,,,,,,Y,3,0,3,2,A,-,09,21801,A,N,A,C,A,A,H,-,A,A,0,,,,,Y,,A,01,0,1,2,0,0,0,0,0,0,"- ","- ",,,"SANTA BARBARA",GOLETA,-119.87452991000001,34.440840110000003
8294581,2016,2017-03-06,4202,2016-12-10,1409,10251,LOMPO,6,5,4,4202,0,0,0,,0,,"RT 1","CENTRAL AV",0.00,,Y,C,-,Y,SB,5,1,-,-,22.068,I,5,S,N,2,0,1,2,A,-,11,21456,B,N,G,B,B,B,H,-,A,A,0,Y,,,,Y,,N,60,1,0,0,0,1,0,0,0,0,"- ","- ",,,"SANTA BARBARA",LOMPOC,-120.45776984,34.660807910000003
8298032,2016,2017-02-21,4204,2016-07-20,2038,90364,067,3,5,5,4204,0,0,0,,0,B03,"STOWELL RD","ENTRADA WY",0.00,,Y,A,-,N,,,,,,,,,,N,3,0,2,3,A,-,10,21950,A,N,G,B,C,A,H,-,C,A,0,Y,,,,Y,,A,01,0,1,1,0,2,0,0,0,0,"- ","- ",34.93862,-120.43926999999999,"SANTA BARBARA","SANTA MARIA",-120.43928996,34.93855009
8316062,2016,2017-04-08,4202,2016-12-28,1859,18864,LOMPO,3,5,4,4202,0,0,0,,0,,"H ST","COLLEGE AV",156.00,N,N,A,-,Y,SB,5,1,-,-,21.150,H,-,N,Y,4,0,2,2,A,-,09,21804,A,N,C,C,A,A,H,-,C,A,0,,,,,Y,,A,01,0,0,2,0,0,0,0,0,0,"- ","- ",,,"SANTA BARBARA",LOMPOC,-120.45775227999999,34.647466010000002
8329961,2016,2017-04-03,4200,2016-10-02,2120,4671,14,7,5,2,4206,0,0,0,,0,020,"FREDENSBORG CANYON RD","VIBORG RD",1400.00,N,N,A,-,N,,,,,,,,,,Y,3,0,1,1,A,-,01,23152,A,N,F,-,A,A,H,-,D,A,0,,,,,Y,Y,A,01,0,1,0,0,0,0,0,0,0,"- ","- ",,,"SANTA BARBARA",SOLVANG,-120.13684437000001,34.609377690000002
8333267,2016,2017-04-24,4203,2016-09-11,1809,5751,21,7,5,5,4203,0,0,0,,0,006,"CARRILLO ST","RT 101",0.00,,Y,A,-,Y,,,,,,,,,,N,3,0,3,2,D,-,00,,,N,C,C,A,A,H,-,A,A,0,,,,,Y,,-,"- ",0,1,2,0,0,0,0,0,0,"- ",SO,34.416029999999999,-119.70769,"SANTA BARBARA","SANTA BARBARA",-119.70737990000001,34.416320040000002
8333316,2016,2017-10-12,4200,2016-06-18,0850,3077,14,6,5,4,4214,0,0,0,,0,050,"PATTERSON AV","RT 101",0.00,,Y,A,-,Y,SB,5,101,-,-,21.060,R,4,N,N,4,0,1,2,D,-,00,,,N,A,C,A,A,H,-,A,A,0,,,,,Y,,-,"- ",0,0,1,0,0,0,0,0,0,"- ","- ",34.442549999999997,-119.80839,"SANTA BARBARA",GOLETA,-119.80674659,34.441862720000003
8100336,2016,2017-02-24,4203,2016-08-06,1846,6967,,6,5,5,4203,0,0,0,,0,004,"WEST CARRILLO ST","RT 101",75.00,E,N,A,-,Y,SB,5,101,-,R,14.890,R,4,N,N,4,0,1,3,A,-,03,22350,A,N,C,C,A,A,H,-,A,A,0,,,,,Y,,-,,0,0,1,0,0,0,0,0,0,"- ",NO,34.250900000000001,-119.42204,"SANTA BARBARA","SANTA BARBARA",-119.70896232,34.417451059999998
8100398,2016,2016-10-20,4204,2016-08-07,1236,90377,19,7,5,5,4204,0,0,0,,0,001,"DONOVAN RD","RT 101",0.00,,Y,A,-,N,,,,,,,,,,N,4,0,1,1,A,-,03,22350,,N,H,A,A,A,H,-,A,A,0,,,Y,,Y,,C,02,0,0,1,0,0,0,0,0,1,"- ","- ",34.96743,-120.42283,"SANTA BARBARA","SANTA MARIA",-120.42310989000001,34.967680049999998
8100427,2016,2017-02-24,4200,2016-07-15,2304,4658,14,5,5,4,4214,0,0,0,,0,080,"STORKE RD","RT 101",50.00,S,N,A,-,Y,SB,5,101,-,-,24.980,R,4,S,N,4,0,1,2,A,-,03,22350,,M,C,C,A,A,H,-,C,A,0,,,,,Y,,A,01,0,0,1,0,0,0,0,0,0,"- ",SO,,,"SANTA BARBARA",GOLETA,-119.87439979,34.433303410000001
8101020,2016,2016-08-16,4203,2016-08-06,1438,2602,4203,6,5,5,4203,0,0,0,,0,001,"MILPAS ST","COTA ST",0.00,,Y,A,-,N,,,,,,,,,,Y,4,0,3,2,A,-,09,21801,A,N,D,C,A,A,H,-,A,A,0,,,,,Y,,-,,0,0,3,0,0,0,0,0,0,"- ","- ",34.420000000000002,-119.68000000000001,"SANTA BARBARA","SANTA BARBARA",-119.68660989,34.427250069999999
8101024,2016,2016-09-02,4203,2016-08-06,1921,22854,,6,5,5,4203,0,0,0,,0,006,"SAN ANDRES ST","W VALERIO ST",0.00,,Y,A,-,N,,,,,,,,,,Y,3,0,1,2,A,-,09,21804,A,N,D,C,A,A,H,-,B,A,0,,,,,Y,,-,,0,1,0,0,0,0,0,0,0,"- ","- ",34.251429999999999,-119.4307,"SANTA BARBARA","SANTA BARBARA",-119.71872990999999,34.420630090000003
8102971,2016,2016-08-19,4203,2016-08-12,1035,23515,,5,5,5,4203,0,0,0,,0,003,"HALEY ST","LAGUNA ST",45.00,W,N,A,-,N,,,,,,,,,,N,4,0,1,3,D,-,00,,,F,C,C,A,A,H,-,A,A,0,,,,,Y,,-,"- ",0,0,1,0,0,0,0,0,0,"- ","- ",34.251579999999997,-119.41276999999999,"SANTA BARBARA","SANTA BARBARA",-119.69109512999999,34.420964869999999
8102975,2016,2016-08-19,4203,2016-08-14,0145,23136,SBSC,7,5,5,4203,0,0,0,,0,005,"S ONTARE RD","STATE ST",89.00,S,N,A,-,N,,,,,,,,,,N,3,0,1,2,A,-,01,23153,A,N,D,C,A,A,H,-,C,A,0,,,,,Y,Y,A,01,0,1,0,0,0,0,0,0,0,"- ","- ",34.262450000000001,-119.44246,"SANTA BARBARA","SANTA BARBARA",-119.74008348,34.440175689999997
8102983,2016,2017-02-24,4203,2016-08-06,1434,22859,,6,5,5,4203,0,0,0,,0,002,"CASTILLO ST","RT 101",70.00,E,N,A,-,Y,SB,5,101,-,R,14.340,R,4,S,N,3,0,1,1,A,-,03,22350,,N,H,A,A,B,F,-,A,A,0,,Y,,,Y,,L,04,0,1,0,0,0,0,1,0,0,"- ",SF,34.411999999999999,-119.699,"SANTA BARBARA","SANTA BARBARA",-119.70202696,34.412495569999997
8103067,2016,2016-08-19,4203,2016-08-04,1737,2661,,4,5,5,4203,0,0,0,,0,001,"SALINAS ST","INDIO MUERTO",0.00,,Y,A,-,N,,,,,,,,,,N,4,0,2,2,A,-,03,22350,,N,C,C,A,A,H,-,A,A,0,,,,,Y,,A,01,0,0,2,0,0,0,0,0,0,"- ","- ",34.252400000000002,-119.4012,"SANTA BARBARA","SANTA BARBARA",-119.66945991999999,34.424050000000001
8103240,2016,2016-08-23,4204,2016-08-09,0829,90139,39,2,5,5,4204,0,0,0,,0,002,"MAIN ST","KATHLEEN CT",0.00,,Y,A,-,N,,,166,,,,,,,N,4,0,1,2,A,-,08,22107,,N,D,C,A,A,H,-,A,D,0,,,,,Y,,A,01,0,0,1,0,0,0,0,0,0,"- ","- ",34.953279999999999,-120.45646000000001,"SANTA BARBARA","SANTA MARIA",-120.45644722,34.953311820000003
8103248,2016,2016-08-23,4204,2016-08-13,1441,90277,02,6,5,5,4204,0,0,0,,0,001,"TREELINE DR","RAINER WY",100.00,S,N,A,-,N,,,,,,,,,,N,2,0,1,2,A,-,11,21953,,N,G,B,D,A,H,-,A,D,0,Y,,,,Y,,N,60,1,0,0,0,1,0,0,0,0,"- ","- ",34.985700000000001,-120.44226,"SANTA BARBARA","SANTA MARIA",-120.44246192999999,34.985245339999999
8103272,2016,2016-08-23,4204,2016-08-05,0030,21338,089,5,5,5,4204,0,0,0,,0,003,"SANTA MARIA WY","SUNRISE DR",200.00,S,N,A,-,N,,,,,,,,,,Y,3,0,1,2,A,-,08,22107,,N,F,C,A,A,H,-,A,D,0,,,,,Y,,D,22,0,1,0,0,0,0,0,0,0,"- ","- ",34.908009999999997,-120.43301,"SANTA BARBARA","SANTA MARIA",-120.43253366,34.907346509999996
8103424,2016,2016-09-28,4200,2016-08-12,1130,4608,14,5,5,4,4214,0,0,0,,0,050,"CATHEDRAL OAKS RD","LOS CARNEROS RD",4600.00,W,N,A,-,N,,,,,,,,,,Y,2,0,1,1,A,-,08,22107,,N,E,I,A,A,H,-,A,D,0,,,,,Y,,A,01,1,0,0,0,0,0,0,0,0,"- ","- ",,,"SANTA BARBARA",GOLETA,-119.86889497,34.441689590000003
8103428,2016,2016-09-28,4200,2016-08-30,0830,3683,14,2,5,4,4214,0,0,0,,0,060,"S PATTERSON AV","HOLLISTER AV",533.00,N,N,A,-,N,,,,,,,,,,N,4,0,1,2,A,-,03,22350,,N,C,C,A,A,H,-,A,D,0,,,,,Y,,A,01,0,0,1,0,0,0,0,0,0,"- ","- ",,,"SANTA BARBARA",GOLETA,-119.80897204,34.435318270000003
8103664,2016,2016-09-09,4200,2016-07-14,0723,3116,14,4,5,4,4214,0,0,0,,0,080,"CALLE REAL","SALISBURY AV",187.00,W,N,B,-,N,,,,,,,,,,Y,4,0,1,3,A,-,05,21651,A,N,D,C,A,A,H,-,A,D,0,,,,,Y,,D,22,0,0,1,0,0,0,0,0,0,"- ","- ",,,"SANTA BARBARA",GOLETA,-119.89683246,34.436440570000002
8103668,2016,2017-02-24,4200,2016-07-30,1359,2932,14,6,5,4,4214,0,0,0,,0,080,"STORKE RD","RT 101",267.00,S,N,A,-,Y,SB,5,101,-,-,24.284,R,4,N,,4,0,3,3,A,-,03,22350,,N,C,C,A,A,H,-,A,D,0,,,,,Y,,A,01,0,0,3,0,0,0,0,0,0,"- ",SF,34.260350000000003,-119.52152,"SANTA BARBARA",GOLETA,-119.86268364999999,34.435966440000001
8103672,2016,2016-10-20,4200,2016-08-26,1414,3116,14,5,5,4,4214,0,0,0,,0,060,"HOLLISTER AV","KINMAN AV",154.00,W,N,A,-,N,,,,,,,,,,Y,2,0,2,2,A,-,09,21802,A,N,D,C,A,A,H,-,A,A,0,,,,,Y,,A,01,1,1,0,0,0,0,0,0,0,"- ","- ",,,"SANTA BARBARA",GOLETA,-119.82282003,34.435625459999997
8103807,2016,2016-09-29,4204,2016-09-15,1812,18261,65,4,5,5,4204,0,0,0,,0,003,BLOSSER,BATTLES,0.00,,Y,A,-,N,,,,,,,,,,Y,4,0,1,3,A,-,09,21453,,N,D,D,A,A,H,-,A,A,0,,,,,Y,,D,22,0,0,1,0,0,0,0,0,0,"- ","- ",,,"SANTA BARBARA","SANTA MARIA",-120.45396992000001,34.931590040000003