CASE_ID,ACCIDENT_YEAR,PROC_DATE,JURIS,COLLISION_DATE,COLLISION_TIME,OFFICER_ID,REPORTING_DISTRICT,DAY_OF_WEEK,CHP_SHIFT,POPULATION,CNTY_CITY_LOC,SPECIAL_COND,BEAT_TYPE,CHP_BEAT_TYPE,CITY_DIVISION_LAPD,CHP_BEAT_CLASS,BEAT_NUMBER,PRIMARY_RD,SECONDARY_RD,DISTANCE,DIRECTION,INTERSECTION,WEATHER_1,WEATHER_2,STATE_HWY_IND,CALTRANS_COUNTY,CALTRANS_DISTRICT,STATE_ROUTE,ROUTE_SUFFIX,POSTMILE_PREFIX,POSTMILE,LOCATION_TYPE,RAMP_INTERSECTION,SIDE_OF_HWY,TOW_AWAY,COLLISION_SEVERITY,NUMBER_KILLED,NUMBER_INJURED,PARTY_COUNT,PRIMARY_COLL_FACTOR,PCF_CODE_OF_VIOL,PCF_VIOL_CATEGORY,PCF_VIOLATION,PCF_VIOL_SUBSECTION,HIT_AND_RUN,TYPE_OF_COLLISION,MVIW,PED_ACTION,ROAD_SURFACE,ROAD_COND_1,ROAD_COND_2,LIGHTING,CONTROL_DEVICE,CHP_ROAD_TYPE,PEDESTRIAN_ACCIDENT,BICYCLE_ACCIDENT,MOTORCYCLE_ACCIDENT,TRUCK_ACCIDENT,NOT_PRIVATE_PROPERTY,ALCOHOL_INVOLVED,STWD_VEHTYPE_AT_FAULT,CHP_VEHTYPE_AT_FAULT,COUNT_SEVERE_INJ,COUNT_VISIBLE_INJ,COUNT_COMPLAINT_PAIN,COUNT_PED_KILLED,COUNT_PED_INJURED,COUNT_BICYCLIST_KILLED,COUNT_BICYCLIST_INJURED,COUNT_MC_KILLED,COUNT_MC_INJURED,PRIMARY_RAMP,SECONDARY_RAMP,LATITUDE,LONGITUDE,COUNTY,CITY,POINT_X,POINT_Y
8103815,2016,2016-09-29,4204,2016-08-23,1610,90081,11,2,5,5,4204,0,0,0,,0,001,"DONOVAN RD","CARLOTTI DR",0.00,,Y,A,-,N,,,,,,,,,,Y,3,0,1,3,A,-,09,21801,A,N,D,C,A,A,H,-,A,A,0,,,,,Y,,A,08,0,1,0,0,0,0,0,0,0,"- ","- ",34.968029999999999,-120.42066,"SANTA BARBARA","SANTA MARIA",-120.42069997999999,34.967640090000003
8104098,2016,2016-08-22,4204,2016-08-09,2223,90338,4204,2,5,5,4204,0,0,0,,0,002,"ELIZABETH ST","FESLER ST",0.00,,Y,A,-,N,,,,,,,,,,Y,4,0,1,2,A,-,12,22450,A,N,D,C,A,A,H,-,C,A,0,,,,,Y,,A,07,0,0,1,0,0,0,0,0,0,"- ","- ",34.956380000000003,-120.42852000000001,"SANTA BARBARA","SANTA MARIA",-120.42858990000001,34.95650011
8104102,2016,2016-08-22,4204,2016-08-12,0351,90277,73,5,5,5,4204,0,0,0,,0,003,"SONYA LN","WESTERN AV",0.00,,Y,A,-,N,,,,,,,,,,N,4,0,1,2,A,-,09,21802,A,N,D,C,A,A,H,-,C,D,0,,,,,Y,,A,01,0,0,1,0,0,0,0,0,0,"- ","- ",34.927779999999998,-120.44928,"SANTA BARBARA","SANTA MARIA",-120.44949995,34.927799999999998
8104106,2016,2016-08-22,4204,2016-08-13,1637,90338,4204,6,5,5,4204,0,0,0,,0,002,"CHAPEL ST","DEPOT ST",0.00,,Y,A,-,N,,,,,,,,,,N,3,0,1,3,A,-,21,22106,,F,A,B,F,A,H,-,A,D,0,Y,,,,Y,,-,,0,1,0,0,1,0,0,0,0,"- ","- ",34.954529999999998,-120.44392000000001,"SANTA BARBARA","SANTA MARIA",-120.44396989000001,34.954320090000003
8104449,2016,2016-08-29,4200,2016-07-08,1811,3077,14,5,5,4,4214,0,0,0,,0,080,"CATHEDRAL OAKS RD","WINCHESTER CIR",832.00,W,N,A,-,N,,,,,,,,,,Y,2,0,2,2,A,-,05,21460,A,N,A,C,A,A,H,-,A,D,0,,,,,Y,Y,A,01,2,0,0,0,0,0,0,0,0,"- ","- ",,,"SANTA BARBARA",GOLETA,-119.90495317,34.434559110000002
8104675,2016,2016-08-26,4200,2016-08-03,1905,2892,10,3,5,3,4205,0,0,0,,0,030,"CARPINTERIA AV","MAPLE AV",0.00,,Y,A,-,N,,,,,,,,,,N,3,0,1,3,A,-,10,21950,A,N,G,B,B,A,H,-,A,D,0,Y,Y,,,Y,,A,01,0,1,0,0,1,0,0,0,0,"- ","- ",,,"SANTA BARBARA",CARPINTERIA,-119.51729997,34.398020029999998
8105377,2016,2016-08-25,4203,2016-08-15,1709,1985,,1,5,5,4203,0,0,0,,0,001,"ENSENADA ST","CANADA ST",0.00,,Y,A,-,N,,,,,,,,,,N,3,0,1,2,D,-,00,,,F,G,B,E,A,H,-,A,D,0,Y,,,,Y,,-,"- ",0,1,0,0,1,0,0,0,0,"- ","- ",34.252699999999997,-119.402,"SANTA BARBARA","SANTA BARBARA",-119.67231988,34.42429009
8105381,2016,2016-08-25,4203,2016-08-17,2035,6983,,3,5,5,4203,0,0,0,,0,002,"CABRILLO BL","CHAPALA ST",0.00,,Y,A,-,N,,,,,,,,,,N,2,0,1,2,A,-,01,23152,A,N,G,B,B,A,H,-,C,A,0,Y,,,,Y,Y,-,,1,0,0,0,1,0,0,0,0,"- ","- ",34.244100000000003,-119.41249999999999,"SANTA BARBARA","SANTA BARBARA",-119.69032991,34.411190060000003
8105694,2016,2016-08-29,4204,2016-08-16,1729,90228,41,2,5,5,4204,0,0,0,,0,002,"COOK ST","SMITH ST",0.00,,Y,A,-,N,,,,,,,,,,N,4,0,1,2,A,-,03,22350,,N,C,C,A,A,H,-,A,D,0,,,,,Y,,A,01,0,0,1,0,0,0,0,0,0,"- ","- ",34.950060000000001,-120.44267000000001,"SANTA BARBARA","SANTA MARIA",-120.44256989,34.949890070000002
8105733,2016,2016-10-24,4204,2016-08-17,1418,23656,75,3,5,5,4204,0,0,0,,0,003,"BETTERAVIA RD","COLLEGE DR",0.00,,Y,A,-,N,,,,,,,,,,Y,4,0,1,2,A,-,04,21703,,N,C,C,A,A,H,-,A,A,0,,,,Y,Y,,D,22,0,0,1,0,0,0,0,0,0,"- ","- ",34.923499999999997,-120.42565,"SANTA BARBARA","SANTA MARIA",-120.42563995,34.923750060000003
8105797,2016,2016-08-26,4204,2016-08-15,1333,23656,50,1,5,5,4204,0,0,0,,0,002,"BLOSSER RD","BOONE ST",0.00,,Y,A,-,N,,,,,,,,,,Y,3,0,1,3,A,-,09,21802,A,N,D,C,A,A,H,-,A,A,0,,,,,Y,,A,01,0,1,0,0,0,0,0,0,0,"- ","- ",34.947360000000003,-120.45398,"SANTA BARBARA","SANTA MARIA",-120.4538199,34.947510049999998
8361814,2016,2017-07-28,4200,2016-02-05,2025,,,5,5,2,4212,0,0,0,,0,,"RT 246","SYCAMORE DR",13.00,W,N,A,-,Y,SB,5,246,-,R,25.250,H,-,W,Y,4,0,2,2,A,-,03,22350,,N,C,C,A,A,H,-,C,D,0,,,,,Y,,A,07,0,0,2,0,0,0,0,0,0,"- ","- ",34.535780000000003,-120.06721,"SANTA BARBARA",BUELLTON,-120.20618457,34.618411700000003
8371333,2016,2018-02-06,4200,2016-12-02,1451,3116,14,5,5,4,4214,0,0,0,,0,060,"HOLLISTER AV","RT 217",0.00,,Y,A,-,Y,SB,5,217,-,-,2.450,R,4,W,Y,3,0,3,2,C,-,18,,,N,D,C,A,A,H,-,A,A,0,,,,,Y,,-,"- ",0,2,1,0,0,0,0,0,0,"- ",SF,,,"SANTA BARBARA",GOLETA,-119.81573854,34.43819259
90095360,2016,2016-01-14,9760,2016-01-06,0640,015669,,3,1,5,4203,0,1,2,,2,020,"U.S. 101 NORTHBOUND","LAS POSITAS ROAD",1056.00,N,N,B,C,Y,,,,,,,,,,Y,2,0,1,2,A,-,03,22350,,N,E,I,A,B,H,-,C,D,0,,,,,Y,,A,08,1,0,0,0,0,0,0,0,0,"- ","- ",34.428240000000002,-119.73609999999999,"SANTA BARBARA","SANTA BARBARA",-119.73722908000001,34.428413200000001
90095492,2016,2016-01-14,9760,2016-01-08,0750,018019,,5,1,9,4200,0,3,5,,2,002,"MODOC RD.","HOLLISTER AVE",580.00,S,N,A,-,N,,,,,,,,,,Y,4,0,1,2,A,-,09,21804,A,N,D,C,A,A,H,-,B,D,0,,,,,Y,,A,01,0,0,1,0,0,0,0,0,0,"- ","- ",34.439279999999997,-119.7687,"SANTA BARBARA",UNINCORPORATED,-119.76859334,34.439181069999997
8342677,2016,2017-04-12,4200,2016-07-07,0316,4950,14,4,5,4,4214,0,0,0,,0,080,"MENDOCINO DR","ALAMEDA AV",60.00,S,N,A,-,N,,,,,,,,,,Y,3,0,1,2,A,-,01,23152,A,M,C,E,A,A,H,-,C,D,0,,,,,Y,Y,A,01,0,1,0,0,0,0,0,0,0,"- ","- ",,,"SANTA BARBARA",GOLETA,-119.87644109999999,34.43479541
90088696,2016,2016-01-05,9750,2016-01-02,1000,017616,,6,1,9,4200,0,3,5,,2,020,"HARRIS GRADE RD",SR-135,15312.00,W,N,B,-,N,,,,,,,,,,N,4,0,1,1,A,-,08,22107,,N,E,I,A,A,H,-,A,D,0,,,,,Y,,A,01,0,0,1,0,0,0,0,0,0,"- ","- ",34.735280000000003,-120.43879,"SANTA BARBARA",UNINCORPORATED,-120.43772152,34.735478360000002
90089757,2016,2016-01-06,9760,2016-01-05,1657,018754,,2,2,9,4200,0,1,3,,1,022,"SR-154 (SAN MARCOS PASS RD.)","PAINTED CAVE RD",4224.00,W,N,B,-,Y,,,154,,,,,,,Y,4,0,2,2,A,-,05,21460,A,N,A,C,A,B,H,-,B,D,0,,,,,Y,,D,22,0,0,2,0,0,0,0,0,0,"- ","- ",34.489269999999998,-119.78413,"SANTA BARBARA",UNINCORPORATED,-119.78412752,34.489268340000002
90089831,2016,2016-01-06,9750,2016-01-06,0740,014358,,3,1,9,4200,0,1,3,,1,022,"SR 1 NORTHBOUND","GRACIOSA ROAD",5280.00,N,N,C,-,Y,,,,,,,,,,Y,4,0,1,1,A,-,03,22350,,N,F,A,A,B,H,-,A,D,0,,,,,Y,,A,07,0,0,1,0,0,0,0,0,0,"- ","- ",34.817990000000002,-120.44776,"SANTA BARBARA",UNINCORPORATED,-120.44968548,34.825128390000003
90091195,2016,2016-01-08,9755,2016-01-03,0819,014934,,7,1,9,4200,0,1,3,,1,042,SR-154,"CALKINS RD",528.00,W,N,A,-,Y,,,154,,,,,,,Y,2,0,2,1,A,-,08,22107,,N,E,I,A,A,H,-,A,D,0,,,,,Y,,A,01,1,0,1,0,0,0,0,0,0,"- ","- ",34.667949999999998,-120.11911000000001,"SANTA BARBARA",UNINCORPORATED,-120.11911135,34.667872260000003
90091287,2016,2016-01-08,9755,2016-01-06,1430,016058,,3,2,9,4200,0,3,5,,2,050,"SIRIUS AVE","VEGA AVE",627.00,E,N,B,-,N,,,,,,,,,,Y,4,0,1,3,A,-,08,22107,,N,B,E,A,A,H,-,A,D,0,,,,,Y,,D,22,0,0,1,0,0,0,0,0,0,"- ","- ",34.70675,-120.47194,"SANTA BARBARA",UNINCORPORATED,-120.47066927,34.705841569999997
90092210,2016,2016-01-11,9755,2016-01-07,0948,016058,,4,1,9,4200,0,1,3,,1,053,"SR-246 E/B","CAMPBELL RD",2112.00,E,N,B,-,Y,,,246,,,,,,E,Y,4,0,1,1,A,-,08,22107,,N,E,I,A,B,H,-,A,D,0,,,,,Y,,D,22,0,0,1,0,0,0,0,0,0,"- ","- ",34.648290000000003,-120.30801,"SANTA BARBARA",UNINCORPORATED,-120.30805214999999,34.648245850000002
90092393,2016,2016-01-11,9755,2016-01-05,0330,018514,,2,3,9,4200,0,1,3,,1,042,SR-154,"ZACA STATION RD",2112.00,E,N,C,-,Y,,,154,,,,,,,Y,4,0,1,1,A,-,08,22107,,N,F,A,A,B,H,-,D,D,0,,,,,Y,,A,07,0,0,1,0,0,0,0,0,0,"- ","- ",34.681019999999997,-120.15436,"SANTA BARBARA",UNINCORPORATED,-120.15438260000001,34.680954700000001
90092406,2016,2016-01-11,9755,2016-01-01,0330,019464,,5,3,9,4200,0,1,2,,2,004,"US-101 NORTHBOUND","SANTA ROSA ROAD",7392.00,S,N,A,-,Y,,,,,,,,,,Y,3,0,1,1,A,-,01,23152,A,N,E,I,A,A,H,-,D,D,0,,,,,Y,Y,A,01,0,1,0,0,0,0,0,0,0,"- ","- ",34.364600000000003,-120.11490000000001,"SANTA BARBARA",UNINCORPORATED,-120.19328631,34.58398579
90092435,2016,2016-01-11,9755,2016-01-02,2052,017884,,6,2,9,4200,0,3,5,,2,040,"ARMOUR RANCH ROAD","COUNT FLEET STREET",392.00,E,N,B,-,N,,,,,,,,,,Y,4,0,1,1,A,-,08,22107,,M,E,I,A,A,H,-,D,D,0,,,,,Y,,A,01,0,0,1,0,0,0,0,0,0,"- ","- ",34.610259999999997,-120.03100999999999,"SANTA BARBARA",UNINCORPORATED,-120.03065127000001,34.610130210000001
90092474,2016,2016-01-11,9755,2016-01-02,2057,017378,,6,2,9,4200,0,3,5,,2,040,"COUNT FLEET ST","ARMOUR RANCH RD.",60.00,N,N,A,-,N,,,,,,,,,,N,3,0,1,2,A,-,21,22106,,F,B,B,E,A,H,-,D,D,0,Y,,,,Y,,A,01,0,1,0,0,1,0,0,0,0,"- ","- ",34.610799999999998,-120.03189999999999,"SANTA BARBARA",UNINCORPORATED,-120.03188177,34.610584080000002
90095615,2016,2016-01-14,9760,2016-01-06,2255,020528,,3,3,5,4203,0,1,2,,2,011,"US-101 S/B","LAS POSITAS RD",1860.00,S,N,C,-,Y,,,101,,,,,,S,Y,3,0,4,1,A,-,08,22107,,N,E,I,A,B,H,-,C,D,0,,,,,Y,,A,01,0,2,2,0,0,0,0,0,0,"- ","- ",34.427030000000002,-119.72749,"SANTA BARBARA","SANTA BARBARA",-119.72751633999999,34.426839700000002
90095836,2016,2016-01-14,9750,2016-01-11,1025,014753,,1,1,9,4200,0,3,5,,2,020,"LOS PADRES ROAD","PRIMROSE LANE",23.00,N,N,B,-,N,,,,,,,,,,Y,4,0,1,2,A,-,03,22350,,N,E,I,A,A,H,-,A,D,0,,,,,Y,,A,01,0,0,1,0,0,0,0,0,0,"- ","- ",34.891219999999997,-120.43134999999999,"SANTA BARBARA",UNINCORPORATED,-120.43128,34.891113169999997
90095889,2016,2016-01-14,9750,2016-01-06,1610,016874,,3,2,5,4204,0,1,2,,2,001,"US-101 N/B (EL CAMINO REAL)","MAIN STREET (SR-166)",700.00,N,N,B,F,Y,,,101,,,,,,N,Y,4,0,1,4,A,-,03,22350,,N,B,C,A,C,H,-,A,D,0,,,,,Y,,A,07,0,0,1,0,0,0,0,0,0,"- ","- ",34.954889999999999,-120.41710999999999,"SANTA BARBARA","SANTA MARIA",-120.41717607,34.954890429999999
90096201,2016,2016-01-15,9750,2016-01-13,0815,013766,,3,1,9,4200,0,2,4,,1,024,"CLARK AVENUE","BETHANY LN",0.00,,Y,B,C,N,,,,,,,,,,Y,4,0,3,2,A,-,09,21801,A,N,D,C,A,B,H,-,A,D,0,,,,,Y,,A,01,0,0,3,0,0,0,0,0,0,"- ","- ",34.86506,-120.43322000000001,"SANTA BARBARA",UNINCORPORATED,-120.43326994,34.865060079999999
90096491,2016,2016-01-15,9760,2016-01-02,2345,021061,,6,3,9,4200,0,1,2,,2,011,"US-101 S/B","MISSION ST",300.00,S,N,A,-,Y,,,,,,,,,,Y,3,0,1,2,A,-,08,22107,,N,E,I,A,A,H,-,C,D,0,,,,,Y,,A,01,0,1,0,0,0,0,0,0,0,"- ","- ",34.42456,-119.71915,"SANTA BARBARA",UNINCORPORATED,-119.7195918,34.424877090000003
90097595,2016,2016-01-19,9750,2016-01-17,1130,015915,,7,1,9,4200,0,1,3,,1,021,"SR-135 S/B",SR-1,2640.00,N,N,B,-,Y,,,135,,,,,,S,Y,3,0,1,1,A,-,08,22107,,N,E,I,A,A,H,-,A,D,0,,,,,Y,,A,01,0,1,0,0,0,0,0,0,0,"- ","- ",34.858359999999998,-120.44465,"SANTA BARBARA",UNINCORPORATED,-120.44465064000001,34.858176180000001
90097735,2016,2016-01-19,9750,2016-01-07,1328,018786,,4,1,9,4200,0,1,3,,1,021,"UNION VALLEY PARKWAY",SR-135,0.00,,Y,A,-,Y,,,,,,,,,,Y,4,0,1,2,A,-,09,21801,A,N,D,C,A,A,H,-,A,A,0,,,,,Y,,A,01,0,0,1,0,0,0,0,0,0,"- ","- ",34.879519999999999,-120.43656,"SANTA BARBARA",UNINCORPORATED,-120.43667993,34.879550070000001
90097754,2016,2016-01-19,9755,2016-01-15,0815,016058,,5,1,9,4200,0,3,5,,2,050,"HARRIS GRADE RD","RUCKER RD",10560.00,N,N,B,C,N,,,,,,,,,,Y,4,0,2,1,A,-,03,22350,,N,E,J,A,B,H,-,A,D,0,,,,,Y,,A,07,0,0,2,0,0,0,0,0,0,"- ","- ",34.727960000000003,-120.44156,"SANTA BARBARA",UNINCORPORATED,-120.44049305,34.733498240000003
90097835,2016,2016-01-19,9750,2016-01-13,0715,016170,,3,1,9,4200,0,3,5,,2,010,"BETTERAVIA RD","SIMAS RD",100.00,E,N,C,-,N,,,,,,,,,,Y,4,0,1,1,A,-,08,22107,,N,F,A,A,B,H,-,D,D,0,,,,,Y,,A,01,0,0,1,0,0,0,0,0,0,"- ","- ",34.942970000000003,-120.55749,"SANTA BARBARA",UNINCORPORATED,-120.558088,34.943615479999998
90098314,2016,2016-01-19,9760,2016-01-06,2250,020908,,3,3,9,4200,0,1,3,,1,022,"SR-154 EAST (SAN MARCOS PASS RD.)","WEST CAMINO CIELO",528.00,E,N,B,C,Y,,,,,,,,,,Y,4,0,1,1,A,-,03,22350,,N,E,I,A,B,H,-,D,D,0,,,,,Y,,A,01,0,0,1,0,0,0,0,0,0,"- ","- ",34.503270000000001,-119.50769,"SANTA BARBARA",UNINCORPORATED,-119.81056449,34.5039783
90098414,2016,2016-01-20,9760,2016-01-08,0835,16739,,5,1,9,4200,0,3,5,,2,005,"CAMINO PESCADERO","ABREGO RD",20.00,S,N,A,-,N,,,,,,,,,,N,3,0,1,2,A,-,21,22106,,N,G,B,D,A,H,-,A,D,0,Y,,,,Y,,A,01,0,1,0,0,1,0,0,0,0,"- ","- ",34.414050000000003,-119.85874,"SANTA BARBARA",UNINCORPORATED,-119.85869852,34.414095099999997
90098429,2016,2016-01-20,9760,2016-01-11,1725,019831,,1,2,5,4203,0,1,2,,2,011,"US-101 S/B (EL CAMINO REAL)","LAS POSITAS RD",413.00,S,N,B,-,Y,,,101,,,,,,S,N,4,0,1,2,A,-,03,22350,,N,C,C,A,A,H,-,C,D,0,,,,,Y,,A,01,0,0,1,0,0,0,0,0,0,"- ","- ",34.427070000000001,-119.73072000000001,"SANTA BARBARA","SANTA BARBARA",-119.73065902,34.427350009999998
90098439,2016,2016-01-20,9760,2016-01-02,1550,020483,,6,2,9,4200,0,1,2,,2,010,"US-101 N/B","S. PADARO LN.",980.00,N,N,A,-,Y,,,,,,,,,,Y,2,0,1,2,A,-,03,22350,,N,C,C,A,A,H,-,A,D,0,,,Y,,Y,,C,02,1,0,0,0,0,0,0,0,1,"- ","- ",34.244399999999999,-119.3318,"SANTA BARBARA",UNINCORPORATED,-119.58264,34.416679999999999
90098451,2016,2016-01-20,9760,2016-01-12,0740,012263,,2,1,9,4200,0,3,5,,2,002,"CROWN AVE. S/B","PALACE CT.",0.00,,Y,A,-,N,,,,,,,,,,N,3,0,1,2,A,-,03,22350,,N,D,C,A,A,H,-,A,A,0,,Y,,,Y,,L,04,0,1,0,0,0,0,1,0,0,"- ","- ",34.457070000000002,-119.81583999999999,"SANTA BARBARA",UNINCORPORATED,-119.81599998999999,34.457150110000001
90098523,2016,2016-01-20,9760,2016-01-11,1533,020366,,1,2,4,4214,0,1,2,,1,030,"US-101 S/B","EL CAPITAN STATE BEACH RD",133.00,S,N,A,-,Y,,,,,,,,,,Y,3,0,1,1,A,-,08,22107,,N,F,A,A,A,H,-,A,D,0,,,,,Y,,A,01,0,1,0,0,0,0,0,0,0,"- ","- ",34.463099999999997,-120.02101999999999,"SANTA BARBARA",GOLETA,-120.02100908,34.463152430000001
90098644,2016,2016-01-20,9760,2016-01-14,1755,018754,,4,2,5,4203,0,1,2,,2,011,"U.S. 101 S/B","MICHELTORENA ST",20.00,S,N,A,-,Y,,,,,,,,,,Y,4,0,1,2,A,-,03,22350,,N,C,C,A,A,H,-,C,D,0,,,,,Y,,A,01,0,0,1,0,0,0,0,0,0,"- ","- ",34.325099999999999,-119.521,"SANTA BARBARA","SANTA BARBARA",-119.71396031,34.420773670000003
90098730,2016,2016-01-20,9750,2016-01-16,2000,019417,,6,2,9,4200,0,1,2,,2,003,"US-101 N/B (EL CAMINO REAL)","FOXEN LANE",315.00,S,N,B,-,Y,,,101,,,,,,N,Y,3,0,1,1,A,-,08,22107,,N,E,I,A,A,H,-,D,D,0,,,,,Y,,D,22,0,1,0,0,0,0,0,0,0,"- ","- ",34.741010000000003,-120.26831,"SANTA BARBARA",UNINCORPORATED,-120.26835749999999,34.740940449999997
90098744,2016,2016-01-20,9760,2016-01-15,1741,020473,,5,2,9,4200,0,3,5,,2,002,"PATTERSON AVE. (570 BLOCK)","MORE RANCH RD",747.00,N,N,A,-,N,,,,,,,,,,N,4,0,1,2,A,-,08,22107,,N,G,B,E,A,H,-,D,D,0,Y,,,,Y,,A,01,0,0,1,0,1,0,0,0,0,"- ","- ",34.426290000000002,-119.81133,"SANTA BARBARA",UNINCORPORATED,-119.81110839,34.425825179999997
90098770,2016,2016-01-20,9755,2016-01-19,1710,012436,,2,2,9,4200,0,1,3,,1,053,SR-246,"TULAROSA RD",25.00,W,N,B,C,Y,,,246,,,,,,,Y,4,0,1,3,A,-,03,22350,,N,C,C,A,A,H,-,D,D,0,,,,,Y,,D,22,0,0,1,0,0,0,0,0,0,"- ","- ",34.664650000000002,-120.36991,"SANTA BARBARA",UNINCORPORATED,-120.36991019,34.664616889999998
90098795,2016,2016-01-20,9760,2016-01-15,2204,020757,,5,3,9,4200,0,3,5,,2,005,"EMBARCADERO DEL MAR","SEGOVIA ROAD",0.00,,Y,A,-,N,,,,,,,,,,Y,4,0,1,2,A,-,09,21802,A,N,D,C,A,A,H,-,C,D,0,,,,,Y,,A,01,0,0,1,0,0,0,0,0,0,"- ","- ",34.414439999999999,-119.85704,"SANTA BARBARA",UNINCORPORATED,-119.85701996,34.414440079999999
90098847,2016,2016-01-20,9760,2016-01-18,1410,017314,,1,2,9,4200,0,1,2,,1,040,"US-101 S/B","REFUGIO ROAD",4224.00,N,N,B,-,Y,,,101,,,,,,S,Y,3,0,1,1,A,-,08,22107,,N,E,I,A,B,H,-,A,D,0,,,,,Y,,A,01,0,1,0,0,0,0,0,0,0,"- ","- ",34.461449999999999,-120.0829,"SANTA BARBARA",UNINCORPORATED,-120.08289807,34.461500659999999
90099032,2016,2016-02-01,9760,2016-01-19,0825,015669,,2,1,9,4200,0,1,2,,2,020,"U.S. 101 N/B","PATTERSON AVE",1500.00,S,N,B,-,Y,,,,,,,,,,Y,4,0,1,4,A,-,03,22350,,N,C,C,A,A,H,-,A,D,0,,,,,Y,,D,22,0,0,1,0,0,0,0,0,0,"- ","- ",34.441679999999998,-119.80342,"SANTA BARBARA",UNINCORPORATED,-119.80844,34.441980000000001
8307532,2016,2017-04-08,4200,2016-09-29,1145,3077,6,4,5,2,4212,0,0,0,,0,,"RT 246","FREEAR DR",0.00,,Y,A,-,Y,SB,5,246,-,-,26.530,I,5,E,Y,3,0,1,2,B,-,22,,,N,D,C,A,A,H,-,A,A,0,,,,,Y,,J,49,0,1,0,0,0,0,0,0,0,"- ","- ",34.610610000000001,-120.18631999999999,"SANTA BARBARA",BUELLTON,-120.18624849,34.610621539999997
8309772,2016,2017-02-22,4201,2016-12-30,1215,9598,,5,5,2,4201,0,0,0,,0,,"PIONEER ST","WONG ST",12.00,S,N,B,-,N,,,,,,,,,,Y,3,0,1,2,A,-,08,22107,,N,D,C,A,B,H,-,A,D,0,,,,,Y,,-,"- ",0,1,0,0,0,0,0,0,0,"- ","- ",,,"SANTA BARBARA",GUADALUPE,-120.57760777999999,34.963627090000003
90110124,2016,2016-02-05,9760,2016-02-02,1700,018264,,2,2,9,4200,0,1,3,,1,022,SR-154,"PAINTED CAVE RD",3960.00,E,N,C,-,Y,,,154,,,,,,,Y,2,0,3,2,A,-,01,23152,A,N,D,C,A,B,H,-,A,D,0,,,,,Y,Y,A,07,1,2,0,0,0,0,0,0,0,"- ","- ",34.488990000000001,-119.78599,"SANTA BARBARA",UNINCORPORATED,-119.78586768,34.488487990000003
90110125,2016,2016-02-05,9750,2016-02-01,1807,015916,,1,2,9,4200,0,2,4,,1,024,"CLARK AVENUE W/B","KENNETH AVENUE",0.00,,Y,A,-,N,,,,,,,,,,Y,2,0,1,2,A,-,03,22350,,N,C,C,A,A,H,-,C,D,0,,,Y,,Y,,C,02,1,0,0,0,0,0,0,0,1,"- ","- ",34.865119999999997,-120.40918000000001,"SANTA BARBARA",UNINCORPORATED,-120.40929989999999,34.865060100000001
90110400,2016,2016-02-05,9760,2016-02-03,1818,018754,,3,2,5,4203,0,1,2,,2,011,"U.S. 101 S/B (EL CAMINO REAL)","CABRILLO BLVD",100.00,S,N,A,-,Y,,,,,,,,,,Y,4,0,2,2,A,-,03,22350,,N,C,C,A,A,H,-,C,D,0,,,,,Y,,A,01,0,0,2,0,0,0,0,0,0,"- ","- ",34.252000000000002,-119.3815,"SANTA BARBARA","SANTA BARBARA",-119.65471899000001,34.422315349999998
90110415,2016,2016-02-05,9755,2016-02-04,1215,016058,,4,1,9,4200,0,3,5,,2,050,"JALAMA RD",SR-1,31680.00,W,N,A,-,N,,,,,,,,,,N,2,0,1,2,A,-,08,22107,,N,A,G,A,A,H,-,A,D,0,,Y,,,Y,,L,04,1,0,0,0,0,0,1,0,0,"- ","- ",34.525300000000001,-120.40355,"SANTA BARBARA",UNINCORPORATED,-120.40186009999999,34.526097550000003
90111613,2016,2016-02-09,9760,2016-02-01,1652,020366,,1,2,5,4203,0,1,2,,2,020,"US-101 S/B","PATTERSON AVE",60.00,N,N,A,-,Y,,,,,,,,,,Y,4,0,1,2,A,-,08,22107,,N,D,C,A,A,H,-,A,D,0,,,,,Y,,A,01,0,0,1,0,0,0,0,0,0,"- ","- ",34.441800000000001,-119.80897,"SANTA BARBARA","SANTA BARBARA",-119.80846,34.441809999999997
90111715,2016,2016-02-09,9760,2016-02-04,1125,015658,,4,1,9,4200,0,3,5,,2,005,"CAMINO CORTO","ESTERO RD",0.00,,Y,A,-,N,,,,,,,,,,N,2,0,1,2,A,-,12,22450,A,F,D,G,A,A,H,-,A,A,0,,Y,,,Y,,L,04,1,0,0,0,0,0,1,0,0,"- ","- ",34.413580000000003,-119.86638000000001,"SANTA BARBARA",UNINCORPORATED,-119.86642992,34.413600039999999