CASE_ID,ACCIDENT_YEAR,PROC_DATE,JURIS,COLLISION_DATE,COLLISION_TIME,OFFICER_ID,REPORTING_DISTRICT,DAY_OF_WEEK,CHP_SHIFT,POPULATION,CNTY_CITY_LOC,SPECIAL_COND,BEAT_TYPE,CHP_BEAT_TYPE,CITY_DIVISION_LAPD,CHP_BEAT_CLASS,BEAT_NUMBER,PRIMARY_RD,SECONDARY_RD,DISTANCE,DIRECTION,INTERSECTION,WEATHER_1,WEATHER_2,STATE_HWY_IND,CALTRANS_COUNTY,CALTRANS_DISTRICT,STATE_ROUTE,ROUTE_SUFFIX,POSTMILE_PREFIX,POSTMILE,LOCATION_TYPE,RAMP_INTERSECTION,SIDE_OF_HWY,TOW_AWAY,COLLISION_SEVERITY,NUMBER_KILLED,NUMBER_INJURED,PARTY_COUNT,PRIMARY_COLL_FACTOR,PCF_CODE_OF_VIOL,PCF_VIOL_CATEGORY,PCF_VIOLATION,PCF_VIOL_SUBSECTION,HIT_AND_RUN,TYPE_OF_COLLISION,MVIW,PED_ACTION,ROAD_SURFACE,ROAD_COND_1,ROAD_COND_2,LIGHTING,CONTROL_DEVICE,CHP_ROAD_TYPE,PEDESTRIAN_ACCIDENT,BICYCLE_ACCIDENT,MOTORCYCLE_ACCIDENT,TRUCK_ACCIDENT,NOT_PRIVATE_PROPERTY,ALCOHOL_INVOLVED,STWD_VEHTYPE_AT_FAULT,CHP_VEHTYPE_AT_FAULT,COUNT_SEVERE_INJ,COUNT_VISIBLE_INJ,COUNT_COMPLAINT_PAIN,COUNT_PED_KILLED,COUNT_PED_INJURED,COUNT_BICYCLIST_KILLED,COUNT_BICYCLIST_INJURED,COUNT_MC_KILLED,COUNT_MC_INJURED,PRIMARY_RAMP,SECONDARY_RAMP,LATITUDE,LONGITUDE,COUNTY,CITY,POINT_X,POINT_Y
90111730,2016,2016-02-09,9755,2016-02-06,1620,015973,,6,2,9,4200,0,3,5,,2,050,"HARRIS GRADE RD","RUCKER RD",4224.00,S,N,A,-,N,,,,,,,,,,Y,3,0,1,1,C,-,18,,,N,H,H,A,A,H,-,A,D,0,,,Y,,Y,,-,"- ",0,1,0,0,0,0,0,0,1,"- ","- ",34.691330000000001,-120.44738,"SANTA BARBARA",UNINCORPORATED,-120.44189217,34.700889850000003
90111934,2016,2016-02-09,9760,2016-02-05,1525,020473,,5,2,5,4203,0,1,2,,2,011,"US 101 S/B","LAS POSITAS RD",730.00,S,N,A,-,Y,,,,,,,,,,N,4,0,3,3,A,-,03,22350,,N,C,C,A,A,H,-,A,D,0,,,,,Y,,D,22,0,0,3,0,0,0,0,0,0,"- ","- ",34.426949999999998,-119.72884000000001,"SANTA BARBARA","SANTA BARBARA",-119.73139191,34.427506020000003
90112725,2016,2016-02-10,9760,2016-02-05,1605,020366,,5,2,5,4203,0,3,5,,2,002,"CATHEDRAL OAKS RD","VIA CHAPARRAL",0.00,,Y,A,-,N,,,,,,,,,,Y,3,0,2,2,A,-,12,22450,A,N,D,C,A,A,H,-,A,A,0,,,,,Y,,A,07,0,1,1,0,0,0,0,0,0,"- ","- ",34.450099999999999,-119.76527,"SANTA BARBARA","SANTA BARBARA",-119.76546997,34.450090009999997
90093248,2016,2016-01-12,9750,2016-01-05,2258,015916,,2,3,9,4200,0,3,5,,2,020,"REDWOOD AVENUE","CRESTMONT DRIVE",66.00,W,N,A,-,N,,,,,,,,,,Y,3,0,1,1,A,-,01,23152,A,N,E,I,A,B,H,-,C,D,0,,,,,Y,Y,D,22,0,1,0,0,0,0,0,0,0,"- ","- ",34.888800000000003,-120.42198,"SANTA BARBARA",UNINCORPORATED,-120.42189993,34.88883483
90093368,2016,2016-01-12,9760,2016-01-03,1608,019831,,7,2,5,4203,0,1,2,,2,020,"US-101 NB (EL CAMINO REAL)","PATTERSON AVE",712.00,S,N,B,-,Y,,,,,,,,,,N,4,0,2,2,A,-,03,22350,,N,C,C,A,A,H,-,A,D,0,,,,,Y,,A,01,0,0,2,0,0,0,0,0,0,"- ","- ",34.441740000000003,-119.80449,"SANTA BARBARA","SANTA BARBARA",-119.80844,34.441980000000001
90094470,2016,2016-01-13,9750,2016-01-10,0145,020323,,7,3,9,4200,0,1,2,,2,002,"US-101 S/B (EL CAMINO REAL)","CLARK AVENUE",2640.00,S,N,A,-,Y,,,101,,,,,,S,Y,3,0,2,1,A,-,08,22107,,N,F,A,A,A,H,-,D,D,0,,,,,Y,,A,01,0,2,0,0,0,0,0,0,0,"- ","- ",34.860230000000001,-120.3913,"SANTA BARBARA",UNINCORPORATED,-120.39164701,34.859930140000003
90125160,2016,2016-02-29,9760,2016-02-20,2310,021061,,6,3,5,4203,0,1,2,,2,020,"US-101 N/B TO STATE STREET.","STATE ST",80.00,S,N,A,-,Y,,,101,,,,R,,N,Y,4,0,1,1,A,-,01,23152,A,N,F,A,A,A,H,-,D,D,0,,,Y,,Y,Y,C,02,0,0,1,0,0,0,0,0,1,"- ","- ",34.439450000000001,-119.75394,"SANTA BARBARA","SANTA BARBARA",-119.75394,34.439450000000001
90125235,2016,2016-02-29,9760,2016-02-19,1700,018754,,5,2,9,4200,0,3,5,,2,005,"EMBARCADERO DEL MAR","PARDALL RD",0.00,,Y,A,-,N,,,,,,,,,,N,3,0,1,2,A,-,12,22450,A,F,D,G,A,A,H,-,A,A,0,,Y,,,Y,Y,-,99,0,1,0,0,0,0,1,0,0,"- ","- ",34.311399999999999,-119.56399999999999,"SANTA BARBARA",UNINCORPORATED,-119.85702986,34.413120069999998
90125314,2016,2016-02-29,9755,2016-02-15,1839,018514,,1,2,9,4200,0,3,5,,2,040,"ARMOUR RANCH RD",SR-154,1056.00,E,N,A,-,N,,,,,,,,,,N,2,0,1,1,A,-,08,22107,,N,F,A,A,A,H,-,D,D,0,,,Y,,Y,,C,02,1,0,0,0,0,0,0,0,1,"- ","- ",34.594029999999997,-120.02975000000001,"SANTA BARBARA",UNINCORPORATED,-120.03080695,34.592370029999998
90125482,2016,2016-02-29,9760,2016-02-27,2100,020511,,6,2,9,4200,0,1,3,,1,022,SR-154,"SAN ANTONIO CREEK RD",1700.00,W,N,A,-,Y,,,154,,,,,,,Y,4,0,1,2,C,-,18,,,N,A,C,A,A,H,-,D,D,0,,,,,Y,,-,"- ",0,0,1,0,0,0,0,0,0,"- ","- ",34.47486,-119.77294000000001,"SANTA BARBARA",UNINCORPORATED,-119.77286642999999,34.474803010000002
90125629,2016,2016-02-29,9760,2016-02-26,0645,019446,,5,1,9,4200,0,1,2,,2,010,"US-101 S/B","SHEFFIELD DR.",1095.00,S,N,A,-,Y,,,101,,,,,,S,Y,4,0,2,2,A,-,03,22350,,N,C,C,A,A,H,-,A,A,0,,,,,Y,,A,01,0,0,2,0,0,0,0,0,0,"- ","- ",34.421399999999998,-119.61409999999999,"SANTA BARBARA",UNINCORPORATED,-119.61409952,34.42147052
90128166,2016,2016-03-02,9750,2016-02-25,1650,017616,,4,2,5,4204,0,1,2,,2,001,"US-101 N/B (EL CAMINO REAL)",BROADWAY,2640.00,S,N,A,-,Y,,,101,,,,,,N,Y,4,0,1,1,C,-,18,,,N,E,I,A,A,H,-,A,D,0,,,,,Y,,-,"- ",0,0,1,0,0,0,0,0,0,"- ","- ",34.974930000000001,-120.42729,"SANTA BARBARA","SANTA MARIA",-120.42734765,34.974895199999999
90129197,2016,2016-03-03,9760,2016-02-28,1448,020366,,7,2,5,4203,0,1,2,,2,020,"US-101 S/B","LA CUMBRE RD",600.00,S,N,A,-,Y,,,101,,,,,,S,Y,3,0,1,1,A,-,08,22107,,N,F,A,A,A,H,-,A,D,0,,,,,Y,,A,07,0,1,0,0,0,0,0,0,0,"- ","- ",34.434829999999998,-119.74957999999999,"SANTA BARBARA","SANTA BARBARA",-119.74958230999999,34.434827519999999
90129208,2016,2016-03-03,9760,2016-02-29,1657,020366,,1,2,9,4200,0,1,2,,2,010,"US-101 S/B","SAN YSIDRO ROAD",110.00,N,N,B,-,Y,,,101,,,,,,S,Y,4,0,1,2,A,-,03,22350,,N,C,C,A,A,H,-,A,D,0,,,,,Y,,A,01,0,0,1,0,0,0,0,0,0,"- ","- ",34.422359999999998,-119.63191999999999,"SANTA BARBARA",UNINCORPORATED,-119.63190761,34.422429979999997
90100673,2016,2016-01-22,9750,2016-01-16,1055,016170,,6,1,9,4200,0,1,3,,1,011,SR-166,"HANSEN ST",6336.00,W,N,A,-,Y,,,166,,,,,,,N,4,0,1,2,A,-,03,22350,,N,C,C,A,A,H,-,A,D,0,,,,,Y,,D,22,0,0,1,0,0,0,0,0,0,"- ","- ",34.954740000000001,-120.48135000000001,"SANTA BARBARA",UNINCORPORATED,-120.48135085,34.954725570000001
90103238,2016,2016-01-27,9760,2016-01-16,1112,018483,,6,1,5,4203,0,1,2,,2,011,"US-101 N/B","CABRILLO BOULEVARD U/C",1000.00,S,N,A,-,Y,,,101,,,,,,N,Y,4,0,1,2,A,-,07,21658,A,N,B,C,A,A,H,-,A,D,0,,,,,Y,,A,07,0,0,1,0,0,0,0,0,0,"- ","- ",34.421469999999999,-119.65067000000001,"SANTA BARBARA","SANTA BARBARA",-119.65067806,34.421439970000002
90104085,2016,2016-01-27,9760,2016-01-18,1345,015658,,1,1,9,4200,0,3,5,,2,002,"OLD SAN MARCOS RD","VIA REGINA",800.00,N,N,B,C,N,,,,,,,,,,Y,3,0,1,1,A,-,03,22350,,N,E,I,A,B,H,-,A,D,0,,,,,Y,,D,22,0,1,0,0,0,0,0,0,0,"- ","- ",34.456620000000001,-119.79627000000001,"SANTA BARBARA",UNINCORPORATED,-119.79612567,34.457152749999999
90105119,2016,2016-01-28,9750,2016-01-15,1151,014820,,5,1,9,4200,0,1,3,,1,022,"SR-1 N/B","GRACIOSA RD",3696.00,S,N,B,-,Y,,,1,,,,,,N,Y,2,0,1,1,A,-,08,22107,,N,F,A,A,A,H,-,A,D,0,,,,,Y,,A,07,1,0,0,0,0,0,0,0,0,"- ","- ",34.802100000000003,-120.4425,"SANTA BARBARA",UNINCORPORATED,-120.44314365,34.801767050000002
90105121,2016,2016-01-28,9750,2016-01-21,0606,014820,,4,1,9,4200,0,1,3,,1,021,"SR-135 S/B","CLARK AVENUE",3168.00,S,N,A,-,Y,,,135,,,,,,S,Y,4,0,1,1,A,-,08,22107,,N,F,A,A,A,H,-,D,D,0,,,Y,,Y,,C,02,0,0,1,0,0,0,0,0,1,"- ","- ",34.858130000000003,-120.447,"SANTA BARBARA",UNINCORPORATED,-120.44692544999999,34.85786641
90105144,2016,2016-01-29,9750,2016-01-14,1830,018786,,4,2,9,4200,0,1,3,,1,062,SR-166,"MIRANDA PINE RD",33792.00,E,N,A,-,Y,,,166,,,,,,,Y,3,0,3,2,A,-,05,21651,A,N,B,C,A,A,H,-,D,D,0,,,,,Y,,D,22,0,3,0,0,0,0,0,0,0,"- ","- ",35.095390000000002,-120.13733999999999,"SANTA BARBARA",UNINCORPORATED,-120.13739513,35.095511569999999
90105308,2016,2016-01-29,9755,2016-01-23,0240,019464,,6,3,9,4200,0,1,2,,2,004,"US-101 SOUTHBOUND","OLD COAST HIGHWAY",9504.00,N,N,C,-,Y,,,101,,,,,,S,Y,3,0,3,1,A,-,03,22350,,N,F,A,A,B,H,-,D,D,0,,,,,Y,,A,01,0,3,0,0,0,0,0,0,0,"- ","- ",34.562849999999997,-120.19,"SANTA BARBARA",UNINCORPORATED,-120.19005557,34.562863399999998
90105687,2016,2016-01-29,9760,2016-01-15,0850,16739,,5,1,4,4214,0,1,2,,1,030,"US-101 S/B (EL CAMINO REAL)","CATHEDRAL OAKS RD.",3696.00,N,N,A,-,Y,,,101,,,,,,S,N,3,0,1,2,A,-,07,21658,A,F,B,C,A,A,H,-,A,D,0,,,,Y,Y,,G,25,0,1,0,0,0,0,0,0,0,"- ","- ",34.434950000000001,-119.91785,"SANTA BARBARA",GOLETA,-119.91782924,34.43500761
90105734,2016,2016-01-29,9760,2016-01-19,1018,015658,,2,1,9,4200,0,3,5,,2,005,"SABADO TARDE","CAMINO PESCADERO",10.00,E,N,B,C,N,,,,,,,,,,N,4,0,1,2,D,-,00,,,N,G,B,D,B,H,-,A,D,0,Y,,,,Y,,-,"- ",0,0,1,0,1,0,0,0,0,"- ","- ",34.41046,-119.85853,"SANTA BARBARA",UNINCORPORATED,-119.85866686999999,34.410449819999997
90106039,2016,2016-02-01,9760,2016-01-19,0850,015658,,2,1,9,4200,0,1,3,,1,022,"SR-154 (SAN MARCOS PASS)","SAN ANTONIO CREEK RD",4752.00,W,N,B,-,Y,,,154,,,,,,,Y,3,0,1,1,A,-,08,22107,,N,E,I,A,B,H,-,A,D,0,,,,,Y,,A,07,0,1,0,0,0,0,0,0,0,"- ","- ",34.476840000000003,-119.76926,"SANTA BARBARA",UNINCORPORATED,-119.76919929,34.476790940000001
90106041,2016,2016-02-01,9760,2016-01-20,0755,16739,,3,1,4,4214,0,1,2,,1,030,"US-101 S/B (EL CAMINO REAL)","LOS CARNEROS RD.",528.00,N,N,A,-,Y,,,101,,,,,,S,Y,4,0,3,4,A,-,03,22350,,N,C,C,A,A,H,-,A,D,0,,,,,Y,,D,22,0,0,3,0,0,0,0,0,0,"- ","- ",34.437240000000003,-119.85487999999999,"SANTA BARBARA",GOLETA,-119.85489013999999,34.43730085
90106043,2016,2016-02-01,9760,2016-01-20,0720,018019,,3,1,3,4205,0,3,5,,2,001,"US-101 N/B (EL CAMINO REAL)","CASITAS PASS RD",1315.00,S,N,B,-,Y,,,,,,,,,,Y,4,0,1,3,A,-,03,22350,,F,C,C,A,A,H,-,A,D,0,,,,,Y,,A,01,0,0,1,0,0,0,0,0,0,"- ","- ",34.233699999999999,-119.3034,"SANTA BARBARA",CARPINTERIA,-119.50934580000001,34.393707829999997
90106045,2016,2016-02-01,9760,2016-01-20,1230,018019,,3,1,3,4205,0,1,2,,2,010,"US-101 (EL CAMINO REAL)","BAILARD AVE.",218.00,S,N,B,-,Y,,,101,,,,,,,Y,3,0,2,2,A,-,07,21658,A,N,E,I,A,A,H,-,A,D,0,,,,,Y,,A,01,0,2,0,0,0,0,0,0,0,"- ","- ",34.38767,-119.49567999999999,"SANTA BARBARA",CARPINTERIA,-119.4956677,34.387708150000002
90106049,2016,2016-02-01,9760,2016-01-21,1808,018754,,4,2,5,4203,0,1,2,,2,011,"U.S. 101 S/B","CABRILLO BLVD",1056.00,N,N,B,-,Y,,,,,,,,,,N,4,0,1,2,A,-,03,22350,,F,C,C,A,A,H,-,C,D,0,,,,,Y,Y,A,01,0,0,1,0,0,0,0,0,0,"- ","- ",34.252200000000002,-119.39400000000001,"SANTA BARBARA","SANTA BARBARA",-119.65843422,34.42300376
90106815,2016,2016-02-01,9755,2016-01-31,1148,014934,,7,1,9,4200,0,1,2,,2,004,"US 101 N/B",SR-1,2112.00,S,N,B,-,Y,,,,,,,,,,Y,4,0,1,1,A,-,03,22350,,N,F,A,A,B,H,-,A,D,0,,,,,Y,,D,22,0,0,1,0,0,0,0,0,0,"- ","- ",34.499270000000003,-120.23033,"SANTA BARBARA",UNINCORPORATED,-120.22666107000001,34.503456700000001
90107241,2016,2016-02-02,9760,2016-01-23,1320,020366,,6,1,5,4203,0,3,5,,2,002,"PATTERSON AVE","CALLE REAL",120.00,S,N,A,-,N,,,,,,,,,,N,4,0,1,2,A,-,03,22350,,F,C,C,A,A,H,-,A,A,0,,,,,Y,,-,99,0,0,1,0,0,0,0,0,0,"- ","- ",34.443309999999997,-119.80840000000001,"SANTA BARBARA","SANTA BARBARA",-119.80823388,34.443304779999998
90107665,2016,2016-02-02,9760,2016-01-26,1405,017314,,2,2,9,4200,0,3,5,,2,005,"PARDALL ROAD","EMBARCADERO DEL NORTE",0.00,,Y,A,-,N,,,,,,,,,,N,3,0,2,2,A,-,09,21801,A,N,D,A,A,A,H,-,A,D,0,,Y,,,Y,,L,04,0,2,0,0,0,0,2,0,0,"- ","- ",34.413119999999999,-119.8554,"SANTA BARBARA",UNINCORPORATED,-119.85538993999999,34.413090050000001
90107751,2016,2016-02-02,9760,2016-01-28,2205,021061,,4,3,9,4200,0,1,2,,2,020,"US-101 N/B","TURNPIKE RD.",100.00,N,N,A,-,Y,,,101,,,,,,N,Y,4,0,2,3,A,-,03,22350,,N,C,C,A,A,H,-,C,D,0,,,,,Y,,A,01,0,0,2,0,0,0,0,0,0,"- ","- ",34.44218,-119.7916,"SANTA BARBARA",UNINCORPORATED,-119.7916043,34.442212089999998
90108493,2016,2016-02-03,9755,2016-01-18,1127,015973,,1,1,9,4200,0,1,3,,1,042,SR-154,"ZACA STATION RD.",2112.00,E,N,C,-,Y,,,154,,,,,,,Y,1,1,2,2,A,-,03,22350,,N,A,C,A,B,H,-,A,D,0,,,,,Y,,D,22,0,0,2,0,0,0,0,0,0,"- ","- ",34.680799999999998,-120.15394999999999,"SANTA BARBARA",UNINCORPORATED,-120.15394404,34.680823660000001
90108690,2016,2016-02-03,9760,2016-01-29,1600,018754,,5,2,9,4200,0,1,2,,2,020,"U.S. 101 S/B (EL CAMINO REAL)","TURNPIKE RD",528.00,S,N,A,-,Y,,,,,,,,,,N,4,0,1,2,A,-,03,22350,,N,C,C,A,A,H,-,A,D,0,,,,,Y,,A,07,0,0,1,0,0,0,0,0,0,"- ","- ",34.214399999999998,-119.3544,"SANTA BARBARA",UNINCORPORATED,-119.79115032,34.442081350000002
90108821,2016,2016-02-03,9750,2016-01-27,2310,018209,,3,3,9,4200,0,1,3,,1,023,"SR-135 N/B","BELL ROAD",184.00,N,N,A,-,Y,,,135,,,,,,N,Y,3,0,1,1,A,-,01,23152,A,N,E,I,A,A,H,-,D,D,0,,,,,Y,Y,A,07,0,1,0,0,0,0,0,0,0,"- ","- ",34.745280000000001,-120.2871,"SANTA BARBARA",UNINCORPORATED,-120.28709872,34.745288410000001
90109037,2016,2016-02-04,9760,2016-01-30,0912,018483,,6,1,9,4200,0,3,5,,2,001,"SAN YSIDRO ROAD","N. JAMESON LANE",0.00,,Y,A,-,N,,,,,,,,,,Y,3,0,1,2,A,-,09,21800,A,N,D,C,A,A,H,-,A,A,0,,,Y,,Y,,A,07,0,1,0,0,0,0,0,0,1,"- ","- ",34.423009999999998,-119.63148,"SANTA BARBARA",UNINCORPORATED,-119.63153991,34.422990110000001
90113767,2016,2016-02-11,9760,2016-02-07,1605,020473,,7,2,9,4200,0,3,5,,2,002,"HOLLISTER AVE. (4400 BLOCK)","NOGAL DR",50.00,W,N,A,-,N,,,,,,,,,,N,4,0,1,2,A,-,21,22106,,N,C,C,A,A,H,-,A,D,0,,,,,Y,,A,01,0,0,1,0,0,0,0,0,0,"- ","- ",34.439990000000002,-119.77043,"SANTA BARBARA",UNINCORPORATED,-119.77114108000001,34.43997778
90113834,2016,2016-02-11,9760,2016-02-08,0720,015669,,1,1,9,4200,0,1,3,,1,022,"STATE ROUTE 154 (SAN MARCOS PASS)","SALVAR ROAD",2640.00,W,N,A,-,Y,,,154,,,,,,,Y,4,0,1,2,A,-,03,22350,,N,C,C,A,A,H,-,A,D,0,,,,,Y,,A,01,0,0,1,0,0,0,0,0,0,"- ","- ",34.461419999999997,-119.77061999999999,"SANTA BARBARA",UNINCORPORATED,-119.77061243999999,34.461422669999997
90113968,2016,2016-02-11,9760,2016-02-09,0700,015669,,2,1,4,4214,0,1,2,,2,020,"U.S. 101 N/B TO PATTERSON AVENUE","PATTERSON AVE",25.00,S,N,A,-,Y,,,,,,,,,,N,4,0,1,2,A,-,21,22106,,N,C,C,A,A,H,-,A,D,0,,,,,Y,,A,07,0,0,1,0,0,0,0,0,0,"- ","- ",34.442599999999999,-119.80821,"SANTA BARBARA",GOLETA,-119.80844,34.441980000000001
90114964,2016,2016-02-15,9750,2016-02-09,0105,018209,,2,3,9,4200,0,1,2,,2,002,"US-101 S/B (EL CAMINO REAL)","PALMER RD",3696.00,N,N,A,-,Y,,,101,,,,,,S,Y,3,0,1,1,A,-,08,22107,,N,E,I,A,A,H,-,D,D,0,,,,,Y,,D,22,0,1,0,0,0,0,0,0,0,"- ","- ",34.826900000000002,-120.36121,"SANTA BARBARA",UNINCORPORATED,-120.361223,34.826884620000001
90114965,2016,2016-02-15,9750,2016-02-08,1634,017379,,1,2,9,4200,0,1,2,,2,002,"US-101 (N/B)","CAT CANYON RD",7920.00,N,N,A,-,Y,,,101,,,,,,,Y,4,0,1,2,A,-,09,21804,A,N,C,C,A,A,H,-,A,D,0,,,,,Y,,A,07,0,0,1,0,0,0,0,0,0,"- ","- ",34.771259999999998,-120.30744,"SANTA BARBARA",UNINCORPORATED,-120.30740898000001,34.771285890000001
90115288,2016,2016-02-15,9750,2016-02-12,0720,013267,,5,1,9,4200,0,3,5,,2,020,SR-1,"SAN ANTONIO RD EAST",3168.00,N,N,A,-,Y,,,1,,,,,,,Y,3,0,1,1,A,-,08,22107,,N,F,A,A,A,H,-,A,D,0,,,,,Y,,A,01,0,1,0,0,0,0,0,0,0,"- ","- ",34.779339999999998,-120.47599,"SANTA BARBARA",UNINCORPORATED,-120.47599227000001,34.7792593
90115733,2016,2016-02-18,9755,2016-02-10,1350,016999,,3,1,9,4200,0,1,3,,1,042,SR-154,"FOXEN CANYON RD",0.00,,Y,A,-,Y,,,154,,,,,,,Y,4,0,1,2,A,-,09,21802,A,N,D,C,A,A,H,-,A,D,0,,,,,Y,,D,22,0,0,1,0,0,0,0,0,0,"- ","- ",34.668010000000002,-120.12293,"SANTA BARBARA",UNINCORPORATED,-120.12292324000001,34.668042200000002
90115783,2016,2016-02-16,9755,2016-02-15,1159,018514,,1,1,9,4200,0,1,3,,2,041,SR-246,"REFUGIO RD",240.00,E,N,A,-,Y,,,246,,,,,,,Y,4,0,1,3,A,-,03,22350,,N,C,C,A,A,H,-,A,A,0,,,,,Y,,A,07,0,0,1,0,0,0,0,0,0,"- ","- ",34.606140000000003,-120.09820999999999,"SANTA BARBARA",UNINCORPORATED,-120.09820601,34.60661829
90119104,2016,2016-02-18,9755,2016-02-12,1730,012436,,5,2,9,4200,0,1,3,,1,042,SR-154,"MEADOWVALE RD",1039.00,W,N,A,-,Y,,,154,,,,,,,Y,3,0,1,1,A,-,01,23152,,N,E,I,A,A,H,-,A,D,0,,,,,Y,Y,A,01,0,1,0,0,0,0,0,0,0,"- ","- ",34.625729999999997,-120.07344000000001,"SANTA BARBARA",UNINCORPORATED,-120.07332833,34.625864280000002
90119187,2016,2016-02-18,9750,2016-02-15,0309,020121,,1,3,9,4200,0,1,3,,1,022,"SR-1 N/B","SAN ANTONIO RD.",0.00,,Y,A,-,Y,,,1,,,,,,N,Y,4,0,1,2,A,-,12,22450,A,N,D,C,A,A,H,-,D,A,0,,,,,Y,,A,01,0,0,1,0,0,0,0,0,0,"- ","- ",34.774940000000001,-120.48717000000001,"SANTA BARBARA",UNINCORPORATED,-120.48718347000001,34.774983450000001
90119195,2016,2016-02-22,9750,2016-02-16,1723,018616,,2,2,9,4200,0,1,2,,2,002,"US-101 NORTHBOUND","PALMER RD",1056.00,N,N,A,-,Y,,,101,,,,,,N,Y,3,0,1,1,A,-,08,22107,,N,F,A,A,A,H,-,A,D,0,,,,,Y,,A,01,0,1,0,0,0,0,0,0,0,"- ","- ",34.796680000000002,-120.33911999999999,"SANTA BARBARA",UNINCORPORATED,-120.33893564,34.796843539999998
90131031,2016,2016-03-07,9760,2016-02-27,2004,018754,,6,2,5,4203,0,1,2,,2,011,"U.S. 101 S/B (EL CAMINO REAL)","CABRILLO BLVD.",1000.00,S,N,A,-,Y,,,,,,,,,,Y,3,0,1,2,C,-,18,,,N,H,C,A,A,H,-,C,D,0,,,,,Y,,-,"- ",0,1,0,0,0,0,0,0,0,"- ","- ",34.251899999999999,-119.39100000000001,"SANTA BARBARA","SANTA BARBARA",-119.65187890999999,34.421564240000002
90131505,2016,2016-03-08,9755,2016-03-03,2250,019464,,4,3,9,4200,0,1,3,,1,042,"SR-154 EASTBOUND","ZACA STATION ROAD",500.00,E,N,B,-,Y,,,,,,,,,,Y,4,0,1,1,A,-,03,22350,,N,E,I,A,A,H,-,C,D,0,,,,,Y,,D,22,0,0,1,0,0,0,0,0,0,"- ","- ",34.416690000000003,-120.90155,"SANTA BARBARA",UNINCORPORATED,-120.15510707999999,34.685668829999997
90131567,2016,2016-03-08,9755,2016-03-07,0850,015973,,1,1,9,4200,0,1,3,,1,055,SR-1,"CALIFORNIA BLVD",1584.00,N,N,C,-,Y,,,,,,,,,,Y,3,0,1,1,A,-,08,22107,,N,F,A,A,B,H,-,A,D,0,,,,,Y,,D,22,0,1,0,0,0,0,0,0,0,"- ","- ",34.753959999999999,-120.51093,"SANTA BARBARA",UNINCORPORATED,-120.51648827,34.753672739999999
90131576,2016,2016-03-08,9750,2016-03-07,0650,014358,,1,1,9,4200,0,1,3,,1,023,"RT 135","HARRIS GRADE ROAD",285.00,S,N,C,-,Y,,,135,,,,,,,Y,4,0,1,1,A,-,08,22107,,N,E,I,A,B,H,-,A,D,0,,,,,Y,,A,07,0,0,1,0,0,0,0,0,0,"- ","- ",34.76632,-120.42393,"SANTA BARBARA",UNINCORPORATED,-120.42390623,34.766372750000002
90132084,2016,2016-03-08,9750,2016-03-02,1400,016170,,3,2,9,4200,0,1,3,,1,021,"SR-135 S/B","UNION VALLEY PARKWAY",45.00,N,N,A,-,Y,,,135,,,,,,S,N,4,0,2,3,A,-,03,22350,,N,C,C,A,A,H,-,A,A,0,,,,,Y,,A,07,0,0,2,0,0,0,0,0,0,"- ","- ",34.879759999999997,-120.43646,"SANTA BARBARA",UNINCORPORATED,-120.43667413,34.879760689999998
90132309,2016,2016-03-09,9760,2016-03-04,0815,019446,,5,1,9,4200,0,1,3,,1,014,"SR-192 (FOOTHILL RD)","CRAVENS LN.",720.00,E,N,A,-,Y,,,192,,,,,,,N,4,0,1,2,A,-,03,22350,,N,C,C,A,A,H,-,A,A,0,,,,,Y,,A,08,0,0,1,0,0,0,0,0,0,"- ","- ",34.414900000000003,-119.5361,"SANTA BARBARA",UNINCORPORATED,-119.53608190999999,34.414978900000001
90132472,2016,2016-03-09,9750,2016-02-27,0400,020323,,6,3,9,4200,0,1,2,,2,003,"US-101 S/B (EL CAMINO REAL)",SR-135,3105.00,S,N,E,-,Y,,,101,,,,,,S,Y,4,0,1,1,A,-,01,23152,E,N,E,I,A,A,H,-,D,D,0,,,,,Y,,A,01,0,0,1,0,0,0,0,0,0,"- ","- ",34.737580000000001,-120.26253,"SANTA BARBARA",UNINCORPORATED,-120.26251535999999,34.73764311
90132901,2016,2016-03-09,9755,2016-03-05,0600,016058,,6,1,9,4200,0,1,3,,1,042,SR-154,"ZACA STATION RD",528.00,E,N,C,-,Y,,,154,,,,,,,Y,4,0,1,1,A,-,08,22107,,N,F,A,A,B,H,-,D,D,0,,,,,Y,,A,07,0,0,1,0,0,0,0,0,0,"- ","- ",34.685000000000002,-120.15554,"SANTA BARBARA",UNINCORPORATED,-120.15546558,34.68495412