CASE_ID,ACCIDENT_YEAR,PROC_DATE,JURIS,COLLISION_DATE,COLLISION_TIME,OFFICER_ID,REPORTING_DISTRICT,DAY_OF_WEEK,CHP_SHIFT,POPULATION,CNTY_CITY_LOC,SPECIAL_COND,BEAT_TYPE,CHP_BEAT_TYPE,CITY_DIVISION_LAPD,CHP_BEAT_CLASS,BEAT_NUMBER,PRIMARY_RD,SECONDARY_RD,DISTANCE,DIRECTION,INTERSECTION,WEATHER_1,WEATHER_2,STATE_HWY_IND,CALTRANS_COUNTY,CALTRANS_DISTRICT,STATE_ROUTE,ROUTE_SUFFIX,POSTMILE_PREFIX,POSTMILE,LOCATION_TYPE,RAMP_INTERSECTION,SIDE_OF_HWY,TOW_AWAY,COLLISION_SEVERITY,NUMBER_KILLED,NUMBER_INJURED,PARTY_COUNT,PRIMARY_COLL_FACTOR,PCF_CODE_OF_VIOL,PCF_VIOL_CATEGORY,PCF_VIOLATION,PCF_VIOL_SUBSECTION,HIT_AND_RUN,TYPE_OF_COLLISION,MVIW,PED_ACTION,ROAD_SURFACE,ROAD_COND_1,ROAD_COND_2,LIGHTING,CONTROL_DEVICE,CHP_ROAD_TYPE,PEDESTRIAN_ACCIDENT,BICYCLE_ACCIDENT,MOTORCYCLE_ACCIDENT,TRUCK_ACCIDENT,NOT_PRIVATE_PROPERTY,ALCOHOL_INVOLVED,STWD_VEHTYPE_AT_FAULT,CHP_VEHTYPE_AT_FAULT,COUNT_SEVERE_INJ,COUNT_VISIBLE_INJ,COUNT_COMPLAINT_PAIN,COUNT_PED_KILLED,COUNT_PED_INJURED,COUNT_BICYCLIST_KILLED,COUNT_BICYCLIST_INJURED,COUNT_MC_KILLED,COUNT_MC_INJURED,PRIMARY_RAMP,SECONDARY_RAMP,LATITUDE,LONGITUDE,COUNTY,CITY,POINT_X,POINT_Y
90134166,2016,2016-05-18,9760,2016-03-02,0640,16739,,3,1,9,4200,0,1,2,,2,010,"US-101 N/B (EL CAMINO REAL)","SHEFFIELD DR.",1584.00,S,N,A,-,Y,,,101,,,,,,N,Y,4,0,2,3,A,-,03,22350,,N,C,C,A,A,H,-,A,D,0,,,,,Y,,A,07,0,0,2,0,0,0,0,0,0,"- ","- ",34.421059999999997,-119.60833,"SANTA BARBARA",UNINCORPORATED,-119.60833906000001,34.421012619999999
90134234,2016,2016-03-11,9750,2016-02-24,0720,014753,,3,1,9,4200,0,2,4,,1,024,"SANTA MARIA WAY","BRADLEY ROAD",20.00,W,N,A,-,N,,,,,,,,,,N,4,0,1,2,D,-,00,,,N,C,C,A,A,H,-,A,D,0,,,,,Y,,-,"- ",0,0,1,0,0,0,0,0,0,"- ","- ",34.89555,-120.42271,"SANTA BARBARA",UNINCORPORATED,-120.42248180999999,34.895430599999997
90134438,2016,2016-03-11,9755,2016-03-05,1420,016988,,6,2,9,4200,0,1,2,,2,004,"US-101 N/B",SR-1,5808.00,S,N,B,C,Y,,,101,,,,,,N,Y,4,0,1,1,A,-,03,22350,,N,E,I,A,B,H,-,A,D,0,,,,,Y,,A,07,0,0,1,0,0,0,0,0,0,"- ","- ",34.490220000000001,-120.22584999999999,"SANTA BARBARA",UNINCORPORATED,-120.22595407,34.490214629999997
90109410,2016,2016-02-04,9750,2016-02-02,1705,016874,,2,2,9,4200,0,1,2,,2,003,"US-101 N/B (EL CAMINO REAL)","CAT CANYON RD",993.00,N,N,B,-,Y,,,101,,,,,,N,Y,4,0,1,1,A,-,08,22107,,N,F,A,A,A,H,-,A,D,0,,,,,Y,,A,01,0,0,1,0,0,0,0,0,0,"- ","- ",34.758789999999998,-120.29694000000001,"SANTA BARBARA",UNINCORPORATED,-120.29711473,34.758583000000002
90109473,2016,2016-02-04,9750,2016-02-02,1900,017616,,2,2,5,4204,0,1,2,,2,001,"US-101 S/B (EL CAMINO REAL)","ALVIN AVE",1000.00,N,N,B,-,Y,,,101,,,,,,S,Y,4,0,1,1,A,-,08,22107,,N,E,I,A,A,H,-,D,D,0,,,,,Y,,A,01,0,0,1,0,0,0,0,0,0,"- ","- ",34.961509999999997,-120.41936,"SANTA BARBARA","SANTA MARIA",-120.41931658999999,34.961535529999999
90139429,2016,2016-03-18,9755,2016-03-14,1508,014934,,1,2,9,4200,0,1,3,,1,055,SR-1,"SANTA LUCIA CANYON RD",0.00,,Y,A,-,Y,,,1,,,,,,,N,4,0,1,2,A,-,09,21802,A,N,F,A,A,A,H,-,A,A,0,,,Y,,Y,,A,01,0,0,1,0,0,0,0,0,1,"- ","- ",34.713140000000003,-120.48915,"SANTA BARBARA",UNINCORPORATED,-120.48917022000001,34.713134089999997
90139433,2016,2016-03-18,9755,2016-03-10,1319,016058,,4,1,9,4200,0,1,3,,2,041,SR-246,"REFUGIO RD",127.00,E,N,A,-,Y,,,246,,,,,,,N,4,0,1,2,A,-,03,22350,,N,C,C,A,A,H,-,A,A,0,,,,,Y,,D,22,0,0,1,0,0,0,0,0,0,"- ","- ",34.606650000000002,-120.09753000000001,"SANTA BARBARA",UNINCORPORATED,-120.09753101,34.606604189999999
90139677,2016,2016-03-18,9755,2016-03-11,2255,020202,,5,3,9,4200,0,3,5,,2,050,"HARRIS GRADE RD","RUCKER RD",6336.00,N,N,A,-,N,,,,,,,,,,Y,2,0,1,1,A,-,01,23152,A,N,E,I,A,B,H,-,D,D,0,,,,,Y,Y,A,01,1,0,0,0,0,0,0,0,0,"- ","- ",34.727670000000003,-120.4395,"SANTA BARBARA",UNINCORPORATED,-120.43904757999999,34.726962210000003
90140232,2016,2016-05-04,9750,2016-03-13,2215,016874,,7,3,9,4200,0,1,3,,1,021,"SR-135 S/B","CLARK AVENUE",3696.00,S,N,B,C,Y,,,135,,,,,,S,Y,3,0,1,1,A,-,08,22107,,N,F,A,A,B,H,-,D,D,0,,,,,Y,,A,01,0,1,0,0,0,0,0,0,0,"- ","- ",34.858159999999998,-120.44177000000001,"SANTA BARBARA",UNINCORPORATED,-120.44178125000001,34.858241229999997
90140610,2016,2016-03-21,9760,2016-03-06,0100,020483,,7,3,5,4203,0,1,2,,2,011,"US-101 N/B","STATE ST.",20.00,S,N,C,-,Y,,,,,,,,,,Y,2,0,1,1,A,-,01,23152,A,N,E,I,A,B,H,-,C,D,0,,,,,Y,Y,A,01,1,0,0,0,0,0,0,0,0,"- ","- ",34.439999999999998,-119.4555,"SANTA BARBARA","SANTA BARBARA",-119.75550086,34.44026315
90140672,2016,2016-07-20,9760,2016-03-10,1226,16739,,4,1,5,4203,0,1,2,,2,011,"US-101 S/B (EL CAMINO REAL)","MILPAS ST.",1056.00,N,N,A,-,Y,,,101,,,,,,S,Y,1,1,3,2,A,-,03,22350,,N,C,C,A,A,B,C,A,D,0,,,,,Y,,A,01,0,1,2,0,0,0,0,0,0,"- ","- ",34.420020000000001,-119.68034,"SANTA BARBARA","SANTA BARBARA",-119.6803415,34.420038959999999
90140786,2016,2016-03-22,9760,2016-03-10,1310,017253,,4,1,9,4200,0,1,2,,2,010,"U.S.-101 S/B (EL CAMINO REAL)","PADARO LN",3364.00,S,N,A,-,Y,,,,,,,,,,Y,4,0,1,2,A,-,03,22350,,F,C,C,A,A,H,-,A,D,0,,,,Y,Y,,G,25,0,0,1,0,0,0,0,0,0,"- ","- ",34.405830000000002,-119.5423,"SANTA BARBARA",UNINCORPORATED,-119.57162906000001,34.415959610000002
90141318,2016,2016-03-22,9760,2016-03-11,1230,020777,,5,1,9,4200,0,3,5,,2,002,"STATE ROUTE-154","E. CAMINO CIELO ROAD",1584.00,N,N,C,-,Y,,,154,,,,,,,Y,3,0,1,1,A,-,03,22350,,N,E,I,A,B,H,-,A,D,0,,,,,Y,,A,01,0,1,0,0,0,0,0,0,0,"- ","- ",34.513100000000001,-119.8246,"SANTA BARBARA",UNINCORPORATED,-119.82461524,34.513097270000003
90141562,2016,2016-03-22,9760,2016-03-12,1245,019831,,6,1,9,4200,0,1,2,,2,010,"US-101 NB (EL CAMINO REAL)","SAN YSIDRO ROAD",674.00,S,N,A,-,Y,,,,,,,,,,Y,4,0,1,2,A,-,03,22350,,N,C,C,A,A,H,-,A,D,0,,,,,Y,,D,22,0,0,1,0,0,0,0,0,0,"- ","- ",34.2515,-119.37130000000001,"SANTA BARBARA",UNINCORPORATED,-119.62943762,34.421873929999997
90119565,2016,2016-03-08,9750,2016-02-05,2053,020323,,5,2,5,4204,0,1,2,,2,001,"US-101 N/B (EL CAMINO REAL)","MAIN ST",622.00,N,N,A,-,Y,,,101,,,,,,N,Y,4,0,1,2,A,-,08,22107,,N,D,C,A,A,H,-,C,D,0,,,,,Y,,A,07,0,0,1,0,0,0,0,0,0,"- ","- ",34.954369999999997,-120.4171,"SANTA BARBARA","SANTA MARIA",-120.41717946999999,34.954370519999998
90119709,2016,2016-02-22,9760,2016-02-11,0747,16739,,4,1,5,4203,0,1,2,,2,020,"US-101 S/B (EL CAMINO REAL)","SR-154 (SAN MARCOS PASS RD.)",184.00,N,N,A,-,Y,,,101,,,,,,S,Y,4,0,1,3,A,-,03,22350,,N,C,C,A,A,H,-,A,D,0,,,,,Y,,A,01,0,0,1,0,0,0,0,0,0,"- ","- ",34.441049999999997,-119.76067,"SANTA BARBARA","SANTA BARBARA",-119.76067474,34.441127389999998
90119729,2016,2016-02-22,9760,2016-02-12,1600,012263,,5,2,9,4200,0,1,2,,2,020,"US-101 S/B",SR-154,1325.00,N,N,A,-,Y,,,101,,,,,,S,N,4,0,1,2,A,-,03,22350,,N,C,C,A,A,H,-,A,D,0,,,,,Y,,D,22,0,0,1,0,0,0,0,0,0,"- ","- ",34.440820000000002,-119.76457000000001,"SANTA BARBARA",UNINCORPORATED,-119.76457474,34.440958430000002
90119731,2016,2016-02-22,9750,2016-02-12,1835,012697,,5,2,9,4200,0,2,4,,1,024,"UNION VALLEY PARKWAY","RIDGECREST ST",0.00,,Y,A,-,N,,,,,,,,,,Y,4,0,1,2,A,-,03,22350,,N,D,C,A,A,H,-,D,D,0,,,,,Y,,A,01,0,0,1,0,0,0,0,0,0,"- ","- ",34.87932,-120.42352,"SANTA BARBARA",UNINCORPORATED,-120.42352993,34.879280000000001
90119761,2016,2016-02-22,9750,2016-02-18,1110,016874,,4,1,9,4200,1,3,5,,2,020,"BETHANY LANE","CLARK AVENUE",94.00,N,N,A,-,N,,,,,,,,,,N,4,0,2,2,A,-,21,22106,,N,H,C,A,A,H,-,A,D,0,,,,,Y,,H,13,0,0,2,0,0,0,0,0,0,"- ","- ",34.865540000000003,-120.4332,"SANTA BARBARA",UNINCORPORATED,-120.43326820999999,34.865318189999996
90120551,2016,2016-05-24,9755,2016-02-17,2000,017255,,3,2,9,4200,0,1,2,,2,004,"US-101 N/B","GAVIOTA TUNNEL",5280.00,N,N,A,-,Y,,,101,,,,,,N,Y,2,0,1,1,A,-,03,22350,,N,E,I,A,B,H,-,D,D,0,,,,,Y,,A,01,1,0,0,0,0,0,0,0,0,"- ","- ",34.493940000000002,-120.2282,"SANTA BARBARA",UNINCORPORATED,-120.22819018,34.49396634
90120864,2016,2016-02-22,9750,2016-02-19,2005,020323,,5,2,5,4204,0,1,2,,2,001,"US-101 N/B (EL CAMINO REAL)","BROADWAY ST",652.00,S,N,A,-,Y,,,101,,,,,,N,N,4,0,1,3,A,-,13,22515,A,N,G,B,E,A,H,-,C,D,0,Y,,,Y,Y,,F,55,0,0,1,0,1,0,0,0,0,"- ","- ",34.977249999999998,-120.42878,"SANTA BARBARA","SANTA MARIA",-120.42877617000001,34.977252380000003
90121197,2016,2016-02-22,9750,2016-02-21,0500,015514,,7,3,9,4200,0,3,5,,2,010,"SIMAS ROAD","MAIN STREET (SR-166)",3168.00,N,N,E,-,N,,,,,,,,,,Y,3,0,1,1,A,-,08,22107,,N,E,I,A,A,H,-,D,D,0,,,,,Y,,A,01,0,1,0,0,0,0,0,0,0,"- ","- ",34.966920000000002,-120.55835,"SANTA BARBARA",UNINCORPORATED,-120.55816559,34.966121690000001
90121426,2016,2016-02-23,9760,2016-02-12,1025,018019,,5,1,9,4200,0,3,5,,2,002,"GRANADA WAY","MALAGA CIR",0.00,,Y,A,-,N,,,,,,,,,,N,3,0,1,2,A,-,12,22450,A,N,D,G,A,A,H,-,A,D,0,,Y,,,Y,,L,04,0,1,0,0,0,0,1,0,0,"- ","- ",34.445619999999998,-119.78354,"SANTA BARBARA",UNINCORPORATED,-119.78350989,34.44567009
90121542,2016,2016-02-23,9755,2016-02-22,1620,015973,,1,2,9,4200,0,1,3,,2,041,SR-246,"BALLARD CANYON RD",528.00,E,N,A,-,Y,,,246,,,,,,,N,4,0,2,2,A,-,03,22350,,N,C,C,A,A,H,-,A,D,0,,,,,Y,,A,01,0,0,2,0,0,0,0,0,0,"- ","- ",34.607669999999999,-120.17856,"SANTA BARBARA",UNINCORPORATED,-120.17858527999999,34.607615440000004
90121654,2016,2016-02-23,9760,2016-02-14,1735,020366,,7,2,4,4214,0,1,2,,1,040,"US-101 S/B","ARROYO QUEMADA LN",1400.00,E,N,A,-,Y,,,,,,,,,,Y,3,0,1,1,A,-,08,22107,,N,F,A,A,A,H,-,A,D,0,,,,,Y,,A,07,0,1,0,0,0,0,0,0,0,"- ","- ",34.463720000000002,-120.09918999999999,"SANTA BARBARA",GOLETA,-120.12014945,34.472060560000003
90134620,2016,2016-03-11,9760,2016-03-04,0505,020483,,5,3,5,4203,0,1,2,,2,011,"US-101 N/B TO CABRILLO BLVD.","CABRILLO BLVD",900.00,S,N,A,-,Y,,,,,,,,,,Y,4,0,1,3,A,-,03,22350,,N,C,C,A,A,H,-,C,D,0,,,,,Y,,D,22,0,0,1,0,0,0,0,0,0,"- ","- ",34.251899999999999,-119.39149999999999,"SANTA BARBARA","SANTA BARBARA",-119.65160639,34.421756350000003
90134730,2016,2016-03-11,9760,2016-03-05,0935,018019,,6,1,9,4200,0,3,5,,2,001,"ORTEGA HILL RD","SHEFFIELD DR.",1056.00,E,N,C,-,N,,,,,,,,,,Y,4,0,1,2,A,-,03,22350,,N,A,C,A,B,H,-,A,D,0,,,,,Y,,D,22,0,0,1,0,0,0,0,0,0,"- ","- ",34.423740000000002,-119.61064,"SANTA BARBARA",UNINCORPORATED,-119.61010388,34.423850000000002
90135766,2016,2016-03-14,9755,2016-03-12,1100,017884,,6,1,9,4200,0,3,5,,2,040,"BALLARD CANYON RD","LOS OLIVES MEADOWS RD",1056.00,S,N,A,-,N,,,,,,,,,,N,4,0,1,1,A,-,03,22350,,N,F,A,A,A,B,H,A,D,0,,Y,,,Y,,L,04,0,0,1,0,0,0,1,0,0,"- ","- ",34.664990000000003,-120.12739999999999,"SANTA BARBARA",UNINCORPORATED,-120.12843153999999,34.665259949999999
90136057,2016,2016-03-14,9760,2016-03-03,2140,020226,,4,2,9,4200,0,2,4,,1,021,"HOLLISTER AVE","TURNPIKE ROAD",0.00,,Y,A,-,N,,,,,,,,,,Y,4,0,1,2,A,-,09,21453,C,N,D,C,A,A,H,-,C,A,0,,,,,Y,,D,22,0,0,1,0,0,0,0,0,0,"- ","- ",34.436529999999998,-119.78955999999999,"SANTA BARBARA",UNINCORPORATED,-119.78944992,34.436640079999997
90136324,2016,2016-03-14,9750,2016-03-12,0710,013766,,6,1,9,4200,0,1,3,,1,021,"SR-135 N/B","LAKEVIEW RD",784.00,S,N,A,-,Y,,,135,,,,,,N,Y,4,0,3,2,A,-,01,23152,A,N,C,C,A,A,H,-,A,D,0,,,,,Y,Y,A,01,0,0,3,0,0,0,0,0,0,"- ","- ",34.892200000000003,-120.43640000000001,"SANTA BARBARA",UNINCORPORATED,-120.43646416,34.892200029999998
90136399,2016,2016-03-15,9760,2016-03-05,2240,020473,,6,3,9,4200,0,3,5,,2,005,"LOS CARNEROS RD.","EL COLEGIO RD.",20.00,N,N,C,-,N,,,,,,,,,,N,4,0,1,2,A,-,11,21954,A,N,G,B,D,B,H,-,C,A,0,Y,,,,Y,,N,60,0,0,1,0,1,0,0,0,0,"- ","- ",34.417560000000002,-119.86066,"SANTA BARBARA",UNINCORPORATED,-119.86067577999999,34.417354809999999
90136714,2016,2016-03-15,9760,2016-03-06,1140,018483,,7,1,9,4200,0,3,5,,2,002,"CALLE REAL","N. SAN ANTONIO ROAD",37.00,W,N,A,-,N,,,,,,,,,,N,3,0,2,2,A,-,05,21460,A,N,B,C,A,A,H,-,A,D,0,,,Y,,Y,,C,02,0,1,1,0,0,0,0,0,2,"- ","- ",34.442430000000002,-119.78194000000001,"SANTA BARBARA",UNINCORPORATED,-119.78183789000001,34.442407969999998
90136744,2016,2016-07-11,9750,2016-02-15,1320,017379,,1,1,9,4200,0,1,2,,2,003,"US-101 S/B (EL CAMINO REAL)","CAT CANYON ROAD",0.00,,Y,A,-,Y,,,101,,,,,,S,Y,1,1,5,2,A,-,09,21802,A,N,D,C,A,A,H,-,A,D,0,,,,,Y,,A,01,2,2,1,0,0,0,0,0,0,"- ","- ",34.756569999999996,-120.29452000000001,"SANTA BARBARA",UNINCORPORATED,-120.29445355,34.756694330000002
90137582,2016,2016-03-16,9760,2016-03-11,1540,020721,,5,2,9,4200,0,1,2,,2,010,"US-101 S/B","S. PADARO LN.",3168.00,N,N,B,-,Y,,,101,,,,,,S,Y,4,0,3,3,A,-,03,22350,,N,C,C,A,A,H,-,A,D,0,,,,,Y,,A,01,0,0,3,0,0,0,0,0,0,"- ","- ",34.416139999999999,-119.56162999999999,"SANTA BARBARA",UNINCORPORATED,-119.56162594,34.416180349999998
90137953,2016,2016-03-16,9760,2016-03-08,1640,018431,,2,2,3,4205,0,1,2,,2,010,"US-101 S/B",SR-150,300.00,S,N,A,-,Y,,,101,,,,,,S,Y,4,0,1,1,A,-,04,21703,,N,E,J,A,A,B,-,A,D,0,,,,,Y,,A,01,0,0,1,0,0,0,0,0,0,"- ","- ",34.383270000000003,-119.48411,"SANTA BARBARA",CARPINTERIA,-119.48413490999999,34.383240829999998
90138316,2016,2016-03-16,9750,2016-01-31,0607,014358,,7,1,9,4200,0,3,5,,2,030,"BETTERAVIA ROAD","NICHOLSON DRIVE",864.00,E,N,C,-,N,,,,,,,,,,Y,1,1,0,2,A,-,11,21956,,N,G,B,E,B,H,-,D,D,0,Y,,,,Y,,N,60,0,0,0,1,0,0,0,0,0,"- ","- ",34.923690000000001,-120.41266,"SANTA BARBARA",UNINCORPORATED,-120.41263194,34.923679839999998
90141582,2016,2016-03-22,9760,2016-03-12,0950,019831,,6,1,9,4200,0,1,3,,1,015,"SR-150 E/B",SR-192,284.00,E,N,A,-,Y,,,150,,,,,,E,Y,4,0,1,2,A,-,21,22106,,N,D,C,A,A,H,-,A,D,0,,,,,Y,,A,01,0,0,1,0,0,0,0,0,0,"- ","- ",34.391579999999998,-119.46244,"SANTA BARBARA",UNINCORPORATED,-119.46242954,34.391570960000003
90142139,2016,2016-03-23,9760,2016-03-12,0005,020473,,6,3,9,4200,0,3,5,,2,005,"CAMINO DEL SUR (900 BLOCK)","PASADO RD.",30.00,N,N,A,-,N,,,,,,,,,,N,3,0,1,2,A,-,05,21650,,N,H,G,A,A,H,-,C,D,0,,Y,,,Y,,L,04,0,1,0,0,0,0,1,0,0,"- ","- ",34.411799999999999,-119.8626,"SANTA BARBARA",UNINCORPORATED,-119.86257913999999,34.411782379999998
90142269,2016,2016-03-23,9755,2016-03-20,1847,019464,,7,2,9,4200,0,3,5,,2,040,"BALLARD CANYON ROAD","CROFT LANE",158.00,N,N,A,-,N,,,,,,,,,,Y,3,0,1,1,A,-,01,23152,A,N,E,I,A,A,H,-,A,D,0,,,,,Y,Y,A,07,0,1,0,0,0,0,0,0,0,"- ","- ",34.616729999999997,-120.16943999999999,"SANTA BARBARA",UNINCORPORATED,-120.1694,34.616759999999999
90142689,2016,2016-03-24,9760,2016-03-13,1518,020029,,7,2,9,4200,0,1,2,,2,010,"US-101 NORTHBOUND","SAN YSIDRO RD",500.00,S,N,B,-,Y,,,101,,,,,,N,Y,4,0,1,2,A,-,03,22350,,N,C,C,A,A,H,-,A,D,0,,,,,Y,,A,01,0,0,1,0,0,0,0,0,0,"- ","- ",34.422040000000003,-119.63057999999999,"SANTA BARBARA",UNINCORPORATED,-119.63053589,34.422185710000001
90142804,2016,2016-03-24,9750,2016-03-17,1412,015915,,4,2,9,4200,0,3,5,,2,020,"ANGELES ROAD","LAKEVIEW ROAD",108.00,S,N,A,-,N,,,,,,,,,,Y,3,0,1,2,A,-,01,23152,A,N,B,E,A,A,H,-,A,D,0,,,,,Y,Y,A,01,0,1,0,0,0,0,0,0,0,"- ","- ",34.89434,-120.42797,"SANTA BARBARA",UNINCORPORATED,-120.42801394999999,34.894213399999998
90142896,2016,2016-03-24,9760,2016-03-14,1210,015669,,1,1,9,4200,0,1,3,,1,022,"STATE ROUTE 154","PAINTED CAVE ROAD",528.00,W,N,A,-,Y,,,154,,,,,,,Y,4,0,1,2,A,-,08,22107,,N,B,C,A,A,H,-,A,D,0,,,,,Y,,A,01,0,0,1,0,0,0,0,0,0,"- ","- ",34.491669999999999,-119.79612,"SANTA BARBARA",UNINCORPORATED,-119.79615336000001,34.491605300000003
90142914,2016,2016-03-24,9760,2016-03-22,0750,015658,,2,1,4,4214,0,1,2,,1,030,"US 101 N/B (EL CAMINO REAL)","GLEN ANNIE RD",1500.00,S,N,A,-,Y,,,,,,,,,,Y,3,0,3,4,A,-,03,22350,,N,C,C,A,A,H,-,A,D,0,,,,,Y,,A,01,0,1,2,0,0,0,0,0,0,"- ","- ",34.436540000000001,-119.85988999999999,"SANTA BARBARA",GOLETA,-119.87554876999999,34.43316317
90142978,2016,2016-03-24,9760,2016-03-14,0748,018483,,1,1,9,4200,0,1,2,,2,010,"US-101 N/B","S. PADARO LANE U/C",3000.00,S,N,A,-,Y,,,101,,,,,,N,Y,4,0,1,3,A,-,03,22350,,N,C,C,A,A,H,-,A,D,0,,,,,Y,,D,22,0,0,1,0,0,0,0,0,0,"- ","- ",34.405990000000003,-119.54168,"SANTA BARBARA",UNINCORPORATED,-119.54168018999999,34.40597116
90143031,2016,2016-05-20,9760,2016-03-22,0859,019831,,2,1,9,4200,0,1,2,,2,020,"US-101 NB FROM EL SUENO ROAD","EL SUENO ROAD",68.00,W,N,A,-,Y,,,101,,,,R,,N,N,4,0,1,2,A,-,03,22350,,N,C,C,A,A,H,-,A,D,0,,,,,Y,,A,01,0,0,1,0,0,0,0,0,0,"- ","- ",34.441220000000001,-119.76979,"SANTA BARBARA",UNINCORPORATED,-119.76979,34.441220000000001
90143122,2016,2016-03-24,9760,2016-03-16,1822,020211,,3,2,5,4203,0,1,2,,2,011,"US-101 SOUTHBOUND","MISSION STREET",150.00,S,N,A,-,Y,,,101,,,,,,S,N,4,0,1,2,A,-,03,22350,,N,C,C,A,A,H,-,A,D,0,,,,,Y,,A,01,0,0,1,0,0,0,0,0,0,"- ","- ",34.425069999999998,-119.71986,"SANTA BARBARA","SANTA BARBARA",-119.71985943999999,34.425070949999999
90143156,2016,2016-03-24,9755,2016-03-22,1120,015281,,2,1,9,4200,0,3,5,,2,050,"SANTA ROSA RD","RT 1",21120.00,E,N,A,-,N,,,,,,,,,,N,3,0,1,1,A,-,08,22107,,N,F,I,A,A,H,-,A,D,0,,,Y,,Y,,C,06,0,1,0,0,0,0,0,0,1,"- ","- ",34.612789999999997,-120.3725,"SANTA BARBARA",UNINCORPORATED,-120.37138973,34.612743790000003
90121747,2016,2016-02-23,9760,2016-02-14,1240,019819,,7,1,9,4200,0,1,3,,1,016,SR-150,"RINCON HILL RD.",1056.00,E,N,A,-,Y,,,150,,,,,,,Y,3,0,2,1,A,-,08,22107,,N,F,A,A,A,H,-,A,D,0,,,Y,,Y,,C,02,0,2,0,0,0,0,0,0,2,"- ","- ",34.388089999999998,-119.46839,"SANTA BARBARA",UNINCORPORATED,-119.46845441000001,34.388195179999997
90121959,2016,2016-02-23,9760,2016-02-16,0758,014690,,2,1,4,4214,0,1,2,,1,030,"US-101 S/B","FAIRVIEW RD",1008.00,N,N,A,-,Y,,,101,,,,,,S,N,4,0,1,2,A,-,03,22350,,N,C,C,A,A,D,-,A,D,0,,,,,Y,,D,22,0,0,1,0,0,0,0,0,0,"- ","- ",34.439219999999999,-119.83658,"SANTA BARBARA",GOLETA,-119.83656816,34.439085929999997
90122039,2016,2016-02-23,9760,2016-02-15,1555,020366,,1,2,9,4200,0,1,2,,2,010,"US-101 N/B","SAN YSIDRO ROAD",925.00,S,N,A,-,Y,,,101,,,,,,N,Y,3,0,1,3,A,-,03,22350,,N,C,C,A,A,H,-,A,D,0,,,,,Y,,A,01,0,1,0,0,0,0,0,0,0,"- ","- ",34.421509999999998,-119.62839,"SANTA BARBARA",UNINCORPORATED,-119.6283859,34.421523489999998
90122198,2016,2016-02-23,9760,2016-02-15,0650,018483,,1,1,9,4200,0,1,2,,2,020,"US-101 S/B","SR-154 O/C",2900.00,N,N,A,-,Y,,,101,,,,,,S,Y,3,0,1,1,A,-,01,23152,A,N,E,I,A,A,H,-,A,D,0,,,,,Y,Y,A,01,0,1,0,0,0,0,0,0,0,"- ","- ",34.440869999999997,-119.76851000000001,"SANTA BARBARA",UNINCORPORATED,-119.76850946,34.44082281
90123048,2016,2016-02-24,9760,2016-02-17,1800,018754,,3,2,5,4203,0,1,2,,2,020,"U.S. 101 S/B (EL CAMINO REAL)","LA CUMBRE RD",300.00,S,N,B,-,Y,,,,,,,,,,N,4,0,1,3,A,-,03,22350,,F,C,C,A,B,H,-,C,D,0,,,,,Y,Y,-,99,0,0,1,0,0,0,0,0,0,"- ","- ",34.353400000000001,-119.5723,"SANTA BARBARA","SANTA BARBARA",-119.75096024,34.436118919999998
90123296,2016,2016-02-24,9750,2016-02-21,1730,016170,,7,2,5,4204,0,1,2,,2,001,"US-101 S/B (EL CAMINO REAL)","JONES ST",150.00,S,N,A,-,Y,,,101,,,,,,S,N,4,0,2,2,A,-,03,22350,,N,C,C,A,A,H,-,A,D,0,,,,,Y,,A,07,0,0,2,0,0,0,0,0,0,"- ","- ",34.9452,-120.41784,"SANTA BARBARA","SANTA MARIA",-120.41781161999999,34.945198759999997
90123676,2016,2016-02-25,9760,2016-02-24,0735,015669,,3,1,3,4205,0,1,2,,2,010,"U.S. 101 N/B",SR-150,1584.00,N,N,A,-,Y,,,,,,,,,,N,4,0,1,3,A,-,03,22350,,N,C,C,A,A,H,-,A,D,0,,,,,Y,,A,07,0,0,1,0,0,0,0,0,0,"- ","- ",34.386099999999999,-119.49051,"SANTA BARBARA",CARPINTERIA,-119.48921441,34.385655649999997