CASE_ID,ACCIDENT_YEAR,PROC_DATE,JURIS,COLLISION_DATE,COLLISION_TIME,OFFICER_ID,REPORTING_DISTRICT,DAY_OF_WEEK,CHP_SHIFT,POPULATION,CNTY_CITY_LOC,SPECIAL_COND,BEAT_TYPE,CHP_BEAT_TYPE,CITY_DIVISION_LAPD,CHP_BEAT_CLASS,BEAT_NUMBER,PRIMARY_RD,SECONDARY_RD,DISTANCE,DIRECTION,INTERSECTION,WEATHER_1,WEATHER_2,STATE_HWY_IND,CALTRANS_COUNTY,CALTRANS_DISTRICT,STATE_ROUTE,ROUTE_SUFFIX,POSTMILE_PREFIX,POSTMILE,LOCATION_TYPE,RAMP_INTERSECTION,SIDE_OF_HWY,TOW_AWAY,COLLISION_SEVERITY,NUMBER_KILLED,NUMBER_INJURED,PARTY_COUNT,PRIMARY_COLL_FACTOR,PCF_CODE_OF_VIOL,PCF_VIOL_CATEGORY,PCF_VIOLATION,PCF_VIOL_SUBSECTION,HIT_AND_RUN,TYPE_OF_COLLISION,MVIW,PED_ACTION,ROAD_SURFACE,ROAD_COND_1,ROAD_COND_2,LIGHTING,CONTROL_DEVICE,CHP_ROAD_TYPE,PEDESTRIAN_ACCIDENT,BICYCLE_ACCIDENT,MOTORCYCLE_ACCIDENT,TRUCK_ACCIDENT,NOT_PRIVATE_PROPERTY,ALCOHOL_INVOLVED,STWD_VEHTYPE_AT_FAULT,CHP_VEHTYPE_AT_FAULT,COUNT_SEVERE_INJ,COUNT_VISIBLE_INJ,COUNT_COMPLAINT_PAIN,COUNT_PED_KILLED,COUNT_PED_INJURED,COUNT_BICYCLIST_KILLED,COUNT_BICYCLIST_INJURED,COUNT_MC_KILLED,COUNT_MC_INJURED,PRIMARY_RAMP,SECONDARY_RAMP,LATITUDE,LONGITUDE,COUNTY,CITY,POINT_X,POINT_Y
90123754,2016,2016-02-25,9760,2016-02-23,0704,019819,,2,1,9,4200,0,1,2,,2,010,"US-101 S/B","BAILARD AVE",1056.00,N,N,A,-,Y,,,101,,,,,,S,Y,4,0,1,1,A,-,08,22107,,N,F,A,A,A,H,-,A,D,0,,,,,Y,,A,01,0,0,1,0,0,0,0,0,0,"- ","- ",34.390520000000002,-119.50543,"SANTA BARBARA",UNINCORPORATED,-119.50540580000001,34.390596989999999
90123774,2016,2016-02-25,9760,2016-02-21,1526,020211,,7,2,9,4200,0,3,5,,2,001,"GIBRALTAR ROAD","EL CIELITO ROAD",5280.00,N,N,A,-,N,,,,,,,,,,N,2,0,1,1,A,-,03,22350,,N,F,A,A,A,H,-,A,D,0,,Y,,,Y,,L,04,1,0,0,0,0,0,1,0,0,"- ","- ",34.460929999999998,-119.68356,"SANTA BARBARA",UNINCORPORATED,-119.68513442,34.461237789999998
90123821,2016,2016-02-25,9750,2016-02-22,1540,017379,,1,2,5,4204,0,1,2,,2,001,"N/B US-101 FROM BETTERAVIA RD.","BETTERAVIA RD.",425.00,N,N,A,-,Y,,,101,,,,R,,,Y,4,0,1,2,A,-,03,22350,,N,C,C,A,A,H,-,A,D,0,,,,,Y,,D,22,0,0,1,0,0,0,0,0,0,"- ","- ",34.92604,-120.41763,"SANTA BARBARA","SANTA MARIA",-120.41763,34.92604
90124001,2016,2016-02-25,9755,2016-02-12,1140,016999,,5,1,9,4200,0,3,5,,2,050,"PURISIMA RD","RUCKER RD",1047.00,E,N,A,-,N,,,,,,,,,,Y,4,0,1,2,A,-,03,22350,,N,C,C,A,A,H,-,A,D,0,,,,,Y,,A,01,0,0,1,0,0,0,0,0,0,"- ","- ",34.673430000000003,-120.43546000000001,"SANTA BARBARA",UNINCORPORATED,-120.43666811999999,34.673860640000001
90139032,2016,2016-03-17,9750,2016-03-16,0739,014820,,3,1,9,4200,0,1,3,,1,021,"SR-135 N/B","FOSTER ROAD",236.00,S,N,A,-,Y,,,135,,,,,,N,Y,4,0,1,2,A,-,03,22350,,N,C,C,A,A,H,-,A,D,0,,,,,Y,,A,01,0,0,1,0,0,0,0,0,0,"- ","- ",34.881450000000001,-120.43674,"SANTA BARBARA",UNINCORPORATED,-120.4365215,34.881449549999999
90155757,2016,2016-04-12,9760,2016-03-30,1656,018754,,3,2,9,4200,0,3,5,,2,001,"SAN YSIDRO RD.","EAST MOUNTAIN RD.",564.00,S,N,A,-,N,,,,,,,,,,N,3,0,1,2,A,-,09,21801,A,N,F,A,A,A,H,-,A,D,0,,Y,,,Y,,A,01,0,1,0,0,0,0,1,0,0,"- ","- ",34.44491,-119.63047,"SANTA BARBARA",UNINCORPORATED,-119.63041941,34.445034450000001
90156427,2016,2016-04-13,9760,2016-04-01,1638,020211,,5,2,5,4203,0,1,2,,2,011,"US-101 SOUTHBOUND","MICHELTORENA ST",250.00,N,N,A,-,Y,,,101,,,,,,S,Y,3,0,2,3,A,-,03,22350,,N,C,C,A,A,H,-,A,D,0,,,,,Y,,A,01,0,2,0,0,0,0,0,0,0,"- ","- ",34.42136,-119.71478,"SANTA BARBARA","SANTA BARBARA",-119.71477702999999,34.421363990000003
90156787,2016,2016-04-13,9760,2016-04-01,0729,018019,,5,1,9,4200,0,1,2,,2,010,"US-101  N/B (EL CAMINO REAL)","SHEFFIELD DR.",578.00,N,N,A,-,Y,,,101,,,,,,N,Y,3,0,2,3,A,-,08,22107,,N,B,C,A,A,H,-,A,D,0,,,,Y,Y,,A,01,0,1,1,0,0,0,0,0,0,"- ","- ",34.421799999999998,-119.61537,"SANTA BARBARA",UNINCORPORATED,-119.61536658999999,34.421773520000002
90156888,2016,2016-04-13,9760,2016-04-01,0036,020483,,5,3,9,4200,0,1,2,,2,020,"US 101 S/B TO TURNPIKE RD.","TURNPIKE RD.",55.00,N,N,A,-,Y,,,,,,,,,,Y,4,0,4,3,A,-,03,22350,,N,C,C,A,A,H,-,C,A,0,,,,,Y,Y,A,01,0,0,4,0,0,0,0,0,0,"- ","- ",34.441899999999997,-119.7895,"SANTA BARBARA",UNINCORPORATED,-119.78926,34.442239999999998
90156906,2016,2016-04-13,9760,2016-04-01,0955,018019,,5,1,9,4200,0,1,2,,2,010,"US-101 N/B (EL CAMINO REAL)","SANTA CLAUS LN.",945.00,S,N,A,-,Y,,,101,,,,,,N,N,3,0,1,2,A,-,03,22350,,N,C,C,A,A,H,-,A,D,0,,,Y,,Y,,C,02,0,1,0,0,0,0,0,0,1,"- ","- ",34.4069,-119.54728,"SANTA BARBARA",UNINCORPORATED,-119.54728396,34.406891960000003
90157112,2016,2016-04-13,9760,2016-04-02,1740,020777,,6,2,9,4200,0,1,2,,2,010,"US-101 S/B","SAN YSIDRO ROAD",300.00,S,N,A,-,Y,,,101,,,,,,S,Y,4,0,1,4,A,-,03,22350,,N,C,C,A,A,H,-,A,D,0,,,,,Y,,A,07,0,0,1,0,0,0,0,0,0,"- ","- ",34.421300000000002,-119.62820000000001,"SANTA BARBARA",UNINCORPORATED,-119.62819518000001,34.421316490000002
90157153,2016,2016-04-13,9760,2016-04-02,1500,020721,,6,2,9,4200,0,1,3,,1,022,"SR-154 (SAN MARCOS PASS RD)","PAINTED CAVE RD",6336.00,E,N,A,-,Y,,,154,,,,,,,N,3,0,1,1,A,-,08,22107,,N,F,A,A,A,H,-,A,D,0,,,Y,,Y,,C,02,0,1,0,0,0,0,0,0,1,"- ","- ",34.486640000000001,-119.78107,"SANTA BARBARA",UNINCORPORATED,-119.78091898,34.48664763
90157270,2016,2016-04-13,9760,2016-04-02,1135,018019,,6,1,3,4205,0,1,2,,2,010,"US-101 N/B (EL CAMINO REAL)","SANTA MONICA RD.",809.00,S,N,A,-,Y,,,101,,,,,,N,Y,4,0,1,3,A,-,03,22350,,N,C,C,A,A,H,-,A,D,0,,,,,Y,,A,01,0,0,1,0,0,0,0,0,0,"- ","- ",34.403640000000003,-119.52791000000001,"SANTA BARBARA",CARPINTERIA,-119.5279108,34.40363576
90157298,2016,2016-04-13,9760,2016-04-03,0110,020908,,7,3,9,4200,0,1,3,,1,014,"SR-192 EAST (EAST VALLEY ROAD)","FREEHAVEN DR",200.00,E,N,A,-,Y,,,192,,,,,,,Y,3,0,1,1,A,-,01,23152,A,N,E,I,A,A,H,-,D,D,0,,,,,Y,Y,A,01,0,1,0,0,0,0,0,0,0,"- ","- ",34.436190000000003,-119.58217999999999,"SANTA BARBARA",UNINCORPORATED,-119.5821785,34.436210950000003
90157354,2016,2016-04-14,9760,2016-04-03,1255,018019,,7,1,9,4200,0,3,5,,2,005,"SEVILLE RD.","EMBARCADERO DEL MAR",106.00,W,N,A,-,N,,,,,,,,,,N,4,0,3,4,A,-,21,22106,,N,G,B,F,A,H,-,A,D,0,Y,,,,Y,,A,07,0,0,3,0,3,0,0,0,0,"- ","- ",34.411850000000001,-119.85727,"SANTA BARBARA",UNINCORPORATED,-119.8573912,34.411810000000003
90144837,2016,2016-03-28,9755,2016-03-23,1110,015281,,3,1,9,4200,0,1,2,,2,004,"US-101 S/B","RT 1",7920.00,N,N,A,-,Y,,,,,,,,,,Y,3,0,2,2,A,-,07,21658,A,N,D,C,A,A,H,-,A,D,0,,,,,Y,,A,01,0,2,0,0,0,0,0,0,0,"- ","- ",34.313009999999998,-120.12511000000001,"SANTA BARBARA",UNINCORPORATED,-120.22371,34.510710000000003
90145944,2016,2016-03-28,9760,2016-03-16,1615,017253,,3,2,9,4200,0,3,5,,2,002,"CALLE REAL","CAMINO DEL REMEDIO",40.00,E,N,A,-,N,,,,,,,,,,N,3,0,1,2,A,-,08,22107,,F,H,G,A,A,H,-,A,D,0,,Y,,,Y,,A,01,0,1,0,0,0,0,1,0,0,"- ","- ",34.442450000000001,-119.77932,"SANTA BARBARA",UNINCORPORATED,-119.77936742999999,34.442419999999998
90145997,2016,2016-03-28,9760,2016-03-13,0630,019831,,7,1,9,4200,0,1,3,,1,022,"SR-154 (SAN MARCOS PASS ROAD)","SALVAR ROAD",1257.00,W,N,A,-,Y,,,154,,,,,,,Y,3,0,1,1,A,-,01,23152,A,N,E,I,A,A,H,-,C,D,0,,,,,Y,Y,D,22,0,1,0,0,0,0,0,0,0,"- ","- ",34.456389999999999,-119.76809,"SANTA BARBARA",UNINCORPORATED,-119.76801518000001,34.456449020000001
90146315,2016,2016-03-28,9755,2016-03-27,1200,015973,,7,1,9,4200,0,1,3,,1,055,"SR-1 N/B","CALIFORNIA BLVD",1056.00,S,N,A,-,Y,,,1,,,,,,N,Y,4,0,4,2,A,-,03,22350,,N,C,C,A,A,H,-,A,D,0,,,,,Y,,A,01,0,0,4,0,0,0,0,0,0,"- ","- ",34.749879999999997,-120.51947,"SANTA BARBARA",UNINCORPORATED,-120.51948548,34.749866109999999
90146506,2016,2016-03-29,9760,2016-03-18,1500,020777,,5,2,9,4200,0,3,5,,2,005,"DEL PLAYA DR","CAMINO PESCADERO",20.00,W,N,A,-,N,,,,,,,,,,N,4,0,1,2,A,-,11,21954,A,N,G,B,D,A,H,-,A,D,0,Y,,,,Y,,N,60,0,0,1,0,1,0,0,0,0,"- ","- ",34.409700000000001,-119.85890000000001,"SANTA BARBARA",UNINCORPORATED,-119.85877626,34.409750000000003
90146716,2016,2016-03-29,9760,2016-03-21,1330,019831,,1,1,9,4200,0,1,2,,1,030,"US-101 NB (EL CAMINO REAL)","FAIRVIEW AVE",310.00,N,N,A,-,Y,,,,,,,,,,N,4,0,1,2,A,-,08,22107,,N,B,C,A,A,D,-,A,A,0,,,,,Y,,-,"- ",0,0,1,0,0,0,0,0,0,"- ","- ",34.43891,-119.84009,"SANTA BARBARA",UNINCORPORATED,-119.83139877000001,34.439693370000001
90147696,2016,2016-03-30,9760,2016-03-20,1259,018483,,7,1,9,4200,0,3,5,,2,002,"LA CUMBRE ROAD","FOOTHILL ROAD",5.00,S,N,B,-,Y,,,,,,,,,,N,4,0,1,2,A,-,03,22350,,N,C,C,A,A,H,-,A,A,0,,,,,Y,,A,08,0,0,1,0,0,0,0,0,0,"- ","- ",34.455249999999999,-119.45525000000001,"SANTA BARBARA",UNINCORPORATED,-119.75145993,34.455289090000001
90148176,2016,2016-03-30,9760,2016-03-21,1950,020511,,1,2,5,4203,0,1,2,,2,020,"US-101 NB (EL CAMINO FREEWAY)","LAS POSITAS RD",500.00,N,N,A,-,Y,,,101,,,,,,N,N,3,0,1,1,A,-,03,22350,,N,E,I,A,A,H,-,B,D,0,,,Y,,Y,,C,02,0,1,0,0,0,0,0,0,1,"- ","- ",34.429850000000002,-119.74176,"SANTA BARBARA","SANTA BARBARA",-119.74175319,34.42986415
90148972,2016,2016-04-01,9750,2016-03-25,1300,017616,,5,1,9,4200,0,1,3,,1,064,"SR-166 W/B","ALISO CANYON ROAD",1584.00,W,N,A,-,Y,,,166,,,,,,W,Y,3,0,3,1,A,-,03,22350,,N,F,A,A,A,H,-,A,D,0,,,,,Y,,B,07,0,2,1,0,0,0,0,0,0,"- ","- ",34.966259999999998,-119.73397,"SANTA BARBARA",UNINCORPORATED,-119.73398653,34.966131429999997
90149118,2016,2016-04-01,9750,2016-04-01,0320,020323,,5,3,5,4204,0,1,2,,2,001,"US-101 S/B (EL CAMINO REAL)","BETTERAVIA RD",867.00,S,N,A,-,Y,,,101,,,,,,S,Y,4,0,1,1,A,-,08,22107,,N,F,A,A,A,H,-,D,D,0,,,,,Y,,D,22,0,0,1,0,0,0,0,0,0,"- ","- ",34.918039999999998,-120.4182,"SANTA BARBARA","SANTA MARIA",-120.41806253999999,34.918038520000003
90149164,2016,2016-04-01,9750,2016-03-31,2125,020323,,4,2,9,4200,0,1,3,,1,023,SR-135,"BELL ST",2112.00,N,N,A,-,Y,,,135,,,,,,,Y,3,0,1,1,A,-,08,22107,,N,E,I,A,A,H,-,C,D,0,,,,,Y,Y,A,01,0,1,0,0,0,0,0,0,0,"- ","- ",34.746360000000003,-120.29455,"SANTA BARBARA",UNINCORPORATED,-120.29453997,34.746426040000003
90157356,2016,2016-04-14,9760,2016-04-03,1623,018754,,7,2,9,4200,0,3,5,,2,005,"CAMINO MAJORCA","SABADO TARDE",45.00,S,N,A,-,N,,,,,,,,,,N,3,0,1,1,A,-,21,22106,,N,E,I,A,A,H,-,A,D,0,,,Y,,Y,,C,02,0,1,0,0,0,0,0,0,1,"- ","- ",34.528210000000001,-119.86736999999999,"SANTA BARBARA",UNINCORPORATED,-119.86954,34.410496430000002
90157357,2016,2016-04-14,9760,2016-04-03,1637,018754,,7,2,9,4200,0,1,2,,1,030,"U.S. 101 SB (EL CAMINO REAL)","DOS PUEBLOS CANYON RD.",1500.00,S,N,A,-,Y,,,,,,,,,,Y,3,0,1,1,A,-,08,22107,,N,F,A,A,A,H,-,A,D,0,,,,,Y,,A,01,0,1,0,0,0,0,0,0,0,"- ","- ",34.444839999999999,-119.95591,"SANTA BARBARA",UNINCORPORATED,-119.95625748,34.445036289999997
90157832,2016,2016-04-14,9760,2016-04-05,1005,018019,,2,1,4,4214,0,1,2,,2,020,"US-101 N/B (EL CAMINO REAL)","PATTERSON AVE.",3415.00,S,N,A,-,Y,,,,,,,,,,Y,4,0,4,2,A,-,03,22350,,N,C,C,A,A,H,-,A,D,0,,,,,Y,,A,01,0,0,4,0,0,0,0,0,0,"- ","- ",34.441769999999998,-119.79694000000001,"SANTA BARBARA",GOLETA,-119.80844,34.441980000000001
90157846,2016,2016-04-14,9760,2016-04-05,1145,018483,,2,1,9,4200,0,1,3,,1,014,SR-192,"SAN YSIDRO ROAD",315.00,W,N,A,-,Y,,,192,,,,,,,Y,3,0,1,1,A,-,08,22107,,N,E,I,A,A,H,-,A,D,0,,,,,Y,,A,01,0,1,0,0,0,0,0,0,0,"- ","- ",34.437060000000002,-119.63327,"SANTA BARBARA",UNINCORPORATED,-119.63326603,34.437006359999998
90158068,2016,2016-04-14,9760,2016-04-06,1025,015658,,3,1,9,4200,0,1,3,,1,014,"SR-192 (FOOTHILL RD)","MISSION CANYON RD",10.00,E,N,A,-,Y,,,192,,,,,,,N,4,0,2,2,A,-,21,22106,,N,C,C,A,A,H,-,A,D,0,,,,,Y,,A,01,0,0,2,0,0,0,0,0,0,"- ","- ",34.44659,-119.71317000000001,"SANTA BARBARA",UNINCORPORATED,-119.7131699,34.446576020000002
90158252,2016,2016-04-14,9750,2016-04-14,0620,013766,,4,1,9,4200,0,1,3,,1,023,SR-135,"BELL ST",16368.00,N,N,A,-,Y,,,135,,,,,,,Y,4,0,1,1,A,-,08,22107,,N,E,I,A,A,H,-,A,D,0,,,,,Y,,A,01,0,0,1,0,0,0,0,0,0,"- ","- ",34.756500000000003,-120.33880000000001,"SANTA BARBARA",UNINCORPORATED,-120.33880000000001,34.756551809999998
90158859,2016,2016-04-15,9755,2016-04-09,0935,015973,,6,1,9,4200,0,1,2,,2,004,"US-101 N/B",SR-1,7920.00,N,N,B,-,Y,,,101,,,,,,N,Y,4,0,1,1,A,-,03,22350,,N,E,I,A,B,H,-,A,D,0,,,,,Y,,D,22,0,0,1,0,0,0,0,0,0,"- ","- ",34.523539999999997,-120.20425,"SANTA BARBARA",UNINCORPORATED,-120.20424474000001,34.523500400000003
90158870,2016,2016-04-15,9755,2016-04-08,1110,016058,,5,1,9,4200,0,3,5,,2,050,"BURTON MESA BLVD","MESA CIRCLE DR",70.00,W,N,B,C,N,,,,,,,,,,Y,4,0,2,3,A,-,21,22106,,N,C,C,A,B,H,-,A,D,0,,,,,Y,,A,07,0,0,2,0,0,0,0,0,0,"- ","- ",34.70196,-120.4701,"SANTA BARBARA",UNINCORPORATED,-120.47028,34.702469999999998
90158923,2016,2016-04-15,9755,2016-04-08,0222,019464,,5,3,9,4200,0,1,2,,2,004,"US-101 NORTHBOUND",SR-154,15840.00,N,N,C,-,Y,,,101,,,,,,N,Y,4,0,1,1,A,-,01,23152,E,N,E,I,A,B,H,-,D,D,0,,,,,Y,,A,01,0,0,1,0,0,0,0,0,0,"- ","- ",34.714039999999997,-120.18771,"SANTA BARBARA",UNINCORPORATED,-120.18774117,34.713987920000001
90158932,2016,2016-04-15,9755,2016-04-08,1240,017981,,5,1,9,4200,0,1,2,,2,004,"US-101 N/B",SR-1,10560.00,N,N,C,-,Y,,,101,,,,,,N,Y,3,0,1,1,A,-,08,22107,,N,E,I,A,B,H,-,A,D,0,,,,,Y,,A,01,0,1,0,0,0,0,0,0,0,"- ","- ",34.521270000000001,-120.21249,"SANTA BARBARA",UNINCORPORATED,-120.21240087,34.521205209999998
90159527,2016,2016-04-18,9760,2016-04-06,1155,015658,,3,1,9,4200,0,3,5,,2,002,"ANDRITA ST.","ROAEMEAD ST.",250.00,E,N,A,-,N,,,,,,,,,,N,3,0,2,2,A,-,08,22103,,N,D,C,A,A,H,-,A,D,0,,,,,Y,,A,01,0,1,1,0,0,0,0,0,0,"- ","- ",34.43629,-119.78814,"SANTA BARBARA",UNINCORPORATED,-119.78799683,34.436342770000003
90150340,2016,2016-04-04,9760,2016-03-19,1535,020721,,6,2,9,4200,0,1,3,,1,014,"SR-192 (FOOTHILL RD)","SANTA MONICA RD",528.00,E,N,A,-,Y,,,192,,,,,,,Y,3,0,2,2,A,-,01,23152,A,F,H,G,A,A,H,-,A,D,0,,Y,,,Y,Y,A,01,0,2,0,0,0,0,1,0,0,"- ","- ",34.41384,-119.5252,"SANTA BARBARA",UNINCORPORATED,-119.52520198000001,34.413832280000001
90150574,2016,2016-04-05,9760,2016-03-22,1310,019831,,2,1,5,4203,0,1,2,,2,011,"US-101 NORTHBOUND (EL CAMINO REAL)","CARRILLO STREET",412.00,N,N,A,-,Y,,,101,,,,,,N,Y,4,0,2,2,A,-,03,22350,,N,C,C,A,A,H,-,A,D,0,,,,,Y,,A,01,0,0,2,0,0,0,0,0,0,"- ","- ",34.418140000000001,-119.71005,"SANTA BARBARA","SANTA BARBARA",-119.71005786000001,34.41812831
90150746,2016,2016-04-05,9760,2016-03-19,1536,020721,,6,2,9,4200,0,1,3,,1,014,"SR-192 (FOOTHILL ROAD)","SANTA MONICA RD",1056.00,E,N,A,-,Y,,,192,,,,,,,Y,3,0,1,1,A,-,01,23152,A,M,E,I,A,A,H,-,A,D,0,,,,,Y,Y,A,01,0,1,0,0,0,0,0,0,0,"- ","- ",34.413960000000003,-119.52622,"SANTA BARBARA",UNINCORPORATED,-119.5262202,34.413966780000003
90150973,2016,2016-04-05,9760,2016-03-23,1512,018264,,3,2,4,4214,0,1,2,,1,030,"US-101 NORTHBOUND","LOS CARNEROS RD",2112.00,N,N,A,-,Y,,,101,,,,,,N,N,4,0,1,2,A,-,03,22350,,N,C,C,A,A,H,-,A,D,0,,,,,Y,,A,01,0,0,1,0,0,0,0,0,0,"- ","- ",34.436729999999997,-119.85903999999999,"SANTA BARBARA",GOLETA,-119.85903497,34.436701900000003
90151167,2016,2016-04-05,9760,2016-03-29,0837,015658,,2,1,4,4214,0,1,2,,2,020,"US 101 N/B (EL CAMINO REAL)","PATTERSON AVE",900.00,N,N,A,-,Y,,,,,,,,,,Y,2,0,1,2,A,-,07,21658,A,N,B,C,A,A,H,-,A,D,0,,,,,Y,,A,01,1,0,0,0,0,0,0,0,0,"- ","- ",34.441040000000001,-119.81665,"SANTA BARBARA",GOLETA,-119.81083,34.4422
90151225,2016,2016-04-05,9760,2016-03-23,1730,018431,,3,2,5,4203,0,1,2,,2,011,"US-101 S/B","LAS POSITAS RD.",200.00,S,N,A,-,Y,,,101,,,,,,S,N,4,0,1,2,A,-,04,21703,,N,C,C,A,A,H,-,A,D,0,,,,,Y,,A,01,0,0,1,0,0,0,0,0,0,"- ","- ",34.42774,-119.7325,"SANTA BARBARA","SANTA BARBARA",-119.7324996,34.427742170000002
90151502,2016,2016-04-05,9760,2016-03-24,0925,015658,,4,1,9,4200,0,1,2,,2,010,"US 101 N/B (EL CAMINO REAL)","SOUTH PADARO LN",20.00,N,N,A,-,Y,,,,,,,,,,Y,3,0,2,4,A,-,03,22350,,N,C,C,A,A,H,-,A,D,0,,,,,Y,,A,08,0,2,0,0,0,0,0,0,0,"- ","- ",34.411409999999997,-119.55371,"SANTA BARBARA",UNINCORPORATED,-119.58264,34.416679999999999
90153356,2016,2016-04-08,9760,2016-03-26,1440,020777,,6,2,9,4200,0,3,5,,2,001,"EVANS AVE","ORTEGA HILL RD",61.00,S,N,A,-,N,,,,,,,,,,Y,3,0,1,2,A,-,01,23152,A,N,C,E,A,A,H,-,A,D,0,,,,,Y,Y,D,22,0,1,0,0,0,0,0,0,0,"- ","- ",34.421399999999998,-119.6016,"SANTA BARBARA",UNINCORPORATED,-119.60152311,34.421513619999999
90153358,2016,2016-04-08,9760,2016-03-26,0320,020226,,6,3,3,4205,0,1,2,,2,010,"US-101 NORTHBOUND","CARPINTERIA CREEK",10.00,S,N,A,-,Y,,,101,,,,,,N,Y,4,0,1,1,A,-,08,22107,,N,F,A,A,A,H,-,C,D,0,,,,,Y,,A,07,0,0,1,0,0,0,0,0,0,"- ","- ",34.394379999999998,-119.50979,"SANTA BARBARA",CARPINTERIA,-119.50980814,34.394367619999997
90153359,2016,2016-04-08,9760,2016-03-27,1025,018019,,7,1,3,4205,0,1,2,,2,010,"US-101 N/B (EL CAMINO REAL)","LINDEN AVE.",692.00,S,N,A,-,Y,,,101,,,,,,N,N,4,0,1,2,A,-,03,22350,,N,C,C,A,A,H,-,A,D,0,,,,,Y,,A,01,0,0,1,0,0,0,0,0,0,"- ","- ",34.400199999999998,-119.51458,"SANTA BARBARA",CARPINTERIA,-119.5145663,34.40022037
90153460,2016,2016-04-08,9755,2016-04-07,1610,012436,,4,2,9,4200,0,1,2,,2,004,US-101NB,"LA LATA PL",1584.00,S,N,B,C,Y,,,101,,,,,,,Y,3,0,1,1,A,-,08,22107,,N,E,I,A,B,H,-,A,D,0,,,,,Y,,D,22,0,1,0,0,0,0,0,0,0,"- ","- ",34.523290000000003,-120.20514,"SANTA BARBARA",UNINCORPORATED,-120.20514378,34.52343664
90124068,2016,2016-02-25,9750,2016-02-20,1607,018616,,6,2,9,4200,0,1,3,,1,062,SR-166,"SIERRA MADRE RD",13728.00,W,N,A,-,Y,,,166,,,,,,,Y,4,0,1,1,A,-,08,22107,,N,F,A,A,A,H,-,A,D,0,,,,,Y,,A,01,0,0,1,0,0,0,0,0,0,"- ","- ",35.093820000000001,-120.12881,"SANTA BARBARA",UNINCORPORATED,-120.12880873,35.093908669999998
90124178,2016,2016-02-25,9760,2016-02-20,1603,020366,,6,2,5,4203,0,1,2,,2,011,"US-101 S/B TO CARRILLO STREET","CARRILLO ST",700.00,N,N,A,-,Y,,,101,,,,R,,S,Y,2,0,1,1,A,-,08,22107,,N,E,I,A,A,H,-,A,D,0,,,,,Y,,A,01,1,0,0,0,0,0,0,0,0,"- ","- ",34.416980000000002,-119.70892000000001,"SANTA BARBARA","SANTA BARBARA",-119.70892000000001,34.416980000000002
90170496,2016,2016-05-02,9750,2016-04-23,1030,015915,,6,1,9,4200,0,3,5,,2,020,"BELL STREET","CAT CANYON ROAD",238.00,N,N,A,-,N,,,,,,,,,,Y,4,0,1,1,A,-,08,22107,,N,F,A,A,A,H,-,A,D,0,,,Y,,Y,,C,02,0,0,1,0,0,0,0,0,1,"- ","- ",34.75582,-120.29574,"SANTA BARBARA",UNINCORPORATED,-120.29513,34.754989999999999
90170537,2016,2016-05-02,9750,2016-04-23,1328,018616,,6,1,9,4200,0,3,5,,2,030,"CLARK AVENUE","FRONTAGE RD",60.00,W,N,A,-,N,,,,,,,,,,Y,4,0,2,2,A,-,09,21802,A,N,D,C,A,A,H,-,A,D,0,,,,,Y,,A,01,0,0,2,0,0,0,0,0,0,"- ","- ",34.865400000000001,-120.39527,"SANTA BARBARA",UNINCORPORATED,-120.38709995000001,34.86533
90171012,2016,2016-05-02,9750,2016-04-26,0810,014358,,2,1,9,4200,0,1,2,,2,003,"US 101 NORTHBOUND","ALISOS CANYON ROAD",8976.00,S,N,A,-,Y,,,,,,,,,,Y,4,0,1,2,A,-,08,22107,,M,F,A,A,A,H,-,A,D,0,,,,,Y,,A,07,0,0,1,0,0,0,0,0,0,"- ","- ",34.721290000000003,-120.20804,"SANTA BARBARA",UNINCORPORATED,-120.20949535,34.721804800000001
90171423,2016,2016-05-03,9750,2016-04-27,1200,014358,,3,1,9,4200,0,1,3,,1,023,"RT 135","HARRIS GRADE RD",10032.00,S,N,A,-,Y,,,135,,,,,,,Y,4,0,1,2,A,-,06,21750,,N,D,C,A,A,H,-,A,D,0,,,,,Y,,D,22,0,0,1,0,0,0,0,0,0,"- ","- ",34.758589999999998,-120.39039,"SANTA BARBARA",UNINCORPORATED,-120.39039701,34.758532080000002
90171622,2016,2016-12-01,9755,2016-04-28,0815,015281,,4,1,9,4200,0,1,3,,1,042,"RT 154","CACHUMA LAKE ENTRANCE",0.00,,Y,A,-,Y,,,154,,,,,,,Y,4,0,2,2,A,-,09,21801,A,N,D,C,A,A,H,-,A,A,0,,,,,Y,,A,01,0,0,2,0,0,0,0,0,0,"- ","- ",34.57311,-119.95891,"SANTA BARBARA",UNINCORPORATED,-119.9588531,34.572940979999998