CASE_ID,ACCIDENT_YEAR,PROC_DATE,JURIS,COLLISION_DATE,COLLISION_TIME,OFFICER_ID,REPORTING_DISTRICT,DAY_OF_WEEK,CHP_SHIFT,POPULATION,CNTY_CITY_LOC,SPECIAL_COND,BEAT_TYPE,CHP_BEAT_TYPE,CITY_DIVISION_LAPD,CHP_BEAT_CLASS,BEAT_NUMBER,PRIMARY_RD,SECONDARY_RD,DISTANCE,DIRECTION,INTERSECTION,WEATHER_1,WEATHER_2,STATE_HWY_IND,CALTRANS_COUNTY,CALTRANS_DISTRICT,STATE_ROUTE,ROUTE_SUFFIX,POSTMILE_PREFIX,POSTMILE,LOCATION_TYPE,RAMP_INTERSECTION,SIDE_OF_HWY,TOW_AWAY,COLLISION_SEVERITY,NUMBER_KILLED,NUMBER_INJURED,PARTY_COUNT,PRIMARY_COLL_FACTOR,PCF_CODE_OF_VIOL,PCF_VIOL_CATEGORY,PCF_VIOLATION,PCF_VIOL_SUBSECTION,HIT_AND_RUN,TYPE_OF_COLLISION,MVIW,PED_ACTION,ROAD_SURFACE,ROAD_COND_1,ROAD_COND_2,LIGHTING,CONTROL_DEVICE,CHP_ROAD_TYPE,PEDESTRIAN_ACCIDENT,BICYCLE_ACCIDENT,MOTORCYCLE_ACCIDENT,TRUCK_ACCIDENT,NOT_PRIVATE_PROPERTY,ALCOHOL_INVOLVED,STWD_VEHTYPE_AT_FAULT,CHP_VEHTYPE_AT_FAULT,COUNT_SEVERE_INJ,COUNT_VISIBLE_INJ,COUNT_COMPLAINT_PAIN,COUNT_PED_KILLED,COUNT_PED_INJURED,COUNT_BICYCLIST_KILLED,COUNT_BICYCLIST_INJURED,COUNT_MC_KILLED,COUNT_MC_INJURED,PRIMARY_RAMP,SECONDARY_RAMP,LATITUDE,LONGITUDE,COUNTY,CITY,POINT_X,POINT_Y
90171674,2016,2016-05-03,9755,2016-04-06,0534,017884,,3,3,9,4200,0,1,3,,1,053,"SR-246 E/B","SWEENEY RD",391.00,E,N,A,-,Y,,,246,,,,,,E,N,1,1,0,2,A,-,11,21954,A,N,B,B,E,A,H,-,D,D,0,Y,,,,Y,,N,60,0,0,0,1,0,0,0,0,0,"- ","- ",34.645800000000001,-120.4288,"SANTA BARBARA",UNINCORPORATED,-120.42883698999999,34.645825109999997
90172570,2016,2016-05-04,9750,2016-04-21,0750,013766,,4,1,9,4200,0,3,5,,2,020,"EILEEN LANE","MARTIN AVE",114.00,E,N,A,-,N,,,,,,,,,,Y,4,0,1,4,A,-,08,22107,,N,B,E,A,A,H,-,A,D,0,,,,,Y,,A,01,0,0,1,0,0,0,0,0,0,"- ","- ",34.871299999999998,-120.43429999999999,"SANTA BARBARA",UNINCORPORATED,-120.43405016,34.871382969999999
90173532,2016,2016-05-05,9750,2016-05-03,2125,016874,,2,2,9,4200,0,1,3,,1,011,"SR-166 (W/B)","BONITA SCHOOL RD",50.00,E,N,A,-,Y,,,166,,,,,,,Y,4,0,1,2,A,-,03,22350,,N,C,C,A,A,H,-,C,D,0,,,,,Y,,A,01,0,0,1,0,0,0,0,0,0,"- ","- ",34.957439999999998,-120.5086,"SANTA BARBARA",UNINCORPORATED,-120.50865021,34.956987290000001
90173963,2016,2016-05-05,9755,2016-05-04,1515,012436,,3,2,9,4200,0,1,3,,1,042,SR-154,"SANTA YNEZ ST",100.00,E,N,B,-,Y,,,,,,,,,,N,4,0,1,2,A,-,08,22107,,N,B,G,A,A,H,-,A,D,0,,Y,,,Y,,L,04,0,0,1,0,0,0,1,0,0,"- ","- ",34.394379999999998,-120.10102999999999,"SANTA BARBARA",UNINCORPORATED,-120.10158858,34.657905499999998
90159545,2016,2016-04-18,9755,2016-04-11,1700,015973,,1,2,9,4200,0,3,5,,2,040,"EDISON ST","MADERA ST",25.00,S,N,B,-,N,,,,,,,,,,N,4,0,1,2,A,-,03,22350,,N,C,C,A,A,H,-,A,D,0,,,,,Y,,A,01,0,0,1,0,0,0,0,0,0,"- ","- ",34.612029999999997,-120.08176,"SANTA BARBARA",UNINCORPORATED,-120.08179,34.61207134
90159584,2016,2016-04-18,9755,2016-04-08,0717,017884,,5,1,9,4200,0,1,2,,2,004,"US-101 S/B","GAVIOTA STATE BEACH RD",2640.00,N,N,B,C,Y,,,101,,,,,,S,Y,4,0,1,1,A,-,03,22350,,N,E,I,A,B,H,-,A,D,0,,,,,Y,,A,07,0,0,1,0,0,0,0,0,0,"- ","- ",34.487589999999997,-120.22689,"SANTA BARBARA",UNINCORPORATED,-120.226919,34.487612509999998
90160150,2016,2016-04-18,9750,2016-04-16,0900,014358,,6,1,9,4200,0,3,5,,2,020,"UNION VALLEY PARKWAY","RIDGECREST ST",0.00,,Y,A,-,N,,,,,,,,,,Y,4,0,2,2,A,-,09,21801,A,N,D,C,A,A,H,-,A,D,0,,,,,Y,,D,22,0,0,2,0,0,0,0,0,0,"- ","- ",34.879289999999997,-120.42353,"SANTA BARBARA",UNINCORPORATED,-120.42352993,34.879280000000001
90160305,2016,2016-04-19,9760,2016-04-08,1350,020721,,5,1,9,4200,0,2,4,,1,021,"HOLLISTER AVE","MAGNA VISTA ST",440.00,E,N,C,-,N,,,,,,,,,,Y,4,0,1,2,A,-,09,21804,A,N,D,C,A,B,H,-,A,D,0,,,,,Y,,D,22,0,0,1,0,0,0,0,0,0,"- ","- ",34.437370000000001,-119.78513,"SANTA BARBARA",UNINCORPORATED,-119.78535284,34.437387860000001
90160505,2016,2016-04-19,9760,2016-04-02,1300,018019,,6,1,3,4205,0,1,2,,2,010,"US-101 N/B (EL CAMINO REAL)","SANTA MONICA RD",500.00,S,N,A,-,Y,,,101,,,,,,N,N,4,0,2,2,A,-,03,22350,,F,C,C,A,A,H,-,A,D,0,,,,,Y,,A,01,0,0,2,0,0,0,0,0,0,"- ","- ",34.403619999999997,-119.52798,"SANTA BARBARA",CARPINTERIA,-119.52797472,34.403647880000001
90161034,2016,2016-04-19,9760,2016-04-08,1035,014690,,5,1,9,4200,0,1,3,,1,022,"SR-154 E/B","OLD SAN MARCOS RD",5280.00,W,N,B,C,Y,,,154,,,,,,E,Y,3,0,1,1,A,-,03,22350,,N,F,A,A,B,H,-,A,D,0,,,,,Y,,A,07,0,1,0,0,0,0,0,0,0,"- ","- ",34.503219999999999,-119.80315,"SANTA BARBARA",UNINCORPORATED,-119.80317051,34.503186630000002
90161124,2016,2016-04-19,9760,2016-04-09,2040,020483,,6,2,9,4200,0,1,2,,1,040,"US-101 N/B","MARIPOSA REINA",10032.00,S,N,C,-,Y,,,101,,,,,,N,Y,4,0,1,1,A,-,03,22350,,N,E,J,A,B,H,-,D,D,0,,,,,Y,,D,22,0,0,1,0,0,0,0,0,0,"- ","- ",34.471879999999999,-120.17343,"SANTA BARBARA",UNINCORPORATED,-120.17342406,34.471776060000003
90161202,2016,2016-04-19,9750,2016-04-11,0550,015514,,1,3,9,4200,0,1,2,,2,002,"US-101 N/B (EL CAMINO REAL)","PALMER RD",7920.00,N,N,A,-,Y,,,101,,,,,,N,Y,3,0,2,1,A,-,08,22107,,N,F,A,A,A,H,-,D,D,0,,,,,Y,,A,01,0,1,1,0,0,0,0,0,0,"- ","- ",34.810870000000001,-120.34545,"SANTA BARBARA",UNINCORPORATED,-120.3455596,34.810828890000003
90161767,2016,2016-04-20,9760,2016-04-09,0758,014690,,6,1,9,4200,0,1,3,,1,022,"SR-154 W/B","E CAMINO CIELO.",0.00,,N,B,C,Y,,,154,,,,,,W,Y,4,0,1,1,A,-,03,22350,,N,E,I,A,B,H,-,A,D,0,,,,,Y,,A,01,0,0,1,0,0,0,0,0,0,"- ","- ",34.514920000000004,-119.82666,"SANTA BARBARA",UNINCORPORATED,-119.82661308,34.515065759999999
90161802,2016,2016-05-16,9750,2016-04-18,2041,017616,,1,2,9,4200,0,1,3,,1,021,"SR-135 S/B","CLARK AVENUE",3696.00,S,N,A,-,Y,,,135,,,,,,S,N,4,0,1,2,A,-,03,22350,,N,C,C,A,A,H,-,D,D,0,,,,,Y,,A,01,0,0,1,0,0,0,0,0,0,"- ","- ",34.857399999999998,-120.44817,"SANTA BARBARA",UNINCORPORATED,-120.4481535,34.857364949999997
90161823,2016,2016-04-20,9750,2016-04-18,2318,017379,,1,3,9,4200,0,1,2,,2,001,"US-101 S/B (EL CAMINO REAL)","UNION VALLEY PARKWAY",75.00,S,N,A,-,Y,,,101,,,,,,S,Y,3,0,1,1,A,-,08,22107,,N,E,I,A,A,H,-,D,D,0,,,,,Y,,A,01,0,1,0,0,0,0,0,0,0,"- ","- ",34.879779999999997,-120.40871,"SANTA BARBARA",UNINCORPORATED,-120.40881778000001,34.879687019999999
90154529,2016,2016-04-11,9760,2016-03-29,1710,017253,,2,2,4,4214,0,1,2,,2,020,"US-101 N/B","N. FAIRVIEW AVE",2027.00,S,N,A,-,Y,,,101,,,,,,N,Y,4,0,1,1,A,-,08,22107,,N,E,I,A,A,H,-,A,D,0,,,,,Y,,A,01,0,0,1,0,0,0,0,0,0,"- ","- ",34.440300000000001,-119.82557,"SANTA BARBARA",GOLETA,-119.82556135999999,34.440214490000002
90154755,2016,2016-04-11,9750,2016-04-07,1733,018616,,4,2,9,4200,0,3,5,,2,020,"HARRIS GRADE RD",SR-135,15840.00,W,N,B,C,N,,,,,,,,,,Y,4,0,1,2,A,-,03,22350,,N,A,C,A,B,H,-,A,D,0,,,,,Y,,D,22,0,0,1,0,0,0,0,0,0,"- ","- ",34.735909999999997,-120.44053,"SANTA BARBARA",UNINCORPORATED,-120.43915496,34.735425280000001
90184885,2016,2016-07-13,9760,2016-05-14,1645,020721,,6,2,5,4203,0,1,2,,2,011,"US-101 N/B","CASTILLO ST",850.00,S,N,A,-,Y,,,101,,,,,,N,Y,3,0,4,3,A,-,07,21658,A,N,B,C,A,A,H,-,A,D,0,,,,,Y,,A,07,0,2,2,0,0,0,0,0,0,"- ","- ",34.412970000000001,-119.69643000000001,"SANTA BARBARA","SANTA BARBARA",-119.69640278,34.412901580000003
90185308,2016,2016-05-23,9760,2016-03-12,1430,020777,,6,2,9,4200,0,1,2,,2,010,"US-101 SOUTHBOUND","SAN YSIDRO ROAD",723.00,S,N,A,-,Y,,,101,,,,,,S,Y,1,2,0,1,A,-,08,22107,,N,E,I,A,A,H,-,A,D,0,,,,,Y,,A,01,0,0,0,0,0,0,0,0,0,"- ","- ",34.42163,-119.62938,"SANTA BARBARA",UNINCORPORATED,-119.62936882,34.421666500000001
90186006,2016,2016-05-24,9750,2016-05-21,1305,019656,,6,1,9,4200,0,1,2,,2,003,"US-101 S/B (EL CAMINO REAL)",SR-135,210.00,S,N,A,-,Y,,,101,,,,,,S,Y,4,0,1,2,A,-,07,21658,A,N,B,C,A,A,H,-,A,D,0,,,,,Y,,A,01,0,0,1,0,0,0,0,0,0,"- ","- ",34.738550000000004,-120.2651,"SANTA BARBARA",UNINCORPORATED,-120.26508502,34.738580820000003
90186060,2016,2016-05-24,9750,2016-05-21,0540,016170,,6,3,9,4200,0,1,3,,1,011,"SR-166 W  (W. MAIN ST)","BLACK RD",670.00,W,N,A,-,Y,,,166,,,,,,,Y,3,0,2,2,A,-,09,21804,A,N,D,C,A,A,H,-,D,D,0,,,,,Y,,A,01,0,1,1,0,0,0,0,0,0,"- ","- ",34.955269999999999,-120.48824,"SANTA BARBARA",UNINCORPORATED,-120.48824104000001,34.955255790000002
90186293,2016,2016-05-24,9755,2016-05-24,0725,015973,,2,1,9,4200,0,3,5,,2,050,"HARRIS GRADE RD","RUCKER RD",7920.00,N,N,B,-,N,,,,,,,,,,Y,3,0,1,1,A,-,03,22350,,N,F,A,A,B,H,-,A,D,0,,,,,Y,,D,22,0,1,0,0,0,0,0,0,0,"- ","- ",34.434100000000001,-120.2636,"SANTA BARBARA",UNINCORPORATED,-120.44251577999999,34.728330139999997
90186973,2016,2016-05-25,9750,2016-05-21,2340,016874,,6,3,9,4200,0,1,3,,1,022,"SR-1 N/B","GRACIOSA ROAD",6336.00,N,N,A,-,Y,,,,,,,,,,Y,2,0,1,1,A,-,01,23152,A,N,F,A,A,A,H,-,D,D,0,,,,,Y,Y,A,01,1,0,0,0,0,0,0,0,0,"- ","- ",34.829749999999997,-120.44895,"SANTA BARBARA",UNINCORPORATED,-120.44976751,34.82801671
90187873,2016,2016-05-26,9750,2016-05-25,1547,018209,,3,2,9,4200,0,3,5,,2,020,"BROADWAY STREET","NORTH AVE",90.00,N,N,A,-,N,,,,,,,,,,N,3,0,1,1,A,-,08,22107,,N,F,A,A,A,H,-,A,D,0,,Y,,,Y,,L,04,0,1,0,0,0,0,1,0,0,"- ","- ",34.867669999999997,-120.44723999999999,"SANTA BARBARA",UNINCORPORATED,-120.44723999999999,34.86759721
90189450,2016,2016-05-26,9760,2016-05-16,0101,020777,,1,3,9,4200,0,3,5,,2,001,"VIA REAL EASTBOUND","CRAVENS LN",1400.00,W,N,A,-,N,,,,,,,,,,Y,3,0,1,1,A,-,01,23152,A,M,E,I,A,A,H,-,D,D,0,,,,,Y,Y,A,01,0,1,0,0,0,0,0,0,0,"- ","- ",34.406230000000001,-119.54468,"SANTA BARBARA",UNINCORPORATED,-119.54444204000001,34.406245349999999
90190111,2016,2016-05-31,9750,2016-05-18,1545,018616,,3,2,9,4200,0,3,5,,2,010,"BETTERAVIA RD","BLACK RD",150.00,W,N,A,-,N,,,,,,,,,,Y,2,0,3,3,A,-,01,23152,E,M,C,C,A,A,H,-,A,D,0,,,,,Y,,A,01,1,0,2,0,0,0,0,0,0,"- ","- ",34.9208,-120.49131,"SANTA BARBARA",UNINCORPORATED,-120.49065962,34.92080971
90175142,2016,2016-05-09,9760,2016-04-26,1230,018019,,2,1,5,4203,0,1,2,,2,011,"US-101 N/B (EL CAMINO REAL)","PUEBLO ST.",857.00,S,N,A,-,Y,,,101,,,,,,N,N,4,0,1,2,A,-,03,22350,,N,C,C,A,A,H,-,A,D,0,,,,Y,Y,,G,25,0,0,1,0,0,0,0,0,0,"- ","- ",34.426870000000001,-119.72309,"SANTA BARBARA","SANTA BARBARA",-119.72321531999999,34.426270649999999
90175223,2016,2016-05-09,9760,2016-04-26,1355,018019,,2,1,9,4200,0,3,5,,2,001,"OLIVE MILL RD.","VIRGINIA RD.",120.00,S,N,A,-,N,,,,,,,,,,N,2,0,1,1,A,-,03,22350,,N,E,J,A,A,H,-,A,D,0,,,,,Y,,L,04,1,0,0,0,0,0,0,0,0,"- ","- ",34.420169999999999,-119.64005,"SANTA BARBARA",UNINCORPORATED,-119.64001164,34.420231020000003
90175421,2016,2016-05-09,9760,2016-04-30,0020,020473,,6,3,5,4203,0,1,2,,2,011,"US-101 S/B","CABRILLO BLVD",1500.00,N,N,A,-,Y,,,101,,,,,,S,Y,4,0,1,2,A,-,07,21658,A,N,B,C,A,A,H,-,C,D,0,,,,,Y,,A,01,0,0,1,0,0,0,0,0,0,"- ","- ",34.423099999999998,-119.6592,"SANTA BARBARA","SANTA BARBARA",-119.65918894000001,34.422944379999997
90175584,2016,2016-05-09,9755,2016-05-09,0720,013618,,1,1,9,4200,0,3,5,,2,050,"HARRIS GRADE ROAD","RUCKER ROAD",232.00,N,N,B,-,N,,,,,,,,,,Y,3,0,1,1,A,-,08,22107,,N,E,I,A,A,H,-,A,D,0,,,,,Y,,A,01,0,1,0,0,0,0,0,0,0,"- ","- ",34.711030000000001,-120.43562,"SANTA BARBARA",UNINCORPORATED,-120.43560806000001,34.711800330000003
90175675,2016,2016-05-09,9760,2016-04-17,1050,012263,,7,1,9,4200,0,1,3,,1,014,"SYCAMORE CYN RD. (SR-192)","ASHLEY RD.",0.00,,Y,A,-,Y,,,192,,,,,,,N,3,0,1,2,A,-,06,21750,,N,H,G,A,A,H,-,A,A,0,,Y,,,Y,,D,22,0,1,0,0,0,0,1,0,0,"- ","- ",34.440339999999999,-119.65640999999999,"SANTA BARBARA",UNINCORPORATED,-119.65641592999999,34.440299400000001
90176647,2016,2016-05-10,9750,2016-05-08,2048,017379,,7,2,5,4204,0,1,2,,2,111,"US-101 (S/B)","SR-166 (EAST)",2746.00,S,N,A,-,Y,,,101,,,,,,,Y,3,0,1,1,A,-,01,23152,A,N,E,I,A,A,H,-,D,D,0,,,,,Y,Y,D,22,0,1,0,0,0,0,0,0,0,"- ","- ",34.988810000000001,-120.43364,"SANTA BARBARA","SANTA MARIA",-120.43370471999999,34.98880071
90176721,2016,2016-05-10,9750,2016-05-08,1505,018209,,7,2,9,4200,0,1,3,,1,023,"SR-135 N/B","GRACIOSA RD",7392.00,N,N,A,-,Y,,,,,,,,,,Y,4,0,1,1,A,-,08,22107,,N,F,A,A,A,H,-,A,D,0,,,,,Y,,A,01,0,0,1,0,0,0,0,0,0,"- ","- ",34.829360000000001,-120.45001000000001,"SANTA BARBARA",UNINCORPORATED,-120.4378595,34.791477729999997
90177658,2016,2016-05-11,9750,2016-05-08,1835,018209,,7,2,9,4200,0,3,5,,2,020,"BREEZY GLENN DRIVE","MORNING RIDGE RD",184.00,E,N,A,-,N,,,,,,,,,,N,3,0,1,2,A,-,05,21650,,N,A,C,A,A,H,-,A,D,0,,,,,Y,,A,01,0,1,0,0,0,0,0,0,0,"- ","- ",34.881540000000001,-120.41343999999999,"SANTA BARBARA",UNINCORPORATED,-120.41287015,34.881450000000001
90178594,2016,2016-05-13,9760,2016-05-02,0630,017674,,1,1,5,4203,0,1,2,,2,011,"US-101 N/B","MISSION ST.",117.00,N,N,B,-,Y,,,101,,,,,,N,Y,3,0,1,1,A,-,08,22107,,N,E,I,A,A,H,-,A,D,0,,,,,Y,,A,01,0,1,0,0,0,0,0,0,0,"- ","- ",34.425840000000001,-119.72092000000001,"SANTA BARBARA","SANTA BARBARA",-119.72096191999999,34.425713010000003
90178823,2016,2016-05-13,9755,2016-05-08,2200,020202,,7,3,9,4200,0,3,5,,2,050,"HARRIS GRADE RD","RUCKER RD",1056.00,N,N,A,-,Y,,,,,,,,,,Y,3,0,1,1,A,-,08,22107,,N,E,I,A,A,H,-,D,D,0,,,,,Y,,D,22,0,1,0,0,0,0,0,0,0,"- ","- ",34.714599999999997,-120.43447999999999,"SANTA BARBARA",UNINCORPORATED,-120.43476338000001,34.713952390000003
90178827,2016,2016-05-13,9755,2016-05-12,0405,017910,,4,3,9,4200,0,1,3,,1,042,SR-154,"ARMOUR RANCH RD",17952.00,E,N,B,-,Y,,,154,,,,,,,Y,4,0,2,1,C,-,18,,,N,H,H,A,A,H,-,D,D,0,,,,,Y,,-,"- ",0,0,2,0,0,0,0,0,0,"- ","- ",34.576340000000002,-119.97490000000001,"SANTA BARBARA",UNINCORPORATED,-119.97493439,34.576216960000004
90190116,2016,2016-05-31,9750,2016-05-19,1210,016170,,4,1,5,4204,0,1,S,,2,901,"BROADWAY STREET (SR-135)","ENOS DR",511.00,N,N,A,-,Y,,,135,,,,,,,Y,4,0,2,3,A,-,03,22350,,N,C,C,A,A,H,-,A,A,0,,,,,Y,,J,48,0,0,2,0,0,0,0,0,0,"- ","- ",34.93524,-120.43608999999999,"SANTA BARBARA","SANTA MARIA",-120.43612827,34.935240049999997
90191250,2016,2016-07-07,9750,2016-05-21,1603,018616,,6,2,9,4200,0,3,5,,2,020,"STILLWELL RD","CANYON CREEK RD",60.00,S,N,A,-,N,,,,,,,,,,N,4,0,2,2,A,-,03,22350,,N,C,C,A,A,H,-,A,D,0,,,,,Y,,E,22,0,0,2,0,0,0,0,0,0,"- ","- ",34.859749999999998,-120.40116,"SANTA BARBARA",UNINCORPORATED,-120.40112999999999,34.860495200000003
90191552,2016,2016-05-31,9755,2016-05-29,1738,017884,,7,2,9,4200,0,3,5,,2,050,"SANTA ROSA RD",SR-1,24288.00,E,N,A,-,N,,,,,,,,,,Y,3,0,2,1,A,-,03,22350,,N,E,I,A,A,H,-,A,D,0,,,,,Y,,A,01,0,1,1,0,0,0,0,0,0,"- ","- ",34.608600000000003,-120.36450000000001,"SANTA BARBARA",UNINCORPORATED,-120.36350096,34.608353479999998
90191560,2016,2016-05-31,9760,2016-05-18,0750,018483,,3,1,9,4200,0,1,3,,1,022,SR-154,"CATHEDRAL OAKS ROAD",575.00,W,N,B,-,Y,,,154,,,,,,,Y,3,0,8,4,A,-,03,22350,,N,C,C,A,A,H,-,A,D,0,,,,,Y,,A,01,0,1,7,0,0,0,0,0,0,"- ","- ",34.452620000000003,-119.76392,"SANTA BARBARA",UNINCORPORATED,-119.76390757999999,34.452635119999997
90192059,2016,2016-06-01,9755,2016-05-29,0435,019464,,7,3,9,4200,0,3,5,,2,040,"COUNTRY ROAD","COUNTRY LANE",57.00,W,N,A,-,N,,,,,,,,,,Y,3,0,1,1,A,-,01,23152,A,N,E,I,A,A,H,-,C,D,0,,,,,Y,Y,A,01,0,1,0,0,0,0,0,0,0,"- ","- ",34.62368,-120.09132,"SANTA BARBARA",UNINCORPORATED,-120.09108924,34.623685729999998
90192103,2016,2016-06-01,9760,2016-05-18,0025,020908,,3,3,9,4200,0,3,5,,2,002,"UNIVERSITY DRIVE","CALLE MASTIL",100.00,E,N,B,-,N,,,,,,,,,,Y,4,0,1,2,A,-,08,22107,,N,C,E,A,A,H,-,C,D,0,,,,,Y,,A,01,0,0,1,0,0,0,0,0,0,"- ","- ",34.44558,-119.80625999999999,"SANTA BARBARA",UNINCORPORATED,-119.80669106000001,34.445533740000002
90192329,2016,2016-06-01,9760,2016-05-18,0850,019446,,3,1,9,4200,0,1,3,,1,014,"SR-192 (CASITAS PASS ROAD)","LILINGSTON CANYON RD",557.00,W,N,B,-,Y,,,192,,,,,,,Y,4,0,1,1,A,-,08,22107,,N,E,I,A,A,H,-,A,A,0,,,,,Y,,A,07,0,0,1,0,0,0,0,0,0,"- ","- ",34.401800000000001,-119.48950000000001,"SANTA BARBARA",UNINCORPORATED,-119.48948772,34.40182926
90192503,2016,2016-06-01,9760,2016-05-19,0705,019446,,4,1,9,4200,0,1,2,,2,010,"US-101 N/B","BAILARD AVE",1500.00,S,N,B,-,Y,,,,,,,,,,N,4,0,1,2,A,-,03,22350,,N,C,C,A,A,H,-,A,A,0,,,,,Y,,D,22,0,0,1,0,0,0,0,0,0,"- ","- ",34.386899999999997,-119.4932,"SANTA BARBARA",UNINCORPORATED,-119.49328918,34.38695062
90192653,2016,2016-06-01,9760,2016-05-19,1703,018431,,4,2,4,4214,0,1,2,,2,020,"US-101 N/B","FAIRVIEW AVE.",1000.00,S,N,A,-,Y,,,,,,,,,,Y,3,0,2,2,A,-,03,22350,,N,C,C,A,A,H,-,A,D,0,,,,Y,Y,,G,25,0,1,1,0,0,0,0,0,0,"- ","- ",34.41095,-119.85581999999999,"SANTA BARBARA",GOLETA,-119.83571375,34.4392949
90192759,2016,2016-06-01,9760,2016-05-20,1500,020721,,5,2,5,4203,0,1,2,,2,011,"US-101 S/B","LAS POSITAS RD",1056.00,S,N,B,-,Y,,,101,,,,,,S,Y,4,0,1,3,A,-,03,22350,,N,C,C,A,A,H,-,A,D,0,,,,,Y,,A,01,0,0,1,0,0,0,0,0,0,"- ","- ",34.426850000000002,-119.72784,"SANTA BARBARA","SANTA BARBARA",-119.72783531,34.426883850000003
90193962,2016,2016-06-03,9755,2016-05-18,0615,016058,,3,1,9,4200,0,1,3,,1,042,"STATE ROUTE 154","LIVE OAK RD",4224.00,W,N,B,-,Y,,,154,,,,,,,Y,2,0,2,2,A,-,01,23152,A,N,A,C,A,A,H,-,A,D,0,,,,,Y,Y,A,01,2,0,0,0,0,0,0,0,0,"- ","- ",34.546999999999997,-119.89107,"SANTA BARBARA",UNINCORPORATED,-119.89107027999999,34.547144070000002
90161884,2016,2016-04-20,9760,2016-04-09,1424,020366,,6,2,9,4200,0,3,5,,2,001,"SHEFFIELD DRIVE","SAN LEANDRO LANE",182.00,N,N,B,-,N,,,,,,,,,,Y,4,0,1,1,A,-,08,22107,,N,E,I,A,A,H,-,A,D,0,,,,,Y,,A,01,0,0,1,0,0,0,0,0,0,"- ","- ",34.424329999999998,-119.6127,"SANTA BARBARA",UNINCORPORATED,-119.61256901,34.424443019999998
90162121,2016,2016-05-05,9750,2016-04-18,2040,016874,,1,2,9,4200,0,1,3,,1,021,SR-135,"CLARK AVENUE",3696.00,S,N,A,-,Y,,,135,,,,,,,Y,3,0,2,2,A,-,07,21658,A,N,E,I,A,A,H,-,D,D,0,,,,,Y,,D,22,0,2,0,0,0,0,0,0,0,"- ","- ",34.858930000000001,-120.44123,"SANTA BARBARA",UNINCORPORATED,-120.44111699,34.858364940000001
90162167,2016,2016-04-20,9750,2016-04-09,0202,020323,,6,3,9,4200,0,3,5,,2,030,"CLARK AVENUE","DOMINION ROAD",144.00,E,N,A,-,N,,,,,,,,,,Y,3,0,1,1,A,-,01,23152,A,N,E,I,A,A,H,-,C,A,0,,,,,Y,Y,A,01,0,1,0,0,0,0,0,0,0,"- ","- ",34.865009999999998,-120.34714,"SANTA BARBARA",UNINCORPORATED,-120.3477,34.865000000000002
90162193,2016,2016-04-21,9760,2016-04-10,0740,018019,,7,1,3,4205,0,1,2,,2,010,"US-101 S/B (EL CAMINO REAL)","LINDEN AVE.",385.00,N,N,A,-,Y,,,101,,,,,,S,Y,4,0,1,1,A,-,08,22107,,N,E,I,A,A,H,-,A,D,0,,,,,Y,,A,01,0,0,1,0,0,0,0,0,0,"- ","- ",34.401389999999999,-119.51791,"SANTA BARBARA",CARPINTERIA,-119.51787889000001,34.401504170000003
90162199,2016,2016-04-21,9760,2016-04-10,2105,020777,,7,2,9,4200,0,1,3,,1,022,"STATE ROUTE-154 WESTBOUND","CATHEDRAL OAKS RD",4500.00,W,N,A,-,Y,,,154,,,,,,W,Y,3,0,1,2,A,-,21,22106,,N,D,C,A,A,H,-,D,D,0,,,,Y,Y,,F,21,0,1,0,0,0,0,0,0,0,"- ","- ",34.462299999999999,-119.7709,"SANTA BARBARA",UNINCORPORATED,-119.77092037,34.462292789999999
90162335,2016,2016-04-21,9760,2016-04-11,1115,015658,,1,1,9,4200,0,3,5,,2,005,"EMBARCADERO DEL NORTE","EL COLEGIO RD",0.00,,Y,A,-,N,,,,,,,,,,Y,3,0,1,2,A,-,12,21453,A,N,H,G,A,A,H,-,A,A,0,,Y,,,Y,,L,04,0,1,0,0,0,0,1,0,0,"- ","- ",34.417270000000002,-119.85544,"SANTA BARBARA",UNINCORPORATED,-119.85535998,34.417390089999998
90162406,2016,2016-04-21,9755,2016-04-08,1035,012518,,5,1,9,4200,0,1,2,,2,004,"U.S.101 NORTHBOUND","RT 1",3696.00,S,N,C,-,Y,,,,,,,,,,Y,3,0,2,1,A,-,03,22350,,N,F,A,A,B,H,-,A,D,0,,,,,Y,,A,01,0,1,1,0,0,0,0,0,0,"- ","- ",34.499760000000002,-120.2298,"SANTA BARBARA",UNINCORPORATED,-120.22969261,34.49993405