CASE_ID,ACCIDENT_YEAR,PROC_DATE,JURIS,COLLISION_DATE,COLLISION_TIME,OFFICER_ID,REPORTING_DISTRICT,DAY_OF_WEEK,CHP_SHIFT,POPULATION,CNTY_CITY_LOC,SPECIAL_COND,BEAT_TYPE,CHP_BEAT_TYPE,CITY_DIVISION_LAPD,CHP_BEAT_CLASS,BEAT_NUMBER,PRIMARY_RD,SECONDARY_RD,DISTANCE,DIRECTION,INTERSECTION,WEATHER_1,WEATHER_2,STATE_HWY_IND,CALTRANS_COUNTY,CALTRANS_DISTRICT,STATE_ROUTE,ROUTE_SUFFIX,POSTMILE_PREFIX,POSTMILE,LOCATION_TYPE,RAMP_INTERSECTION,SIDE_OF_HWY,TOW_AWAY,COLLISION_SEVERITY,NUMBER_KILLED,NUMBER_INJURED,PARTY_COUNT,PRIMARY_COLL_FACTOR,PCF_CODE_OF_VIOL,PCF_VIOL_CATEGORY,PCF_VIOLATION,PCF_VIOL_SUBSECTION,HIT_AND_RUN,TYPE_OF_COLLISION,MVIW,PED_ACTION,ROAD_SURFACE,ROAD_COND_1,ROAD_COND_2,LIGHTING,CONTROL_DEVICE,CHP_ROAD_TYPE,PEDESTRIAN_ACCIDENT,BICYCLE_ACCIDENT,MOTORCYCLE_ACCIDENT,TRUCK_ACCIDENT,NOT_PRIVATE_PROPERTY,ALCOHOL_INVOLVED,STWD_VEHTYPE_AT_FAULT,CHP_VEHTYPE_AT_FAULT,COUNT_SEVERE_INJ,COUNT_VISIBLE_INJ,COUNT_COMPLAINT_PAIN,COUNT_PED_KILLED,COUNT_PED_INJURED,COUNT_BICYCLIST_KILLED,COUNT_BICYCLIST_INJURED,COUNT_MC_KILLED,COUNT_MC_INJURED,PRIMARY_RAMP,SECONDARY_RAMP,LATITUDE,LONGITUDE,COUNTY,CITY,POINT_X,POINT_Y
90162418,2016,2016-04-21,9755,2016-04-20,2132,019464,,3,2,9,4200,0,1,3,,1,053,SR-246,"SWEENEY ROAD",418.00,E,N,A,-,Y,,,246,,,,,,,Y,3,0,1,1,A,-,08,22107,,N,F,A,A,A,H,-,D,D,0,,,,,Y,,A,01,0,1,0,0,0,0,0,0,0,"- ","- ",34.645440000000001,-120.42923999999999,"SANTA BARBARA",UNINCORPORATED,-120.42919222,34.645394600000003
90162432,2016,2016-04-21,9755,2016-04-18,0750,013618,,1,1,9,4200,0,1,3,,1,053,"STATE ROUTE 246","DOMINGOS RD",4752.00,E,N,A,-,Y,,,246,,,,,,,Y,3,0,1,1,A,-,08,22107,,N,E,I,A,A,H,-,A,D,0,,,,,Y,,A,01,0,1,0,0,0,0,0,0,0,"- ","- ",34.624139999999997,-120.26411,"SANTA BARBARA",UNINCORPORATED,-120.26406677999999,34.624213300000001
90162587,2016,2016-04-21,9760,2016-04-11,1505,017253,,1,2,9,4200,0,3,5,,2,001,"SANTA ROSA LANE","SINALOA DRIVE",0.00,,Y,A,-,N,,,,,,,,,,N,3,0,1,2,A,-,09,21801,A,N,D,G,A,A,H,-,A,D,0,,Y,,,Y,,D,22,0,1,0,0,0,0,1,0,0,"- ","- ",34.428989999999999,-119.62627999999999,"SANTA BARBARA",UNINCORPORATED,-119.62613994,34.429000000000002
90162841,2016,2016-04-21,9750,2016-04-16,1125,013766,,6,1,9,4200,0,1,3,,1,021,"SR-135 N/B","CLARK AVENUE",3168.00,S,N,A,-,Y,,,135,,,,,,N,Y,3,0,1,1,A,-,08,22107,,N,E,I,A,A,H,-,A,D,0,,,,,Y,,A,07,0,1,0,0,0,0,0,0,0,"- ","- ",34.858199999999997,-120.4409,"SANTA BARBARA",UNINCORPORATED,-120.44090995000001,34.858231830000001
90194623,2016,2016-06-06,9750,2016-05-27,2128,018786,,5,2,9,4200,0,1,3,,1,021,SR-135,"FOSTER ROAD",250.00,S,N,A,-,Y,,,135,,,,,,,N,4,0,4,4,A,-,03,22350,,N,C,C,A,A,H,-,D,D,0,,,Y,,Y,,C,02,0,0,4,0,0,0,0,0,4,"- ","- ",34.88156,-120.43639,"SANTA BARBARA",UNINCORPORATED,-120.43652127,34.881560270000001
90194838,2016,2016-06-06,9755,2016-06-04,1245,013618,,6,1,9,4200,0,1,3,,1,051,"RT 1","SANTA ROSA ROAD",0.00,,N,A,-,Y,,,1,,,,,,,N,3,0,1,1,B,-,22,,,N,H,A,A,A,H,-,A,D,0,,Y,,,Y,,L,04,0,1,0,0,0,0,1,0,0,"- ","- ",34.615479999999998,-120.42749999999999,"SANTA BARBARA",UNINCORPORATED,-120.42755989,34.615476340000001
90194844,2016,2016-06-06,9755,2016-05-25,1620,012436,,3,2,9,4200,0,1,3,,1,042,SR-154,"FIGUEROA MOUNTAIN RD",618.00,W,N,A,-,Y,,,154,,,,,,,Y,2,0,1,2,A,-,05,21651,B,N,A,C,A,A,H,-,A,D,0,,,,Y,Y,,D,22,1,0,0,0,0,0,0,0,0,"- ","- ",34.667839999999998,-120.11711,"SANTA BARBARA",UNINCORPORATED,-120.11711025,34.667828200000002
90194859,2016,2016-06-09,9755,2016-06-02,2235,012436,,4,3,9,4200,0,1,2,,2,004,"US-101 S/B","SR-1 LAS CRUCES O/C",2112.00,S,N,A,-,Y,,,101,,,,,,S,Y,3,0,2,2,A,-,07,21658,A,N,B,C,A,A,H,-,D,D,0,,,,,Y,,A,01,0,1,1,0,0,0,0,0,0,"- ","- ",34.503779999999999,-120.22678000000001,"SANTA BARBARA",UNINCORPORATED,-120.22670879,34.50375597
90195029,2016,2016-06-06,9750,2016-05-30,1235,018616,,1,1,9,4200,0,1,2,,2,002,"US-101 S/B (EL CAMINO REAL)","SOLOMON SUMMIT O/C",528.00,N,N,A,-,Y,,,101,,,,,,S,Y,4,0,1,1,A,-,08,22107,,N,E,I,A,A,H,-,A,D,0,,,,,Y,,A,01,0,0,1,0,0,0,0,0,0,"- ","- ",34.828389999999999,-120.36317,"SANTA BARBARA",UNINCORPORATED,-120.36310484000001,34.828467519999997
90195720,2016,2016-06-07,9755,2016-06-03,1515,013618,,5,2,9,4200,0,3,5,,2,050,"WEST OCEAN AVENUE","UNION SUGAR AVENUE",175.00,W,N,A,-,N,,,,,,,,,,Y,2,0,1,1,A,-,08,22107,,N,F,A,A,A,H,-,A,D,0,,,,,Y,,A,07,1,0,0,0,0,0,0,0,0,"- ","- ",34.654710000000001,-120.53733,"SANTA BARBARA",UNINCORPORATED,-120.53753082999999,34.654883810000001
90196465,2016,2016-06-08,9750,2016-06-06,0815,014753,,1,1,9,4200,0,3,5,,2,010,"SANDALWOOD DRIVE","MYRTLEWOOD ROAD",170.00,E,N,B,-,N,,,,,,,,,,Y,4,0,1,2,A,-,08,22107,,N,C,E,A,A,H,-,A,D,0,,,,,Y,,A,07,0,0,1,0,0,0,0,0,0,"- ","- ",34.896430000000002,-120.48829000000001,"SANTA BARBARA",UNINCORPORATED,-120.48832327,34.896475539999997
90196694,2016,2016-06-08,9755,2016-05-30,1626,017378,,1,2,9,4200,0,1,3,,1,042,"RT 154","RT 246",2112.00,E,N,A,-,Y,,,154,,,,,,,Y,3,0,2,2,A,-,08,22107,,N,B,C,A,A,H,-,A,D,0,,,,,Y,,D,22,0,1,1,0,0,0,0,0,0,"- ","- ",34.605800000000002,-120.05,"SANTA BARBARA",UNINCORPORATED,-120.05001555,34.605782849999997
90196912,2016,2016-06-08,9750,2016-06-06,1345,014753,,1,1,9,4200,0,2,4,,1,024,"BRADLEY ROAD","CLARK AVENUE",0.00,,Y,A,-,N,,,,,,,,,,N,4,0,1,2,A,-,12,21453,A,N,D,C,A,A,H,-,A,A,0,,,,,Y,,A,07,0,0,1,0,0,0,0,0,0,"- ","- ",34.865229999999997,-120.41891,"SANTA BARBARA",UNINCORPORATED,-120.41878991,34.865020059999999
90197266,2016,2016-06-08,9760,2016-05-25,0855,017674,,3,1,5,4203,0,1,2,,2,011,"US-101 S/B","LAS POSITAS RD.",1560.00,S,N,B,-,Y,,,101,,,,,,S,Y,4,0,1,2,A,-,03,22350,,N,C,C,A,A,H,-,A,D,0,,,,,Y,,A,01,0,0,1,0,0,0,0,0,0,"- ","- ",34.426609999999997,-119.72615999999999,"SANTA BARBARA","SANTA BARBARA",-119.72615469,34.426651390000004
90197399,2016,2016-06-08,9760,2016-05-26,0330,020777,,4,3,9,4200,0,1,2,,1,040,"US-101 NORTHBOUND","EL CAPITAN STATE BEACH RD",200.00,S,N,A,-,Y,,,101,,,,,,N,Y,4,0,1,1,A,-,08,22107,,N,E,I,A,A,H,-,D,D,0,,,,,Y,,A,01,0,0,1,0,0,0,0,0,0,"- ","- ",34.463200000000001,-120.0206,"SANTA BARBARA",UNINCORPORATED,-120.02059113999999,34.463245499999999
90162849,2016,2016-04-21,9760,2016-04-12,1000,015658,,2,1,9,4200,0,3,5,,2,001,"N. JAMESON LN","SHEFFIELD DR",0.00,,Y,A,-,N,,,,,,,,,,N,4,0,1,2,A,-,09,21801,A,N,A,C,A,A,H,-,A,D,0,,,,,Y,,A,07,0,0,1,0,0,0,0,0,0,"- ","- ",34.422359999999998,-119.61425,"SANTA BARBARA",UNINCORPORATED,-119.61249995999999,34.422300100000001
90162973,2016,2016-04-21,9760,2016-04-12,1630,018431,,2,2,9,4200,0,1,3,,1,014,"SR-192 (E. VALLEY RD.)","SAN YSIDRO RD.",0.00,,Y,A,-,Y,,,192,,,,,,,N,3,0,1,2,A,-,09,21801,A,N,D,G,A,A,H,-,A,D,0,,Y,,,Y,,A,01,0,1,0,0,0,0,1,0,0,"- ","- ",34.436979999999998,-119.63200999999999,"SANTA BARBARA",UNINCORPORATED,-119.63201282999999,34.436968239999999
90162988,2016,2016-04-21,9760,2016-04-13,1100,015669,,3,1,9,4200,0,1,2,,2,020,"U.S. 101 NORTHBOUND","TURNPIKE ROAD",2640.00,N,N,A,-,Y,,,,,,,,,,N,4,0,1,2,A,-,03,22350,,N,C,C,A,A,H,-,A,D,0,,,,,Y,,A,07,0,0,1,0,0,0,0,0,0,"- ","- ",34.441850000000002,-119.79718,"SANTA BARBARA",UNINCORPORATED,-119.78925,34.442439999999998
90164569,2016,2016-04-27,9755,2016-04-18,1440,013618,,1,2,9,4200,0,1,3,,1,053,"STATE ROUTE 246","TULAROSA ROAD",1584.00,E,N,A,-,Y,,,246,,,,,,,Y,2,0,1,2,A,-,06,21750,,N,D,C,A,A,H,-,A,D,0,,,Y,Y,Y,,C,02,1,0,0,0,0,0,0,0,1,"- ","- ",34.664569999999998,-120.3683,"SANTA BARBARA",UNINCORPORATED,-120.36830003,34.664606849999998
90164989,2016,2016-04-25,9755,2016-04-23,1050,015973,,6,1,9,4200,0,1,3,,1,042,SR-154,"US-101 N/B",8976.00,E,N,A,-,Y,,,154,,,,,,,Y,4,0,4,3,A,-,03,22350,,N,C,C,A,A,H,-,A,D,0,,,,,Y,,A,01,0,0,4,0,0,0,0,0,0,"- ","- ",34.678400000000003,-120.13633,"SANTA BARBARA",UNINCORPORATED,-120.13634054000001,34.6783888
90165164,2016,2016-04-25,9760,2016-04-19,0735,015658,,2,1,4,4214,0,1,2,,1,030,"US 101 N/B (EL CAMINO REAL)","LOS CARNEROS RD",800.00,N,N,A,-,Y,,,,,,,,,,Y,4,0,1,2,A,-,03,22350,,N,C,C,A,A,H,-,A,D,0,,,,,Y,,A,01,0,0,1,0,0,0,0,0,0,"- ","- ",34.436909999999997,-119.85798,"SANTA BARBARA",GOLETA,-119.85029288,34.437878589999997
90165383,2016,2016-04-26,9760,2016-04-19,1230,015658,,2,1,9,4200,0,1,2,,1,040,"US 101 N/B (EL CAMINO REAL)","REFUGIO RD",5280.00,S,N,A,-,Y,,,,,,,,,,Y,3,0,1,1,A,-,08,22107,,N,E,J,A,A,H,-,A,D,0,,,,,Y,,A,07,0,1,0,0,0,0,0,0,0,"- ","- ",34.462800000000001,-120.05231999999999,"SANTA BARBARA",UNINCORPORATED,-120.08532291,34.461801100000002
90165901,2016,2016-04-26,9760,2016-04-20,1735,018754,,3,2,9,4200,0,3,5,,2,001,"SAN YSIDRO RD.","SAN YSIDRO LN.",340.00,N,N,A,-,N,,,,,,,,,,Y,3,0,2,2,A,-,05,21460,A,N,D,C,A,A,H,-,A,A,0,,,,,Y,,A,01,0,1,1,0,0,0,0,0,0,"- ","- ",34.443669999999997,-119.63173,"SANTA BARBARA",UNINCORPORATED,-119.63189212,34.443210319999999
90165987,2016,2016-04-26,9760,2016-04-21,0908,018483,,4,1,9,4200,0,1,2,,2,010,"US-101 N/B","N. PADARO LANE O/C",2600.00,N,N,A,-,Y,,,101,,,,,,N,Y,3,0,3,3,A,-,03,22350,,N,C,C,A,A,H,-,A,D,0,,,,,Y,Y,A,01,0,2,1,0,0,0,0,0,0,"- ","- ",34.418439999999997,-119.59126000000001,"SANTA BARBARA",UNINCORPORATED,-119.59118927999999,34.418622030000002
90166169,2016,2016-04-26,9760,2016-04-21,0955,018483,,4,1,3,4205,0,1,2,,2,010,"US-101 N/B","SANTA YNEZ AVENUE O/C",1000.00,S,N,A,-,Y,,,101,,,,,,N,N,4,0,1,2,A,-,03,22350,,N,C,C,A,A,H,-,A,D,0,,,,,Y,,D,22,0,0,1,0,0,0,0,0,0,"- ","- ",34.403329999999997,-119.52654,"SANTA BARBARA",CARPINTERIA,-119.52653159,34.403374360000001
90166214,2016,2016-04-26,9760,2016-04-21,1040,018483,,4,1,9,4200,0,1,3,,1,014,"SR-192 E/B","TORO CANYON CREEK BRIDGE U/C",10.00,E,N,A,-,Y,,,192,,,,,,E,Y,3,0,1,1,A,-,08,22107,,N,E,I,A,A,H,-,A,D,0,,,Y,,Y,,C,02,0,1,0,0,0,0,0,0,1,"- ","- ",34.428100000000001,-119.57447999999999,"SANTA BARBARA",UNINCORPORATED,-119.5744833,34.428107220000001
90178854,2016,2016-05-13,9755,2016-05-06,1800,017255,,5,2,9,4200,0,1,2,,2,004,"US-101 N/B","SANTA ROSA RD",5280.00,S,N,B,-,Y,,,101,,,,,,N,Y,3,0,1,1,A,-,03,22350,,N,E,I,A,B,H,-,A,D,0,,,,,Y,,A,01,0,1,0,0,0,0,0,0,0,"- ","- ",34.587769999999999,-120.19110000000001,"SANTA BARBARA",UNINCORPORATED,-120.19115856000001,34.587768070000003
90180325,2016,2016-05-16,9755,2016-05-06,2132,019292,,5,2,9,4200,0,3,5,,2,050,"CONSTELLATION RD","APOLLO WAY",129.00,E,N,A,-,N,,,,,,,,,,N,4,0,4,2,A,-,01,23152,A,M,D,C,A,A,H,-,C,D,0,,,,,Y,Y,A,07,0,0,4,0,0,0,0,0,0,"- ","- ",34.699750000000002,-119.46778,"SANTA BARBARA",UNINCORPORATED,-120.4678911,34.699721969999999
90180482,2016,2016-05-16,9750,2016-05-09,1940,018209,,1,2,9,4200,0,2,S,,2,025,"FOXEN LN","HILL ST",178.00,W,N,A,-,N,,,,,,,,,,Y,3,0,1,2,A,-,01,23152,A,N,C,E,A,A,H,-,D,D,0,,,,,Y,Y,D,22,0,1,0,0,0,0,0,0,0,"- ","- ",34.738790000000002,-120.27186,"SANTA BARBARA",UNINCORPORATED,-120.27191000000001,34.739310000000003
90181015,2016,2016-05-17,9750,2016-05-11,2330,016874,,3,3,9,4200,0,1,3,,1,021,"SR-135 (S/B)","UNION VALLEY PARKWAY",2640.00,S,N,B,-,Y,,,135,,,,,,,Y,3,0,3,1,A,-,08,22107,,N,E,I,A,A,H,-,D,D,0,,,,,Y,,A,07,0,2,1,0,0,0,0,0,0,"- ","- ",34.869779999999999,-120.43716999999999,"SANTA BARBARA",UNINCORPORATED,-120.43678380999999,34.86978242
90181031,2016,2018-03-19,9755,2016-05-13,1320,017884,,5,1,9,4200,0,1,3,,1,042,SR-154,"FOXEN CANYON RD",0.00,,Y,A,-,Y,,,154,,,,,,,Y,2,0,1,2,A,-,03,22350,,N,D,C,A,A,H,-,A,A,0,,,Y,,Y,,C,02,1,0,0,0,0,0,0,0,1,"- ","- ",34.667900000000003,-120.1229,"SANTA BARBARA",UNINCORPORATED,-120.12287240000001,34.66803153
90181274,2016,2016-05-17,9760,2016-04-22,1230,16739,,5,1,4,4214,0,1,2,,1,030,"US-101 S/B (EL CAMINO REAL)","LOS CARNEROS RD.",1584.00,N,N,A,-,Y,,,101,,,,,,S,Y,4,0,1,2,A,-,03,22350,,N,C,C,A,A,H,-,A,D,0,,,,,Y,,A,01,0,0,1,0,0,0,0,0,0,"- ","- ",34.436880000000002,-119.85671000000001,"SANTA BARBARA",GOLETA,-119.85672762,34.436975310000001
90181570,2016,2016-05-17,9760,2016-05-03,1500,017314,,2,2,9,4200,0,1,2,,2,020,"US-101 N/B","PATTERSON AVENUE",920.00,S,N,B,-,Y,,,101,,,,,,N,Y,4,0,1,2,A,-,03,22350,,N,C,C,A,A,H,-,A,A,0,,,,,Y,,A,07,0,0,1,0,0,0,0,0,0,"- ","- ",34.441670000000002,-119.80177,"SANTA BARBARA",UNINCORPORATED,-119.80176758,34.441600270000002
90181655,2016,2016-05-17,9760,2016-04-22,1145,16739,,5,1,9,4200,0,1,2,,2,020,"US-101 S/B (EL CAMINO REAL)","PATTERSON AVE.",35.00,S,N,A,-,Y,,,101,,,,,,S,Y,3,0,2,2,A,-,08,22107,,N,D,C,A,A,H,-,A,D,0,,,,,Y,,A,01,0,2,0,0,0,0,0,0,0,"- ","- ",34.44182,-119.80798,"SANTA BARBARA",UNINCORPORATED,-119.80797784000001,34.441843130000002
90181951,2016,2016-05-18,9760,2016-05-03,1430,015658,,2,2,9,4200,0,1,3,,1,022,"SR-154 (SAN MARCOS PASS)","STAGECOACH RD",1320.00,W,N,A,-,Y,,,154,,,,,,,Y,4,0,1,2,A,-,03,22350,,N,C,C,A,A,H,-,A,D,0,,,,,Y,,A,08,0,0,1,0,0,0,0,0,0,"- ","- ",34.525080000000003,-119.83359,"SANTA BARBARA",UNINCORPORATED,-119.83361266,34.525054580000003
90182111,2016,2016-05-18,9760,2016-05-04,0840,017674,,3,1,5,4203,0,1,2,,2,011,"US-101 S/B","LAS POSITAS RD. ON-RAMP",300.00,S,N,B,-,Y,,,101,,,,,,S,Y,4,0,1,2,A,-,03,22350,,N,C,C,A,B,H,-,A,D,0,,,,,Y,,A,07,0,0,1,0,0,0,0,0,0,"- ","- ",34.4268,-119.72742,"SANTA BARBARA","SANTA BARBARA",-119.72741642,34.426825870000002
90182145,2016,2016-05-18,9760,2016-05-04,0830,015658,,3,1,9,4200,0,3,5,,2,005,"CAMINO CORTO","ABREGO RD",0.00,,Y,B,-,N,,,,,,,,,,N,3,0,1,2,A,-,10,21950,A,N,G,B,B,B,H,-,A,A,0,Y,,,,Y,,D,22,0,1,0,0,1,0,0,0,0,"- ","- ",34.414540000000002,-119.86655,"SANTA BARBARA",UNINCORPORATED,-119.86653995,34.414480040000001
90197508,2016,2016-06-09,9750,2016-06-06,1430,015514,,1,2,9,4200,0,1,2,,2,002,"US-101 N/B (EL CAMINO REAL)","CLARK AVENUE",5280.00,S,N,A,-,Y,,,101,,,,,,N,Y,4,0,1,1,A,-,08,22107,,N,F,A,A,A,H,-,A,D,0,,,,,Y,,A,01,0,0,1,0,0,0,0,0,0,"- ","- ",34.857309999999998,-120.38816,"SANTA BARBARA",UNINCORPORATED,-120.38863326000001,34.856912719999997
90197518,2016,2016-06-09,9750,2016-06-07,1340,015915,,2,1,9,4200,0,2,4,,1,024,"BRADLEY ROAD","CLARK AVENUE",10.00,N,N,A,-,N,,,,,,,,,,Y,4,0,2,2,A,-,03,22350,,N,C,C,A,A,H,-,A,A,0,,,,,Y,,A,07,0,0,2,0,0,0,0,0,0,"- ","- ",34.865209999999998,-120.41961000000001,"SANTA BARBARA",UNINCORPORATED,-120.41880713,34.865043559999997
90199021,2016,2016-06-10,9760,2016-05-27,1650,018431,,5,2,9,4200,0,1,2,,1,030,"US-101 S/B","EL CAPITAN STATE BEACH RD",2640.00,S,N,A,-,Y,,,101,,,,,,S,Y,3,0,2,4,A,-,03,22350,,N,C,C,A,A,H,-,A,D,0,,,,,Y,,A,01,0,1,1,0,0,0,0,0,0,"- ","- ",34.460239999999999,-119.99885999999999,"SANTA BARBARA",UNINCORPORATED,-119.99889434000001,34.460026509999999
90199276,2016,2016-06-10,9755,2016-06-05,1505,013618,,7,2,9,4200,0,1,3,,1,051,"RT 1","JALAMA BEACH ROAD",0.00,,N,A,-,Y,,,1,,,,,,,Y,4,0,1,1,A,-,08,22107,,N,F,A,A,A,H,-,A,D,0,,,,,Y,,A,07,0,0,1,0,0,0,0,0,0,"- ","- ",34.585090000000001,-120.39726,"SANTA BARBARA",UNINCORPORATED,-120.39725339,34.585047670000002
90199279,2016,2016-06-10,9755,2016-06-04,1540,018514,,6,2,9,4200,0,1,3,,1,042,SR-154,"LAKEVIEW RD",1056.00,W,N,A,-,Y,,,154,,,,,,,N,4,0,1,1,A,-,08,22107,,N,F,A,A,A,H,-,A,D,0,,,Y,,Y,,C,02,0,0,1,0,0,0,0,0,1,"- ","- ",34.572710000000001,-119.95974,"SANTA BARBARA",UNINCORPORATED,-119.95973223999999,34.572682350000001
90199708,2016,2016-06-13,9750,2016-06-03,1800,019397,,5,2,9,4200,0,1,3,,1,062,"SR-166 (E/B)","CABLE CORRAL RD",6336.00,W,N,A,-,Y,,,166,,,,,,,Y,3,0,1,2,A,-,08,22107,,N,B,C,A,A,H,-,A,D,0,,,,,Y,,D,22,0,1,0,0,0,0,0,0,0,"- ","- ",35.09393,-120.12949,"SANTA BARBARA",UNINCORPORATED,-120.12948372,35.093968050000001
90200882,2016,2016-06-14,9760,2016-06-01,2035,020777,,3,2,4,4214,0,1,2,,1,030,"US-101 SOUTHBOUND","LOS CARNEROS ROAD",500.00,N,N,A,-,Y,,,101,,,,,,S,N,4,0,1,2,A,-,03,22350,,N,C,C,A,A,H,-,D,D,0,,,,,Y,,A,07,0,0,1,0,0,0,0,0,0,"- ","- ",34.436399999999999,-119.8592,"SANTA BARBARA",GOLETA,-119.85922141,34.436518980000002
90201542,2016,2016-06-14,9760,2016-06-02,1738,021300,,4,2,5,4203,0,1,2,,2,011,"US-101 S/B (EL CAMINO REAL)","MISSION ST",2100.00,N,N,A,-,Y,,,101,,,,,,S,N,4,0,4,3,A,-,03,22350,,N,C,C,A,A,H,-,A,D,0,,,,,Y,,A,01,0,0,4,0,0,0,0,0,0,"- ","- ",34.426749999999998,-119.72731,"SANTA BARBARA","SANTA BARBARA",-119.7273017,34.426809990000002
90201573,2016,2016-06-14,9760,2016-06-02,1740,018431,,4,2,9,4200,0,1,2,,2,020,"US-101 S/B","FAIRVIEW AVE.",1320.00,S,N,A,-,Y,,,,,,,,,,Y,3,0,5,2,A,-,03,22350,,N,C,C,A,A,H,-,A,D,0,,,,,Y,,A,08,0,2,3,0,0,0,0,0,0,"- ","- ",34.439860000000003,-119.82749,"SANTA BARBARA",UNINCORPORATED,-119.83674766,34.439056579999999
90202021,2016,2016-06-15,9760,2016-06-07,2115,020473,,2,2,5,4203,0,1,2,,2,011,"US-101 S/B TO MISSION ST.","MISSION ST",40.00,N,N,A,-,Y,,,101,,,,R,,S,Y,4,0,1,4,A,-,03,22350,,N,C,C,A,A,H,-,C,A,0,,,,,Y,,A,07,0,0,1,0,0,0,0,0,0,"- ","- ",34.425409999999999,-119.72127,"SANTA BARBARA","SANTA BARBARA",-119.72127,34.425409999999999
90202078,2016,2016-06-15,9760,2016-06-08,1140,017674,,3,1,9,4200,0,3,5,,2,005,"SABADO TARDE RD.","CAMINO PESCADERO",310.00,E,N,A,-,N,,,,,,,,,,N,3,0,1,1,A,-,03,22350,,N,F,I,A,A,H,-,A,D,0,,Y,,,Y,,L,04,0,1,0,0,0,0,1,0,0,"- ","- ",34.410380000000004,-119.85772,"SANTA BARBARA",UNINCORPORATED,-119.85767293000001,34.410444329999997
90202619,2016,2016-06-15,9760,2016-06-04,1010,020528,,6,1,5,4203,0,1,2,,2,020,"US-101 S/B (EL CAMINO REAL)","TURNPIKE RD.",2300.00,N,N,A,-,Y,,,,,,,,,,Y,4,0,1,1,A,-,08,22107,,N,E,I,A,A,H,-,A,D,0,,,,,Y,,D,22,0,0,1,0,0,0,0,0,0,"- ","- ",34.441549999999999,-119.79715,"SANTA BARBARA","SANTA BARBARA",-119.78926,34.442239999999998
90202919,2016,2016-06-16,9760,2016-06-09,1628,020528,,4,2,9,4200,0,3,5,,2,001,"EAST MOUNTAIN ROAD","COLD SPRINGS ROAD",1320.00,E,N,A,-,N,,,,,,,,,,N,2,0,1,1,A,-,03,22350,,N,F,A,A,B,H,-,A,D,0,,Y,,,Y,,L,04,1,0,0,0,0,0,1,0,0,"- ","- ",34.456940000000003,-119.65352,"SANTA BARBARA",UNINCORPORATED,-119.65393722,34.455148719999997
90202964,2016,2016-06-16,9760,2016-06-10,0200,020721,,5,3,5,4203,0,1,2,,2,011,"US-101 N/B","MILPAS ST",1584.00,S,N,A,-,Y,,,101,,,,,,N,Y,3,0,2,1,A,-,08,22107,,N,E,I,A,A,H,-,C,D,0,,,,,Y,,A,01,0,2,0,0,0,0,0,0,0,"- ","- ",34.419910000000002,-119.67131999999999,"SANTA BARBARA","SANTA BARBARA",-119.67132488999999,34.419947860000001
90202999,2016,2016-06-16,9760,2016-04-03,2335,020528,,7,3,9,4200,0,1,2,,2,010,"US-101 S/B (EL CAMINO REAL)","NORTH PADARO LANE",3960.00,S,N,A,-,Y,,,101,,,,,,S,Y,1,1,0,1,A,-,08,22107,,N,E,I,A,A,H,-,D,D,0,,,,,Y,Y,A,08,0,0,0,0,0,0,0,0,0,"- ","- ",34.416370000000001,-119.56849,"SANTA BARBARA",UNINCORPORATED,-119.56849943,34.416434799999998
90203066,2016,2016-06-16,9755,2016-06-11,0735,016058,,6,1,9,4200,0,1,2,,2,004,"US-101 S/B","JONATA PARK RD",5280.00,N,N,B,-,Y,,,101,,,,,,S,Y,3,0,1,1,A,-,08,22107,,N,F,A,A,A,H,-,A,D,0,,,,,Y,,A,01,0,1,0,0,0,0,0,0,0,"- ","- ",34.666530000000002,-120.17322,"SANTA BARBARA",UNINCORPORATED,-120.17321574,34.666524600000002
90203176,2016,2016-06-16,9760,2016-06-11,1125,020757,,6,1,3,4205,0,1,2,,2,010,"US-101 N/B","CASITAS PASS RD",500.00,S,N,B,-,Y,,,101,,,,,,N,N,4,0,1,3,A,-,03,22350,,N,C,C,A,A,H,-,A,D,0,,,,,Y,,D,22,0,0,1,0,0,0,0,0,0,"- ","- ",34.395580000000002,-119.51062,"SANTA BARBARA",CARPINTERIA,-119.51063073,34.39557267
90203383,2016,2016-06-16,9760,2016-05-24,1650,018264,,2,2,5,4203,0,1,2,,2,011,"US-101 SOUTHBOUND","GARDEN ST",500.00,S,N,A,-,Y,,,101,,,,,,S,Y,4,0,2,3,A,-,03,22350,,N,C,C,A,A,H,-,A,D,0,,,,,Y,,D,22,0,0,2,0,0,0,0,0,0,"- ","- ",34.419049999999999,-119.68805999999999,"SANTA BARBARA","SANTA BARBARA",-119.68807375999999,34.419088279999997