CASE_ID,ACCIDENT_YEAR,PROC_DATE,JURIS,COLLISION_DATE,COLLISION_TIME,OFFICER_ID,REPORTING_DISTRICT,DAY_OF_WEEK,CHP_SHIFT,POPULATION,CNTY_CITY_LOC,SPECIAL_COND,BEAT_TYPE,CHP_BEAT_TYPE,CITY_DIVISION_LAPD,CHP_BEAT_CLASS,BEAT_NUMBER,PRIMARY_RD,SECONDARY_RD,DISTANCE,DIRECTION,INTERSECTION,WEATHER_1,WEATHER_2,STATE_HWY_IND,CALTRANS_COUNTY,CALTRANS_DISTRICT,STATE_ROUTE,ROUTE_SUFFIX,POSTMILE_PREFIX,POSTMILE,LOCATION_TYPE,RAMP_INTERSECTION,SIDE_OF_HWY,TOW_AWAY,COLLISION_SEVERITY,NUMBER_KILLED,NUMBER_INJURED,PARTY_COUNT,PRIMARY_COLL_FACTOR,PCF_CODE_OF_VIOL,PCF_VIOL_CATEGORY,PCF_VIOLATION,PCF_VIOL_SUBSECTION,HIT_AND_RUN,TYPE_OF_COLLISION,MVIW,PED_ACTION,ROAD_SURFACE,ROAD_COND_1,ROAD_COND_2,LIGHTING,CONTROL_DEVICE,CHP_ROAD_TYPE,PEDESTRIAN_ACCIDENT,BICYCLE_ACCIDENT,MOTORCYCLE_ACCIDENT,TRUCK_ACCIDENT,NOT_PRIVATE_PROPERTY,ALCOHOL_INVOLVED,STWD_VEHTYPE_AT_FAULT,CHP_VEHTYPE_AT_FAULT,COUNT_SEVERE_INJ,COUNT_VISIBLE_INJ,COUNT_COMPLAINT_PAIN,COUNT_PED_KILLED,COUNT_PED_INJURED,COUNT_BICYCLIST_KILLED,COUNT_BICYCLIST_INJURED,COUNT_MC_KILLED,COUNT_MC_INJURED,PRIMARY_RAMP,SECONDARY_RAMP,LATITUDE,LONGITUDE,COUNTY,CITY,POINT_X,POINT_Y
90203771,2016,2016-06-17,9760,2016-06-12,0925,020757,,7,1,9,4200,0,3,5,,2,001,"SR-192 W/B","ORTEGA RIDGE RD",200.00,E,N,A,-,Y,,,192,,,,,,W,N,2,0,2,2,A,-,06,21755,,N,B,G,A,A,H,-,A,D,0,,Y,,,Y,,L,04,1,1,0,0,0,0,2,0,0,"- ","- ",34.436070000000001,-119.59081999999999,"SANTA BARBARA",UNINCORPORATED,-119.59082005,34.436065360000001
90205165,2016,2016-06-20,9760,2016-06-11,1215,020908,,6,1,9,4200,0,1,3,,1,022,"SR-154 E/B","PAINTED CAVE RD",200.00,W,N,B,E,Y,,,154,,,,,,E,Y,4,0,1,2,A,-,03,22350,,N,C,C,A,B,H,-,A,D,0,,,,,Y,,A,01,0,0,1,0,0,0,0,0,0,"- ","- ",34.491540000000001,-119.79602,"SANTA BARBARA",UNINCORPORATED,-119.79601923,34.4915418
90205225,2016,2016-06-20,9760,2016-06-11,1230,16739,,6,1,9,4200,0,1,3,,1,022,"SR-154 (SAN MARCOS PASS RD.)","SAN MARCOS RD.",0.00,,Y,C,E,Y,,,154,,,,,,,Y,4,0,3,2,A,-,03,22350,,N,C,C,A,B,H,-,A,D,0,,,,,Y,,A,01,0,0,3,0,0,0,0,0,0,"- ","- ",34.49127,-119.79541,"SANTA BARBARA",UNINCORPORATED,-119.79540483,34.491283490000001
90205663,2016,2016-06-20,9760,2016-06-12,1745,020908,,7,2,9,4200,0,1,2,,1,040,"US-101 N/B (EL CAMINO REAL)","EL CAPITAN STATE BEACH RD",5280.00,N,N,A,-,Y,,,101,,,,,,N,Y,4,0,1,1,A,-,08,22107,,N,F,A,A,A,H,-,A,D,0,,,,,Y,,A,07,0,0,1,0,0,0,0,0,0,"- ","- ",34.464359999999999,-120.03856999999999,"SANTA BARBARA",UNINCORPORATED,-120.03857530000001,34.464499400000001
90206029,2016,2016-06-21,9760,2016-06-12,1346,017603,,7,1,9,4200,0,3,5,,2,002,"LAS PALMAS DR","VIA CAYENTE",0.00,,Y,A,-,N,,,,,,,,,,Y,4,0,1,1,A,-,08,22107,,N,F,I,A,A,H,-,A,D,0,,,Y,,Y,,C,02,0,0,1,0,0,0,0,0,1,"- ","- ",34.421970000000002,-119.77106999999999,"SANTA BARBARA",UNINCORPORATED,-119.77088987,34.422040000000003
90206585,2016,2016-06-21,9750,2016-06-13,0545,015514,,1,3,5,4204,0,1,2,,2,001,"US-101 S/B (EL CAMINO REAL)","BETTERAVIA RD",1056.00,N,N,B,-,Y,,,,,,,,,,Y,3,0,1,3,A,-,03,22350,,N,C,C,A,A,H,-,A,D,0,,,,,Y,,D,22,0,1,0,0,0,0,0,0,0,"- ","- ",34.925579999999997,-120.47806,"SANTA BARBARA","SANTA MARIA",-120.41798686,34.926600350000001
90208277,2016,2016-06-23,9750,2016-06-15,1040,013267,,3,1,9,4200,0,3,5,,2,010,"BROWN ROAD","BETTERAVIA ROAD",0.00,,Y,A,-,N,,,,,,,,,,Y,4,0,1,3,A,-,09,21802,A,N,D,C,A,A,H,-,A,A,0,,,,Y,Y,,A,01,0,0,1,0,0,0,0,0,0,"- ","- ",34.935160000000003,-120.54657,"SANTA BARBARA",UNINCORPORATED,-120.54642995,34.935200080000001
90208485,2016,2016-06-23,9760,2016-06-16,1115,014690,,4,1,9,4200,0,1,3,,1,022,"SR-154 W/B","VISTA POINT",607.00,E,N,A,-,Y,,,154,,,,,,W,Y,3,0,1,1,A,-,08,22107,,N,E,I,A,A,H,-,A,D,0,,,,,Y,,A,07,0,1,0,0,0,0,0,0,0,"- ","- ",34.530290000000001,-119.84165,"SANTA BARBARA",UNINCORPORATED,-119.84165108000001,34.53028776
90209252,2016,2016-06-24,9755,2016-06-22,2055,020202,,3,2,9,4200,0,1,2,,2,004,"NB US-101","JONATA PARK RD",3696.00,N,N,B,-,Y,,,101,,,,,,,Y,3,0,1,1,C,-,18,,,N,H,H,A,A,H,-,D,D,0,,,,,Y,,-,"- ",0,1,0,0,0,0,0,0,0,"- ","- ",34.658729999999998,-120.17993,"SANTA BARBARA",UNINCORPORATED,-120.17991031,34.658716560000002
90210035,2016,2016-06-27,9750,2016-06-18,0450,019397,,6,3,9,4200,0,1,3,,1,062,"SR-166 E/B","WILD COW U.C.",1056.00,E,N,A,-,Y,,,166,,,,,,E,Y,4,0,1,1,A,-,08,22107,,N,F,A,A,A,H,-,D,D,0,,,,,Y,,A,01,0,0,1,0,0,0,0,0,0,"- ","- ",35.103279999999998,-120.10760000000001,"SANTA BARBARA",UNINCORPORATED,-120.10764449,35.10332391
90210166,2016,2016-06-27,9750,2016-06-24,1605,018209,,5,2,9,4200,0,1,3,,1,021,"SR-135 N/B","RICE RANCH U/C",1056.00,S,N,A,-,Y,,,135,,,,,,N,Y,3,0,1,1,A,-,08,22107,,N,F,A,A,A,H,-,A,D,0,,,,Y,Y,,F,26,0,1,0,0,0,0,0,0,0,"- ","- ",34.857939999999999,-120.4421,"SANTA BARBARA",UNINCORPORATED,-120.44210465,34.858009099999997
90210520,2016,2016-06-27,9750,2016-06-25,1505,017616,,6,2,9,4200,0,2,4,,1,024,"BRADLEY ROAD","CAMBRIA AVE",100.00,N,N,A,-,N,,,,,,,,,,N,3,0,1,1,A,-,03,22350,,N,E,I,A,A,H,-,A,D,0,,,Y,,Y,,C,02,0,1,0,0,0,0,0,0,1,"- ","- ",34.891359999999999,-120.42261000000001,"SANTA BARBARA",UNINCORPORATED,-120.42244352,34.890973520000003
90210708,2016,2016-06-28,9760,2016-06-18,0445,021061,,6,3,9,4200,0,1,2,,1,040,"US-101 N/B","REFUGIO RD",1056.00,S,N,A,-,Y,,,101,,,,,,N,Y,3,0,1,1,A,-,01,23152,A,N,E,I,A,A,H,-,D,D,0,,,,,Y,Y,A,07,0,1,0,0,0,0,0,0,0,"- ","- ",34.462609999999998,-120.05782000000001,"SANTA BARBARA",UNINCORPORATED,-120.05782250999999,34.462585869999998
90211101,2016,2016-06-28,9760,2016-06-20,0855,017674,,1,1,5,4203,0,1,2,,2,020,"US-101 S/B","LAS POSITAS RD O.C.",250.00,N,N,A,-,Y,,,101,,,,,,S,Y,3,0,1,3,A,-,03,22350,,N,C,C,A,A,H,-,A,D,0,,,,Y,Y,,G,25,0,1,0,0,0,0,0,0,0,"- ","- ",34.427990000000001,-119.73459,"SANTA BARBARA","SANTA BARBARA",-119.73458466,34.428036679999998
90211650,2016,2016-06-29,9760,2016-05-22,1153,021294,,7,1,9,4200,0,3,5,,2,004,"REFUGIO RD.","US-101 (EL CAMINO REAL)",34320.00,N,N,A,-,N,,,,,,,,,,Y,3,0,1,1,A,-,01,23152,A,N,E,I,A,A,H,-,A,D,0,,,,,Y,Y,A,01,0,1,0,0,0,0,0,0,0,"- ","- ",34.52684,-120.06373000000001,"SANTA BARBARA",UNINCORPORATED,-120.06905,34.46575
90166259,2016,2016-04-26,9760,2016-04-21,1430,015669,,4,2,9,4200,0,3,5,,2,005,"SABADO TARDE ROAD","CAMINO DEL SUR",5.00,W,N,A,-,N,,,,,,,,,,N,3,0,1,1,C,-,18,,,N,F,A,A,A,H,-,A,A,0,,Y,,,Y,,-,"- ",0,1,0,0,0,0,1,0,0,"- ","- ",34.410409999999999,-119.86264,"SANTA BARBARA",UNINCORPORATED,-119.86260656,34.410460129999997
90166275,2016,2016-04-26,9750,2016-04-22,1410,012697,,5,2,9,4200,0,1,2,,2,001,"U.S. 101 S/B TO BETTERAVIA RD.","BETTERAVIA RD",120.00,N,N,B,-,Y,,,,,,,,,,N,4,0,1,2,A,-,03,22350,,N,C,C,A,A,H,-,A,D,0,,,,,Y,,A,07,0,0,1,0,0,0,0,0,0,"- ","- ",34.924050000000001,-120.41884,"SANTA BARBARA",UNINCORPORATED,-120.41799687,34.92402955
90167056,2016,2016-04-27,9750,2016-04-23,0657,015915,,6,1,9,4200,0,1,2,,2,003,"US 101 S/B","PALMER ROAD",10560.00,S,N,A,-,Y,,,,,,,,,,Y,2,0,4,1,A,-,08,22107,,N,F,A,A,A,H,-,A,D,0,,,,,Y,,A,01,1,1,2,0,0,0,0,0,0,"- ","- ",34.775100000000002,-120.31100000000001,"SANTA BARBARA",UNINCORPORATED,-120.30822779,34.771763409999998
90167126,2016,2016-04-27,9755,2016-04-18,1615,013618,,1,2,9,4200,0,1,3,,1,055,"RT 1","PURISIMA ROAD",40.00,S,N,A,-,Y,,,1,,,,,,,Y,3,0,2,2,A,-,03,22350,,N,C,C,A,A,H,-,A,A,0,,,,,Y,,A,07,0,1,1,0,0,0,0,0,0,"- ","- ",34.678220000000003,-120.45560999999999,"SANTA BARBARA",UNINCORPORATED,-120.45586381,34.678385949999999
90167179,2016,2016-04-27,9760,2016-04-25,1700,017314,,1,2,4,4214,0,1,2,,1,030,"US-101 N/B TO GLEN ANNIE RD.","GLEN ANNIE RD",1056.00,S,N,A,G,Y,,,101,,,,R,,N,N,4,0,1,2,A,-,03,22350,,N,C,C,A,A,H,-,A,D,0,,,,,Y,,A,07,0,0,1,0,0,0,0,0,0,"- ","- ",34.435929999999999,-119.86456,"SANTA BARBARA",GOLETA,-119.86456,34.435929999999999
90167215,2016,2016-04-27,9760,2016-04-25,0905,018483,,1,1,9,4200,0,1,2,,2,010,"US-101 N/B","SAN YSIDRO ROAD O/C",1100.00,S,N,A,-,Y,,,101,,,,,,N,Y,3,0,2,2,A,-,03,22350,,N,C,C,A,A,H,-,A,D,0,,,,,Y,,A,01,0,1,1,0,0,0,0,0,0,"- ","- ",34.421559999999999,-119.62862,"SANTA BARBARA",UNINCORPORATED,-119.62861038,34.421591669999998
90167725,2016,2016-04-28,9760,2016-04-27,1620,017314,,3,2,5,4203,0,1,2,,2,020,"US-101 S/B","LA CUMBRE ROAD",1056.00,S,N,A,G,Y,,,101,,,,,,S,N,4,0,3,2,A,-,03,22350,,N,C,C,A,A,H,-,A,D,0,,,,,Y,,A,01,0,0,3,0,0,0,0,0,0,"- ","- ",34.436190000000003,-119.75108,"SANTA BARBARA","SANTA BARBARA",-119.75106541,34.436205749999999
90168076,2016,2016-07-12,9750,2016-02-29,1025,015514,,1,1,9,4200,0,1,3,,1,062,"SR-166 W/B","ROCK FRONT RANCH",8448.00,W,N,A,-,Y,,,166,,,,,,W,Y,1,1,0,1,A,-,08,22107,,N,F,A,A,A,H,-,A,D,0,,,,,Y,,A,01,0,0,0,0,0,0,0,0,0,"- ","- ",35.098489999999998,-120.12021,"SANTA BARBARA",UNINCORPORATED,-120.12018168,35.09844674
90168231,2016,2016-04-28,9750,2016-04-18,1330,015514,,1,1,9,4200,0,2,4,,1,024,"UNION VALLEY PARKWAY","BRADLEY ROAD",67.00,W,N,A,-,N,,,,,,,,,,Y,4,0,1,2,A,-,03,22350,,N,C,C,A,A,H,-,A,A,0,,,,,Y,,A,01,0,0,1,0,0,0,0,0,0,"- ","- ",34.879640000000002,-120.41945,"SANTA BARBARA",UNINCORPORATED,-120.4189229,34.87934885
90168246,2016,2016-04-28,9750,2016-04-21,1433,019397,,4,2,9,4200,0,2,4,,1,024,"BRADLEY ROAD","PATTERSON RD",30.00,N,N,A,-,N,,,,,,,,,,N,4,0,1,2,A,-,03,22350,,N,C,C,A,A,H,-,A,A,0,,,,,Y,,A,01,0,0,1,0,0,0,0,0,0,"- ","- ",34.868560000000002,-120.41886,"SANTA BARBARA",UNINCORPORATED,-120.41879821000001,34.868652390000001
90229356,2016,2016-07-25,9760,2016-07-15,2240,020757,,5,3,9,4200,0,1,2,,2,010,"US-101 S/B","POSILIPO LN",100.00,N,N,A,-,Y,,,101,,,,,,S,Y,4,0,1,1,A,-,08,22107,,N,E,I,A,A,H,-,C,D,0,,,,,Y,,A,01,0,0,1,0,0,0,0,0,0,"- ","- ",34.4208,-119.62609999999999,"SANTA BARBARA",UNINCORPORATED,-119.62609320999999,34.420885900000002
90182543,2016,2016-05-18,9760,2016-05-10,0730,017674,,2,1,9,4200,0,3,5,,2,002,"STATE ST.","STATE ST.",12.00,E,N,B,-,N,,,,,,,,,,N,4,0,1,2,A,-,09,21802,A,N,D,C,A,A,H,-,A,A,0,,,,,Y,,A,01,0,0,1,0,0,0,0,0,0,"- ","- ",34.440280000000001,-119.75803999999999,"SANTA BARBARA",UNINCORPORATED,-119.76747023,34.440510000000003
90182571,2016,2016-05-18,9760,2016-05-16,0845,015669,,1,1,5,4203,0,1,2,,2,011,"U.S. 101 SOUTHBOUND","CARRILLO STREET",2112.00,N,N,B,-,Y,,,,,,,,,,Y,3,0,1,2,A,-,03,22350,,N,C,C,A,A,H,-,A,D,0,,,,,Y,,A,01,0,1,0,0,0,0,0,0,0,"- ","- ",34.420520000000003,-119.71372,"SANTA BARBARA","SANTA BARBARA",-119.71013000000001,34.41798
90182769,2016,2016-05-24,9760,2016-05-10,1522,017253,,2,2,9,4200,0,3,5,,2,005,"EL COLEGIO ROAD","EMBARCADERO DEL NORTE",0.00,,Y,B,-,N,,,,,,,,,,N,3,0,1,2,A,-,12,21453,A,N,D,G,A,A,H,-,A,A,0,,Y,,,Y,,L,04,0,1,0,0,0,0,1,0,0,"- ","- ",34.417270000000002,-119.85547,"SANTA BARBARA",UNINCORPORATED,-119.85535998,34.417390089999998
90183177,2016,2016-05-19,9760,2016-04-27,1550,018264,,3,2,5,4203,0,1,2,,2,011,"US-101 SOUTHBOUND","SALINAS ST",30.00,S,N,A,-,Y,,,101,,,,,,S,Y,2,0,2,6,A,-,03,22350,,N,C,C,A,A,H,-,A,D,0,,,,,Y,,A,07,1,0,1,0,0,0,0,0,0,"- ","- ",34.421610000000001,-119.66548,"SANTA BARBARA","SANTA BARBARA",-119.66542407,34.421416620000002
90183248,2016,2016-05-19,9760,2016-05-17,1300,017253,,2,1,9,4200,0,1,3,,1,014,SR-192,"CASITAS PASS RD.",25.00,E,N,A,-,Y,,,192,,,,,,,N,3,0,5,5,A,-,03,22350,,N,C,G,A,A,H,-,A,A,0,,Y,,,Y,,L,04,0,5,0,0,0,0,5,0,0,"- ","- ",34.406010000000002,-119.50507,"SANTA BARBARA",UNINCORPORATED,-119.50507166,34.405986980000002
90183253,2016,2016-05-19,9760,2016-05-08,1750,020721,,7,2,5,4203,0,1,2,,2,020,"US-101 S/B","STATE ST",457.00,N,N,A,-,Y,,,101,,,,,,S,Y,3,0,4,2,A,-,08,22107,,N,B,C,A,A,H,-,A,D,0,,,,,Y,,M,47,0,4,0,0,0,0,0,0,0,"- ","- ",34.440939999999998,-119.75757,"SANTA BARBARA","SANTA BARBARA",-119.75757086,34.440936970000003
90184007,2016,2016-05-20,9755,2016-04-30,0536,017884,,6,3,9,4200,0,1,3,,1,042,SR-154,"FOXEN CANYON RD",150.00,E,N,A,-,Y,,,154,,,,,,,Y,1,1,0,1,A,-,03,22350,,N,E,H,A,A,H,-,D,D,0,,,,,Y,,D,22,0,0,0,0,0,0,0,0,0,"- ","- ",34.667789999999997,-120.12260000000001,"SANTA BARBARA",UNINCORPORATED,-120.12257493,34.6679703
90212859,2016,2016-06-30,9750,2016-06-27,1705,017379,,1,2,5,4204,0,1,2,,2,001,"US-101 (S/B)","SANTA MARIA WAY",8448.00,N,N,A,-,Y,,,101,,,,,,,Y,3,0,1,1,A,-,08,22107,,N,E,I,A,A,H,-,A,D,0,,,,,Y,,A,01,0,1,0,0,0,0,0,0,0,"- ","- ",34.912370000000003,-120.41819,"SANTA BARBARA","SANTA MARIA",-120.41812385999999,34.912369230000003
90212901,2016,2016-06-30,9760,2016-06-04,1610,018431,,6,2,9,4200,0,1,2,,2,010,"US-101 N/B","SAN YSIDRO RD.",100.00,N,N,B,-,Y,,,101,,,,,,N,N,4,0,1,3,A,-,04,21703,,N,C,C,A,A,H,-,A,D,0,,,,,Y,,A,01,0,0,1,0,0,0,0,0,0,"- ","- ",34.422550000000001,-119.63160999999999,"SANTA BARBARA",UNINCORPORATED,-119.63161799,34.422512990000001
90213047,2016,2016-06-30,9760,2016-06-07,1245,017603,,2,1,9,4200,0,1,2,,2,020,"US-101 N/B","TURNPIKE RD OC/BR 51.99",75.00,S,N,A,-,Y,,,101,,,,,,N,Y,3,0,3,4,A,-,07,21658,A,N,D,C,A,A,H,-,A,D,0,,,,,Y,,A,08,0,1,2,0,0,0,0,0,0,"- ","- ",34.442430000000002,-119.7889,"SANTA BARBARA",UNINCORPORATED,-119.78889983000001,34.44241323
90213329,2016,2016-06-30,9750,2016-06-29,1520,018209,,3,2,9,4200,0,1,3,,1,021,"SR-135 N/B (ORCUTT EXPY)","LAKEVIEW RD",550.00,S,N,A,-,Y,,,135,,,,,,N,N,4,0,1,3,A,-,03,22350,,N,C,C,A,A,H,-,A,D,0,,,,,Y,,A,01,0,0,1,0,0,0,0,0,0,"- ","- ",34.892800000000001,-120.43644999999999,"SANTA BARBARA",UNINCORPORATED,-120.43646389,34.892800010000002
90229364,2016,2016-07-25,9760,2016-07-16,2330,020528,,6,3,9,4200,0,3,5,,2,001,"GIBRALTAR RD","E. CAMINO CIELO",13200.00,S,N,B,-,N,,,,,,,,,,N,2,0,1,1,A,-,03,22350,,N,E,I,A,A,H,-,D,D,0,,,,,Y,Y,A,01,1,0,0,0,0,0,0,0,0,"- ","- ",34.470280000000002,-119.67977999999999,"SANTA BARBARA",UNINCORPORATED,-119.67961154,34.47728438
90229396,2016,2016-07-27,9760,2016-07-16,1323,020965,,6,1,9,4200,0,1,2,,2,010,"US-101 N/B","SHEFFIELD DR",1000.00,N,N,A,-,Y,,,101,,,,,,N,Y,3,0,2,4,A,-,03,22350,,N,C,C,A,A,H,-,A,D,0,,,,,Y,,A,01,0,1,1,0,0,0,0,0,0,"- ","- ",34.421080000000003,-119.62053,"SANTA BARBARA",UNINCORPORATED,-119.62053444,34.421131619999997
90229487,2016,2016-07-25,9750,2016-07-15,2046,019397,,5,2,9,4200,0,1,2,,2,001,"US-101 (S/B)","DONOVAN RD",3168.00,N,N,A,-,Y,,,,,,,,,,Y,3,0,1,1,A,-,01,23152,A,N,E,I,A,A,H,-,D,D,0,,,,,Y,Y,A,01,0,1,0,0,0,0,0,0,0,"- ","- ",34.975459999999998,-120.4281,"SANTA BARBARA",UNINCORPORATED,-120.42791812999999,34.975428960000002
90229628,2016,2016-07-25,9760,2016-07-23,1410,020777,,6,2,9,4200,0,1,2,,2,010,"US-101 N/B","SAN YSIDRO ROAD",300.00,S,N,A,-,Y,,,101,,,,,,N,N,4,0,1,2,A,-,03,22350,,N,C,C,A,A,H,-,A,D,0,,,,,Y,,A,07,0,0,1,0,0,0,0,0,0,"- ","- ",34.420999999999999,-119.62649999999999,"SANTA BARBARA",UNINCORPORATED,-119.62648557999999,34.421089479999999
90230852,2016,2016-07-26,9750,2016-07-25,1725,018209,,1,2,5,4204,0,1,2,,2,001,"US-101 S/B (EL CAMINO REAL) TO MAIN ST.","MAIN STREET",10.00,N,N,A,-,Y,,,101,,,,R,,S,N,4,0,1,3,A,-,03,22350,,N,C,C,A,A,H,-,A,D,0,,,,,Y,,A,01,0,0,1,0,0,0,0,0,0,"- ","- ",34.953299999999999,-120.41825,"SANTA BARBARA","SANTA MARIA",-120.41825,34.953299999999999
90230973,2016,2016-07-26,9760,2016-07-24,1555,021300,,7,2,5,4203,0,1,2,,2,011,"US-101 S/B","CABRILLO BLVD",43.00,N,N,A,-,Y,,,101,,,,,,S,Y,4,0,1,2,A,-,03,22350,,N,C,C,A,A,H,-,A,D,0,,,,,Y,,A,01,0,0,1,0,0,0,0,0,0,"- ","- ",34.42248,-119.65521,"SANTA BARBARA","SANTA BARBARA",-119.65521296999999,34.422468940000002
90231051,2016,2016-07-27,9760,2016-07-17,1650,020777,,7,2,9,4200,0,1,2,,2,010,"US-101 S/B",SR-150,250.00,S,N,A,-,Y,,,101,,,,,,S,N,4,0,2,2,A,-,03,22350,,N,C,C,A,A,H,-,A,D,0,,,,,Y,,A,01,0,0,2,0,0,0,0,0,0,"- ","- ",34.380699999999997,-119.48220000000001,"SANTA BARBARA",UNINCORPORATED,-119.48221568,34.380690430000001
90231172,2016,2016-07-27,9760,2016-07-24,1300,021300,,7,1,5,4203,0,1,2,,2,011,"US-101 S/B","MILPAS ST",1783.00,S,N,A,-,Y,,,101,,,,,,S,Y,4,0,1,2,A,-,03,22350,,N,C,C,A,A,H,-,A,D,0,,,,,Y,,A,01,0,0,1,0,0,0,0,0,0,"- ","- ",34.420290000000001,-119.66909,"SANTA BARBARA","SANTA BARBARA",-119.66910349,34.4203361
90231339,2016,2016-07-27,9760,2016-07-19,2050,020473,,2,2,4,4214,0,1,2,,1,030,"US-101 S/B","LOS CARNEROS RD",900.00,N,N,A,-,Y,,,101,,,,,,S,Y,4,0,1,2,A,-,03,22350,,N,C,C,A,A,H,-,C,D,0,,,,,Y,,D,22,0,0,1,0,0,0,0,0,0,"- ","- ",34.437100000000001,-119.85606,"SANTA BARBARA",GOLETA,-119.85605978,34.43709879
90231359,2016,2016-07-27,9760,2016-07-19,1242,020965,,2,1,9,4200,0,1,2,,1,030,"US-101 S/B","LAS VARAS CYN RD",1093.00,S,N,A,-,Y,,,101,,,,,,S,Y,4,0,2,1,A,-,08,22107,,N,F,A,A,A,H,-,A,D,0,,,,,Y,,A,01,0,0,2,0,0,0,0,0,0,"- ","- ",34.454720000000002,-119.96984,"SANTA BARBARA",UNINCORPORATED,-119.96985477,34.454690620000001
90231517,2016,2016-12-29,9760,2016-06-26,1756,017603,,7,2,5,4203,0,1,2,,2,011,"US-101 S/B","LAS POSITAS RD",595.00,S,N,A,-,Y,,,101,,,,,,S,Y,2,0,5,1,A,-,01,23152,A,N,F,A,A,A,H,-,A,D,0,,,,,Y,Y,D,22,1,4,0,0,0,0,0,0,0,"- ","- ",34.427909999999997,-119.73350000000001,"SANTA BARBARA","SANTA BARBARA",-119.73350026999999,34.427907949999998
90213339,2016,2016-06-30,9760,2016-06-21,0635,021300,,2,1,9,4200,0,1,3,,1,022,"SR 154 (SAN MARCOS PASS RD.)","PAINTED CAVE RD",6336.00,E,N,A,-,Y,,,154,,,,,,,Y,3,0,3,2,A,-,08,22107,,N,E,I,A,A,H,-,B,D,0,,,,,Y,,A,07,0,1,2,0,0,0,0,0,0,"- ","- ",34.487340000000003,-119.78103,"SANTA BARBARA",UNINCORPORATED,-119.78095415,34.48734383
90214580,2016,2016-07-01,9755,2016-06-30,0530,015281,,4,3,2,4212,0,1,2,,2,004,"US-101 NORTHBOUND","DAMASSA ROAD",600.00,S,N,B,-,Y,,,101,,,,,,N,N,4,0,1,1,C,-,18,,,N,E,I,A,A,H,-,A,D,0,,,,,Y,,-,"- ",0,0,1,0,0,0,0,0,0,"- ","- ",34.616720000000001,-120.18913999999999,"SANTA BARBARA",BUELLTON,-120.18926679,34.616733940000003
90215454,2016,2016-07-04,9760,2016-06-28,1005,014690,,2,1,5,4203,0,1,2,,2,011,"US-101 N/B","ORTEGA ST. PED OVERCROSSING",550.00,S,N,A,-,Y,,,101,,,,,,N,Y,4,0,1,3,A,-,08,22107,,F,B,C,A,A,H,-,A,D,0,,,,,Y,,-,99,0,0,1,0,0,0,0,0,0,"- ","- ",34.413490000000003,-119.70377999999999,"SANTA BARBARA","SANTA BARBARA",-119.70376127999999,34.413515029999999
90215476,2016,2016-07-05,9755,2016-06-28,1435,015973,,2,2,9,4200,0,1,3,,1,051,SR-1,"US-101 S/B",41184.00,N,N,A,-,Y,,,1,,,,,,,Y,4,0,1,2,A,-,03,22350,,N,C,C,A,A,H,-,A,A,0,,,,Y,Y,,D,22,0,0,1,0,0,0,0,0,0,"- ","- ",34.532670000000003,-120.34699000000001,"SANTA BARBARA",UNINCORPORATED,-120.34699591,34.53266386
90216199,2016,2016-07-20,9750,2016-06-08,1050,014753,,3,1,9,4200,0,2,4,,1,024,"BRADLEY ROAD","SANTA MARIA WAY",60.00,S,N,A,-,N,,,,,,,,,,N,4,0,1,2,D,-,00,,,N,B,C,A,A,H,-,A,D,0,,,,,Y,,-,"- ",0,0,1,0,0,0,0,0,0,"- ","- ",34.895180000000003,-120.42261999999999,"SANTA BARBARA",UNINCORPORATED,-120.42260989,34.895358209999998
90217044,2016,2016-07-06,9760,2016-06-13,1610,019831,,1,2,5,4203,0,1,2,,2,011,"US-101 S/B TO S. MILPAS STREET","MILPAS STREET",3.00,N,N,A,-,Y,,,101,,,,R,,S,N,3,0,1,2,A,-,08,22100,A,N,B,C,A,A,H,-,A,A,0,,,Y,,Y,,D,22,0,1,0,0,0,0,0,0,1,"- ","- ",34.420099999999998,-119.67704000000001,"SANTA BARBARA","SANTA BARBARA",-119.67704000000001,34.420099999999998
90217295,2016,2016-07-07,9760,2016-06-23,0540,021300,,4,3,9,4200,0,1,3,,1,022,"SR-154 (SAN MARCOS PASS RD.)","PAINTED CAVE RD",6336.00,E,N,A,-,Y,,,154,,,,,,,Y,4,0,1,1,A,-,08,22107,,N,E,I,A,A,H,-,B,D,0,,,,,Y,,A,07,0,0,1,0,0,0,0,0,0,"- ","- ",34.487360000000002,-119.78102,"SANTA BARBARA",UNINCORPORATED,-119.78095513,34.487363279999997