CASE_ID,ACCIDENT_YEAR,PROC_DATE,JURIS,COLLISION_DATE,COLLISION_TIME,OFFICER_ID,REPORTING_DISTRICT,DAY_OF_WEEK,CHP_SHIFT,POPULATION,CNTY_CITY_LOC,SPECIAL_COND,BEAT_TYPE,CHP_BEAT_TYPE,CITY_DIVISION_LAPD,CHP_BEAT_CLASS,BEAT_NUMBER,PRIMARY_RD,SECONDARY_RD,DISTANCE,DIRECTION,INTERSECTION,WEATHER_1,WEATHER_2,STATE_HWY_IND,CALTRANS_COUNTY,CALTRANS_DISTRICT,STATE_ROUTE,ROUTE_SUFFIX,POSTMILE_PREFIX,POSTMILE,LOCATION_TYPE,RAMP_INTERSECTION,SIDE_OF_HWY,TOW_AWAY,COLLISION_SEVERITY,NUMBER_KILLED,NUMBER_INJURED,PARTY_COUNT,PRIMARY_COLL_FACTOR,PCF_CODE_OF_VIOL,PCF_VIOL_CATEGORY,PCF_VIOLATION,PCF_VIOL_SUBSECTION,HIT_AND_RUN,TYPE_OF_COLLISION,MVIW,PED_ACTION,ROAD_SURFACE,ROAD_COND_1,ROAD_COND_2,LIGHTING,CONTROL_DEVICE,CHP_ROAD_TYPE,PEDESTRIAN_ACCIDENT,BICYCLE_ACCIDENT,MOTORCYCLE_ACCIDENT,TRUCK_ACCIDENT,NOT_PRIVATE_PROPERTY,ALCOHOL_INVOLVED,STWD_VEHTYPE_AT_FAULT,CHP_VEHTYPE_AT_FAULT,COUNT_SEVERE_INJ,COUNT_VISIBLE_INJ,COUNT_COMPLAINT_PAIN,COUNT_PED_KILLED,COUNT_PED_INJURED,COUNT_BICYCLIST_KILLED,COUNT_BICYCLIST_INJURED,COUNT_MC_KILLED,COUNT_MC_INJURED,PRIMARY_RAMP,SECONDARY_RAMP,LATITUDE,LONGITUDE,COUNTY,CITY,POINT_X,POINT_Y
90217436,2016,2016-07-07,9760,2016-06-25,2245,020483,,6,3,9,4200,0,1,2,,1,040,"US 101 S/B","REFUGIO RD.",0.00,,N,A,-,Y,,,,,,,,,,Y,3,0,1,1,A,-,08,22107,,N,E,J,A,A,H,-,D,D,0,,,,,Y,,D,22,0,1,0,0,0,0,0,0,0,"- ","- ",34.46331,-120.04658000000001,"SANTA BARBARA",UNINCORPORATED,-120.06912993,34.465490039999999
90217482,2016,2016-07-07,9760,2016-06-25,1300,16739,,6,1,3,4205,0,1,2,,2,010,"US-101 N/B (EL CAMINO REAL)","SANTA MONICA RD.",400.00,S,N,A,-,Y,,,101,,,,,,N,Y,2,0,2,4,A,-,03,22350,,N,C,C,A,A,H,-,A,D,0,,,,,Y,,A,07,2,0,0,0,0,0,0,0,0,"- ","- ",34.403790000000001,-119.52901,"SANTA BARBARA",CARPINTERIA,-119.5290001,34.403842220000001
90217496,2016,2016-07-07,9760,2016-06-30,1715,018431,,4,2,4,4214,0,1,2,,2,020,"US-101 N/B","FAIRVIEW AVE.",1000.00,S,N,A,-,Y,,,101,,,,,,N,N,4,0,1,2,A,-,03,22350,,N,C,C,A,A,H,-,A,D,0,,,,,Y,,A,07,0,0,1,0,0,0,0,0,0,"- ","- ",34.439830000000001,-119.83055,"SANTA BARBARA",GOLETA,-119.83054346,34.439749839999998
90218506,2016,2016-07-07,9750,2016-07-04,1550,017616,,1,2,9,4200,0,3,5,,2,020,"HARRIS GRADE RD",SR-135,11616.00,W,N,A,-,N,,,,,,,,,,Y,3,0,1,1,A,-,08,22107,,N,E,I,A,A,H,-,A,D,0,,,,,Y,,A,01,0,1,0,0,0,0,0,0,0,"- ","- ",34.74353,-120.43801999999999,"SANTA BARBARA",UNINCORPORATED,-120.43835727,34.743364819999996
90212186,2016,2017-06-05,9755,2016-06-12,0953,017378,,7,1,9,4200,0,1,3,,1,042,"RT 154","ARMOUR RANCH RD.",2640.00,E,N,A,-,Y,,,154,,,,,,,Y,3,0,2,3,A,-,03,22350,,N,C,C,A,A,H,-,A,A,0,,,,,Y,,A,07,0,2,0,0,0,0,0,0,0,"- ","- ",34.587499999999999,-120.02388000000001,"SANTA BARBARA",UNINCORPORATED,-120.02391677,34.587869150000003
90212228,2016,2016-06-29,9760,2016-05-27,1045,012263,,5,1,4,4214,0,1,2,,1,030,"US101 S/B","FAIRVIEW AVE.",1000.00,N,N,B,-,Y,,,101,,,,,,S,N,4,0,2,2,A,-,03,22350,,N,C,C,A,A,H,-,A,D,0,,,,,Y,,A,01,0,0,2,0,0,0,0,0,0,"- ","- ",34.439030000000002,-119.83739,"SANTA BARBARA",GOLETA,-119.83738818,34.43901108
90212266,2016,2016-06-29,9755,2016-06-22,1220,015973,,3,1,9,4200,0,1,3,,1,051,SR-1,"US-101 S/B",47520.00,N,N,A,-,Y,,,1,,,,,,,N,3,0,1,1,A,-,08,22107,,N,E,I,A,A,H,-,A,D,0,,,,,Y,,B,07,0,1,0,0,0,0,0,0,0,"- ","- ",34.539819999999999,-120.35355,"SANTA BARBARA",UNINCORPORATED,-120.35350061,34.5398438
90212281,2016,2016-06-29,9760,2016-06-21,0450,017674,,2,3,9,4200,0,1,2,,1,040,"US-101 S/B","VISTA POINT",200.00,S,N,A,-,Y,,,101,,,,,,S,Y,4,0,2,2,A,-,07,21658,A,F,E,I,A,A,H,-,A,D,0,,,,,Y,,A,01,0,0,2,0,0,0,0,0,0,"- ","- ",34.47457,-120.13997000000001,"SANTA BARBARA",UNINCORPORATED,-120.13997025,34.4745676
90212301,2016,2016-06-29,9760,2016-05-28,0944,021300,,6,1,5,4203,0,1,2,,2,020,"US 101 N/B (EL CAMINO REAL)","STATE ST.",1163.00,S,N,B,-,Y,,,,,,,,,,Y,4,0,2,2,A,-,03,22350,,N,C,C,A,A,H,-,A,D,0,,,,Y,Y,,D,22,0,0,2,0,0,0,0,0,0,"- ","- ",34.438020000000002,-119.75265,"SANTA BARBARA","SANTA BARBARA",-119.75539000000001,34.440179999999998
90212322,2016,2016-06-29,9760,2016-05-29,1208,017603,,7,1,9,4200,0,1,2,,1,040,"US-101 S/B","EL CAPITAN RANCH RD",5280.00,N,N,B,-,Y,,,101,,,,,,S,Y,3,0,1,1,A,-,01,23152,A,N,E,I,A,B,H,-,A,D,0,,,,,Y,Y,D,22,0,1,0,0,0,0,0,0,0,"- ","- ",34.464190000000002,-120.03821000000001,"SANTA BARBARA",UNINCORPORATED,-120.0382098,34.464196899999997
90212440,2016,2016-06-29,9760,2016-05-29,0210,020511,,7,3,9,4200,0,1,2,,2,020,"US-101 NB TO EL SUENO RD","CALLE REAL",50.00,S,N,B,-,Y,,,101,,,,R,,N,Y,3,0,1,1,A,-,01,23152,A,N,E,I,A,B,H,-,D,D,0,,,,,Y,Y,A,07,0,1,0,0,0,0,0,0,0,"- ","- ",34.441299999999998,-119.76926,"SANTA BARBARA",UNINCORPORATED,-119.76926,34.441299999999998
90242406,2016,2016-08-11,9760,2016-08-04,0437,020226,,4,3,9,4200,0,1,3,,1,022,"SR-154 WESTBOUND","PARADISE ROAD",4.00,W,N,E,-,Y,,,154,,,,,,W,N,2,0,1,1,A,-,03,22350,,N,E,I,A,A,H,-,D,D,0,,,Y,,Y,,C,02,1,0,0,0,0,0,0,0,1,"- ","- ",34.533639999999998,-119.85778999999999,"SANTA BARBARA",UNINCORPORATED,-119.8578277,34.533550830000003
90242420,2016,2016-08-11,9760,2016-08-05,2500,020226,,5,4,3,4205,0,3,5,,2,001,"VIA REAL","NIDEVER ROAD",445.00,S,N,A,-,N,,,,,,,,,,N,2,0,1,2,A,-,08,22107,,F,G,B,E,A,H,-,D,D,0,Y,,,,Y,,-,99,1,0,0,0,1,0,0,0,0,"- ","- ",34.41601,-119.55916999999999,"SANTA BARBARA",CARPINTERIA,-119.55920733000001,34.416003310000001
90242436,2016,2016-08-11,9760,2016-08-04,1520,020211,,4,2,5,4203,0,1,2,,2,011,"US-101 SOUTHBOUND","SALINAS STREET",826.00,S,N,A,-,Y,,,101,,,,,,S,N,4,0,1,2,A,-,04,21703,,N,C,C,A,A,H,-,A,D,0,,,,,Y,,A,01,0,0,1,0,0,0,0,0,0,"- ","- ",34.421979999999998,-119.66352999999999,"SANTA BARBARA","SANTA BARBARA",-119.6635239,34.42195907
90242437,2016,2016-08-11,9760,2016-08-05,2135,021061,,5,2,9,4200,0,3,5,,2,002,"PUENTE DR","VINTAGE RANCH LN",125.00,N,N,A,-,N,,,,,,,,,,Y,4,0,1,2,A,-,08,22107,,N,C,E,A,A,H,-,C,D,0,,,,,Y,,A,01,0,0,1,0,0,0,0,0,0,"- ","- ",34.430390000000003,-119.78484,"SANTA BARBARA",UNINCORPORATED,-119.78476323,34.430352030000002
90218562,2016,2016-07-08,9760,2016-06-30,1745,018431,,4,2,9,4200,0,3,5,,2,002,"LASSEN DR.","KEO DR.",53.00,S,N,A,-,N,,,,,,,,,,N,4,0,1,2,A,-,09,21801,A,N,F,A,A,A,H,-,A,D,0,,,Y,,Y,,D,22,0,0,1,0,0,0,0,0,1,"- ","- ",34.437390000000001,-119.80531999999999,"SANTA BARBARA",UNINCORPORATED,-119.80529,34.437434469999999
90218620,2016,2016-07-08,9760,2016-07-01,0910,018019,,5,1,5,4203,0,1,2,,2,011,"US-101 S/B (EL CAMINO REAL)","CARRILLO ST.",2089.00,N,N,A,-,Y,,,101,,,,,,S,Y,4,0,2,3,A,-,03,22350,,N,C,A,A,A,H,-,A,D,0,,,,,Y,,A,08,0,0,2,0,0,0,0,0,0,"- ","- ",34.419870000000003,-119.7129,"SANTA BARBARA","SANTA BARBARA",-119.71283845000001,34.419955090000002
90218738,2016,2016-07-08,9760,2016-07-02,1805,020366,,6,2,9,4200,0,1,2,,2,010,"US-101 N/B","NORTH PADARO LN.",2350.00,N,N,A,-,Y,,,101,,,,,,N,Y,4,0,1,4,A,-,03,22350,,N,C,C,A,A,H,-,A,D,0,,,,,Y,,A,01,0,0,1,0,0,0,0,0,0,"- ","- ",34.41827,-119.59032000000001,"SANTA BARBARA",UNINCORPORATED,-119.59031478,34.418281550000003
90219112,2016,2016-10-06,9760,2016-05-29,1002,019831,,7,1,9,4200,0,1,3,,1,022,"SR-154 (SAN MARCOS PASS ROAD)","SAN ANTONIO CREEK ROAD",5130.00,W,N,C,-,Y,,,154,,,,,,,Y,2,0,7,3,A,-,05,21460,A,N,A,C,A,B,H,-,A,D,0,,,,,Y,,A,07,1,3,3,0,0,0,0,0,0,"- ","- ",34.476779999999998,-119.76927000000001,"SANTA BARBARA",UNINCORPORATED,-119.76923257,34.476749750000003
90219165,2016,2016-07-08,9760,2016-05-29,1505,021061,,7,2,9,4200,0,1,2,,2,010,"US-101 N/B","SANTA MONICA RD",40.00,N,N,B,-,Y,,,101,,,,,,N,N,3,0,2,2,A,-,03,22350,,N,C,C,A,A,H,-,A,D,0,,,,,Y,,A,01,0,1,1,0,0,0,0,0,0,"- ","- ",34.404110000000003,-119.53060000000001,"SANTA BARBARA",UNINCORPORATED,-119.53059351,34.404144219999999
90219186,2016,2016-07-08,9760,2016-07-02,0845,16739,,6,1,9,4200,0,3,5,,2,002,"KELLOGG AVE.","ST. MARY'S LN.",70.00,E,N,A,-,N,,,,,,,,,,N,4,0,1,2,A,-,21,22106,,N,G,B,E,A,H,-,A,D,0,Y,,,,Y,,A,01,0,0,1,0,1,0,0,0,0,"- ","- ",34.457810000000002,-119.81645,"SANTA BARBARA",UNINCORPORATED,-119.81669826,34.457769859999999
90219743,2016,2016-07-11,9750,2016-06-30,2030,018786,,4,2,9,4200,0,3,5,,2,030,"FOOTHILL RD","SANTA BARBARA CANYON RD",2640.00,E,N,A,-,N,,,,,,,,,,Y,4,0,1,1,A,-,08,22107,,N,F,A,A,A,H,-,D,D,0,,,,,Y,,A,01,0,0,1,0,0,0,0,0,0,"- ","- ",34.8977,-119.53807999999999,"SANTA BARBARA",UNINCORPORATED,-119.53369422,34.897710000000004
90220441,2016,2016-07-11,9750,2016-07-04,2200,018786,,1,3,9,4200,0,1,3,,1,063,SR-166,"WASIOJA RD",2640.00,W,N,A,-,Y,,,166,,,,,,,Y,4,0,1,1,A,-,08,22107,,N,E,I,A,A,H,-,D,D,0,,,,,Y,,A,01,0,0,1,0,0,0,0,0,0,"- ","- ",34.985810000000001,-119.78918,"SANTA BARBARA",UNINCORPORATED,-119.78923008,34.985552149999997
90221242,2016,2016-07-12,9750,2016-07-06,1640,019397,,3,2,9,4200,0,1,2,,2,001,"US-101 (S/B) TO UNION VALLEY PARKWAY","UNION VALLEY PARKWAY",40.00,N,N,A,-,Y,,,101,,,,R,,,N,4,0,1,3,A,-,03,22350,,N,C,C,A,A,H,-,A,A,0,,,,,Y,,A,08,0,0,1,0,0,0,0,0,0,"- ","- ",34.880090000000003,-120.41018,"SANTA BARBARA",UNINCORPORATED,-120.41018,34.880090000000003
90221457,2016,2016-07-13,9760,2016-07-03,1445,020366,,7,2,9,4200,0,1,2,,2,010,"US-101 S/B","ORETEGA HILL ROAD",965.00,S,N,A,-,Y,,,101,,,,,,S,Y,3,0,1,2,A,-,01,23152,A,N,C,C,A,A,H,-,A,D,0,,,,,Y,Y,A,01,0,1,0,0,0,0,0,0,0,"- ","- ",34.421050000000001,-119.60955,"SANTA BARBARA",UNINCORPORATED,-119.60954197,34.421090489999997
90221464,2016,2016-07-13,9760,2016-07-03,1110,019446,,7,1,9,4200,0,1,2,,2,010,"US-101 N/B","SHEFFIELD DRIVE",1520.00,N,N,A,-,Y,,,101,,,,,,N,Y,3,0,2,2,A,-,03,22350,,N,B,C,A,A,H,-,A,A,0,,,Y,,Y,,C,02,0,2,0,0,0,0,0,0,2,"- ","- ",34.421239999999997,-119.61923,"SANTA BARBARA",UNINCORPORATED,-119.61923530999999,34.42127893
90242440,2016,2016-08-11,9760,2016-08-08,2015,020473,,1,2,4,4214,0,1,2,,1,030,"US-101 S/B","LOS CARNEROS RD",1000.00,N,N,A,-,Y,,,101,,,,,,S,Y,4,0,2,2,A,-,03,22350,,N,C,C,A,A,D,-,B,D,0,,,,,Y,,D,22,0,0,2,0,0,0,0,0,0,"- ","- ",34.436459999999997,-119.85903999999999,"SANTA BARBARA",GOLETA,-119.85905597,34.43654875
90242464,2016,2016-08-11,9760,2016-08-08,0244,021300,,1,3,9,4200,0,3,5,,2,002,"ASHLEY RD (700 BLOCK)","EAST MOUNTAIN DR.",660.00,S,N,A,-,N,,,,,,,,,,Y,3,0,1,1,A,-,08,22107,,M,E,I,A,A,H,-,D,D,0,,,,,Y,,A,07,0,1,0,0,0,0,0,0,0,"- ","- ",34.44744,-119.65043,"SANTA BARBARA",UNINCORPORATED,-119.65017297999999,34.447494939999999
90242482,2016,2016-08-11,9760,2016-08-10,1225,017314,,3,1,9,4200,0,3,5,,2,005,"EMBARCADERO DEL MAR","PARDALL ROAD",85.00,N,N,A,-,N,,,,,,,,,,N,3,0,1,2,A,-,17,22517,,N,B,E,A,A,H,-,A,D,0,,Y,,,Y,,A,01,0,1,0,0,0,0,1,0,0,"- ","- ",34.413499999999999,-119.85708,"SANTA BARBARA",UNINCORPORATED,-119.85702999999999,34.413353409999999
90242546,2016,2016-08-11,9760,2016-08-09,1640,020473,,2,2,9,4200,0,3,5,,2,001,"N. JAMESON LN. (1900 BLOCK)","SHEFFIELD DR.",186.00,E,N,A,-,N,,,,,,,,,,Y,4,0,1,1,A,-,08,22107,,M,E,I,A,A,H,-,A,D,0,,,,,Y,,A,01,0,0,1,0,0,0,0,0,0,"- ","- ",34.422310000000003,-119.6135,"SANTA BARBARA",UNINCORPORATED,-119.6125,34.4223
90242677,2016,2016-08-11,9750,2016-08-07,0310,020511,,7,3,5,4204,0,1,2,,2,001,"US-101 S/B TO BROADWAY ST","PREISKER LN",1000.00,N,N,A,-,Y,,,101,,,,R,,S,N,3,0,1,2,D,-,00,,,N,G,B,E,A,H,-,D,D,0,Y,,,,Y,Y,-,"- ",0,1,0,0,1,0,0,0,0,"- ","- ",34.981870000000001,-120.43232,"SANTA BARBARA","SANTA MARIA",-120.43232,34.981870000000001
90243341,2016,2016-08-11,9750,2016-08-10,0650,014753,,3,1,9,4200,0,2,4,,1,024,"FOSTER ROAD","WOODLAND STREET",8.00,E,N,B,-,N,,,,,,,,,,N,4,0,1,2,A,-,08,22107,,N,H,G,A,A,H,-,A,D,0,,Y,,,Y,,L,04,0,0,1,0,0,0,1,0,0,"- ","- ",34.882919999999999,-120.42192,"SANTA BARBARA",UNINCORPORATED,-120.42193333,34.883090000000003
90243357,2016,2016-08-11,9750,2016-08-09,1818,015916,,2,2,9,4200,0,3,5,,2,020,"LOMPOC CASMALIA ROAD","SAN ANTONIO ROAD WEST",350.00,N,N,A,-,N,,,,,,,,,,Y,3,0,1,1,C,-,18,,,N,F,A,A,A,H,-,A,D,0,,,Y,,Y,,-,"- ",0,1,0,0,0,0,0,0,1,"- ","- ",34.784329999999997,-120.54012,"SANTA BARBARA",UNINCORPORATED,-120.54165648999999,34.784342500000001
90243490,2016,2016-08-12,9755,2016-08-07,0024,018483,,7,3,9,4200,0,1,3,,1,055,"SR-1 N/B","YTIAS CREEK",1500.00,S,N,A,-,Y,,,1,,,,,,N,Y,3,0,1,1,A,-,01,23152,A,N,F,A,A,A,H,-,D,D,0,,,,,Y,Y,A,01,0,1,0,0,0,0,0,0,0,"- ","- ",34.529330000000002,-120.34318,"SANTA BARBARA",UNINCORPORATED,-120.34370205,34.529009770000002
90243571,2016,2016-08-12,9755,2016-08-10,2216,017910,,3,3,9,4200,0,3,5,,2,050,"MISSION GATE RD",SR-246,408.00,N,N,B,-,N,,,,,,,,,,Y,3,0,1,1,A,-,01,23152,A,N,E,I,A,A,H,-,D,D,0,,,,,Y,Y,A,07,0,1,0,0,0,0,0,0,0,"- ","- ",34.664259999999999,-120.42264,"SANTA BARBARA",UNINCORPORATED,-120.42267097,34.66454882
90244094,2016,2016-08-12,9760,2016-08-08,1620,017253,,1,2,9,4200,0,3,5,,2,001,"US-101 S/B","SAN YSIDRO RD O/C",50.00,N,N,A,-,Y,,,101,,,,,,S,Y,4,0,1,2,A,-,03,22350,,N,C,C,A,A,H,-,A,D,0,,,,,Y,,A,01,0,0,1,0,0,0,0,0,0,"- ","- ",34.422409999999999,-119.63176,"SANTA BARBARA",UNINCORPORATED,-119.63176362,34.422397150000002
90244098,2016,2016-08-12,9750,2016-08-09,1715,015916,,2,2,9,4200,0,1,3,,1,022,"SR-1 S/B (CABRILLO HIGHWAY)","SAN ANTONIO ROAD WEST",1584.00,N,N,A,-,Y,,,1,,,,,,S,Y,4,0,1,1,A,-,08,22107,,N,F,A,A,A,H,-,A,D,0,,,,,Y,,A,07,0,0,1,0,0,0,0,0,0,"- ","- ",34.774659999999997,-120.49146,"SANTA BARBARA",UNINCORPORATED,-120.49145867,34.774684299999997
90221465,2016,2016-09-28,9760,2016-07-03,1700,021061,,7,2,9,4200,0,1,2,,2,010,"US-101 N/B","S. PADARO",800.00,N,N,A,-,Y,,,101,,,,,,N,Y,4,0,4,3,A,-,03,22350,,N,C,C,A,A,H,-,A,D,0,,,,,Y,,A,01,0,0,4,0,0,0,0,0,0,"- ","- ",34.4131,-119.55609,"SANTA BARBARA",UNINCORPORATED,-119.55602930000001,34.413174920000003
90221472,2016,2016-07-13,9760,2016-07-04,1854,021300,,1,2,9,4200,0,3,5,,2,005,"DEL PLAYA DR","CAMINO PESCADERO",490.00,W,N,A,-,N,,,,,,,,,,N,2,0,2,2,A,-,11,21954,A,N,H,B,E,A,H,-,A,D,0,Y,Y,,,Y,Y,N,60,1,1,0,0,1,0,1,0,0,"- ","- ",34.409750000000003,-119.8604,"SANTA BARBARA",UNINCORPORATED,-119.86033322999999,34.40976311
90221590,2016,2016-07-13,9760,2016-06-09,2335,020366,,4,3,4,4214,0,1,2,,1,030,"S/B US-101","LOS CARNEROS RD",1755.00,N,N,A,-,Y,,,101,,,,,,,Y,3,0,1,1,A,-,08,22107,,F,E,I,A,A,H,-,D,D,0,,,,,Y,,A,08,0,1,0,0,0,0,0,0,0,"- ","- ",34.436480000000003,-119.85883,"SANTA BARBARA",GOLETA,-119.85884907000001,34.436585970000003
90221741,2016,2016-09-07,9760,2016-05-12,0215,020029,,4,3,9,4200,0,3,5,,2,002,"SAN ANTONIO CREEK ROAD","VIA ORQUIDA",255.00,N,N,A,-,N,,,,,,,,,,Y,1,1,0,2,A,-,03,22350,,N,E,I,A,A,H,-,D,D,0,,,,,Y,,A,01,0,0,0,0,0,0,0,0,0,"- ","- ",34.457459999999998,-119.78443,"SANTA BARBARA",UNINCORPORATED,-119.78408795999999,34.457857529999998
90221843,2016,2016-07-13,9755,2016-07-12,0120,019464,,2,3,9,4200,0,1,3,,1,042,"SR-154 EASTBOUND","VIA DE LOS RANCHOS",8976.00,E,N,A,-,Y,,,154,,,,,,E,Y,4,0,1,1,A,-,08,22107,,N,E,I,A,A,H,-,D,D,0,,,,,Y,,A,07,0,0,1,0,0,0,0,0,0,"- ","- ",34.6723,-120.12845,"SANTA BARBARA",UNINCORPORATED,-120.12844384,34.672304080000004
90221987,2016,2016-07-13,9750,2016-07-07,0510,020323,,4,3,9,4200,0,1,3,,1,021,SR-135,"SKYWAY DR",0.00,,Y,A,-,Y,,,135,,,,,,,Y,4,0,1,2,D,-,00,,,F,A,C,A,A,H,-,B,A,0,,,,,Y,,-,"- ",0,0,1,0,0,0,0,0,0,"- ","- ",34.89452,-120.43653,"SANTA BARBARA",UNINCORPORATED,-120.43644704,34.894520749999998
90222051,2016,2016-11-02,9760,2016-05-21,1250,021294,,6,1,9,4200,0,3,5,,2,002,"SANDSPIT RD.","SANDSPIT PL.",0.00,,Y,A,-,N,,,,,,,,,,N,4,0,1,2,A,-,12,22450,A,N,D,G,A,A,H,-,A,A,0,,Y,,,Y,,L,04,0,0,1,0,0,0,1,0,0,"- ","- ",34.418030000000002,-119.83150999999999,"SANTA BARBARA",UNINCORPORATED,-119.83520995000001,34.419260010000002
90222279,2016,2016-07-13,9760,2016-07-06,0625,020765,,3,1,3,4205,0,1,2,,2,010,"US-101 NORTHBOUND","SANTA YNEZ AVE.",100.00,N,N,A,-,Y,,,101,,,,,,N,Y,4,0,1,2,A,-,03,22350,,N,C,C,A,A,H,-,A,D,0,,,,,Y,,A,01,0,0,1,0,0,0,0,0,0,"- ","- ",34.403449999999999,-119.52697000000001,"SANTA BARBARA",CARPINTERIA,-119.52696864000001,34.403457199999998
90222402,2016,2016-07-13,9750,2016-07-08,1645,015916,,5,2,9,4200,0,1,3,,1,062,"SR-166 W/B","WILD COW UNDER-CROSSING",8976.00,W,N,A,-,Y,,,166,,,,,,W,Y,4,0,2,1,C,-,18,,,N,H,A,A,A,H,-,A,D,0,,,,,Y,,-,"- ",0,0,2,0,0,0,0,0,0,"- ","- ",35.094819999999999,-120.13173999999999,"SANTA BARBARA",UNINCORPORATED,-120.13173259,35.094836720000004
90222431,2016,2016-07-14,9760,2016-05-30,2335,020366,,1,3,9,4200,0,1,2,,2,010,"US-101 S/B","SAN YSIDRO ROAD",1700.00,S,N,A,-,Y,,,101,,,,,,S,Y,3,0,1,1,A,-,08,22107,,N,F,A,A,A,H,-,D,D,0,,,,,Y,,A,01,0,1,0,0,0,0,0,0,0,"- ","- ",34.421109999999999,-119.62609,"SANTA BARBARA",UNINCORPORATED,-119.62610763000001,34.420887039999997
90222439,2016,2016-07-14,9760,2016-07-08,1840,018431,,5,2,9,4200,0,3,5,,2,002,"TURNPIKE RD.","CALLE REAL",35.00,N,N,A,-,N,,,,,,,,,,N,3,0,1,2,A,-,08,22107,,N,B,G,A,A,H,-,A,D,0,,Y,,,Y,,D,22,0,1,0,0,0,0,1,0,0,"- ","- ",34.44406,-119.78919,"SANTA BARBARA",UNINCORPORATED,-119.78938253,34.44395608
90244114,2016,2016-08-12,9750,2016-07-28,2102,020510,,4,2,9,4200,0,2,4,,1,024,"UNION VALLEY PARKWAY","BOARDWALK LN",298.00,W,N,A,-,N,,,,,,,,,,N,4,0,1,2,A,-,03,22350,,M,C,C,A,A,H,-,C,D,0,,,,,Y,,A,01,0,0,1,0,0,0,0,0,0,"- ","- ",34.879530000000003,-120.41243,"SANTA BARBARA",UNINCORPORATED,-120.41244704,34.879487269999998
90244157,2016,2016-08-15,9760,2016-08-12,1532,020211,,5,2,5,4203,0,1,2,,2,011,"US-101 SOUTHBOUND","LAS POSITAS RD",650.00,S,N,A,-,Y,,,101,,,,,,S,N,4,0,1,2,A,-,03,22350,,N,C,C,A,A,H,-,A,D,0,,,Y,,Y,,C,02,0,0,1,0,0,0,0,0,1,"- ","- ",34.426960000000001,-119.72817999999999,"SANTA BARBARA","SANTA BARBARA",-119.72818366,34.42693534
90244327,2016,2016-08-15,9760,2016-08-06,1418,020965,,6,2,9,4200,0,3,5,,2,001,"ORTEGA RIDGE RD","ORTEGA HILL RD",500.00,N,N,A,-,N,,,,,,,,,,Y,4,0,1,1,C,-,18,,,N,E,I,A,A,H,-,A,D,0,,,,,Y,,-,"- ",0,0,1,0,0,0,0,0,0,"- ","- ",34.425190000000001,-119.60677,"SANTA BARBARA",UNINCORPORATED,-119.60732041999999,34.424828419999997
90244333,2016,2016-08-15,9760,2016-08-13,1759,018431,,6,2,9,4200,0,1,2,,2,010,"US-101 S/B","SAN YSIDRO RD.",610.00,S,N,A,-,Y,,,101,,,,,,S,Y,4,0,1,3,A,-,03,22350,,N,C,C,A,A,H,-,A,D,0,,,,,Y,,A,01,0,0,1,0,0,0,0,0,0,"- ","- ",34.421759999999999,-119.62951,"SANTA BARBARA",UNINCORPORATED,-119.62952407,34.421714039999998
90244458,2016,2016-08-15,9760,2016-08-10,0100,021300,,3,3,9,4200,0,1,3,,1,014,"SR 192 (EAST VALLEY ROAD)","TORO CANYON PARK RD.",0.00,,Y,A,-,Y,,,192,,,,,,,Y,4,0,4,1,A,-,01,23152,A,N,E,I,A,A,H,-,D,D,0,,,,,Y,Y,A,01,0,0,4,0,0,0,0,0,0,"- ","- ",34.433689999999999,-119.571,"SANTA BARBARA",UNINCORPORATED,-119.57092328,34.433665490000003
90244664,2016,2016-08-15,9755,2016-08-08,1705,020202,,1,2,9,4200,0,3,5,,2,040,"EDISON ST","BASELINE AVE",0.00,,Y,A,-,N,,,,,,,,,,Y,4,0,1,2,A,-,09,21801,A,N,D,C,A,A,H,-,A,A,0,,,,,Y,,D,22,0,0,1,0,0,0,0,0,0,"- ","- ",34.633420000000001,-120.0813,"SANTA BARBARA",UNINCORPORATED,-120.08141989000001,34.633479999999999
90245397,2016,2016-08-16,9760,2016-08-05,1220,018019,,5,1,9,4200,0,1,3,,1,022,"SR-154 (CHUMASH HIGHWAY)","MARIA YGNACIA LN",599.00,W,N,A,-,Y,,,154,,,,,,,Y,3,0,3,2,A,-,05,21460,A,N,A,C,A,A,H,-,A,D,0,,,,,Y,,A,01,0,1,2,0,0,0,0,0,0,"- ","- ",34.471490000000003,-119.77817,"SANTA BARBARA",UNINCORPORATED,-119.77811174,34.47147966