CASE_ID,ACCIDENT_YEAR,PROC_DATE,JURIS,COLLISION_DATE,COLLISION_TIME,OFFICER_ID,REPORTING_DISTRICT,DAY_OF_WEEK,CHP_SHIFT,POPULATION,CNTY_CITY_LOC,SPECIAL_COND,BEAT_TYPE,CHP_BEAT_TYPE,CITY_DIVISION_LAPD,CHP_BEAT_CLASS,BEAT_NUMBER,PRIMARY_RD,SECONDARY_RD,DISTANCE,DIRECTION,INTERSECTION,WEATHER_1,WEATHER_2,STATE_HWY_IND,CALTRANS_COUNTY,CALTRANS_DISTRICT,STATE_ROUTE,ROUTE_SUFFIX,POSTMILE_PREFIX,POSTMILE,LOCATION_TYPE,RAMP_INTERSECTION,SIDE_OF_HWY,TOW_AWAY,COLLISION_SEVERITY,NUMBER_KILLED,NUMBER_INJURED,PARTY_COUNT,PRIMARY_COLL_FACTOR,PCF_CODE_OF_VIOL,PCF_VIOL_CATEGORY,PCF_VIOLATION,PCF_VIOL_SUBSECTION,HIT_AND_RUN,TYPE_OF_COLLISION,MVIW,PED_ACTION,ROAD_SURFACE,ROAD_COND_1,ROAD_COND_2,LIGHTING,CONTROL_DEVICE,CHP_ROAD_TYPE,PEDESTRIAN_ACCIDENT,BICYCLE_ACCIDENT,MOTORCYCLE_ACCIDENT,TRUCK_ACCIDENT,NOT_PRIVATE_PROPERTY,ALCOHOL_INVOLVED,STWD_VEHTYPE_AT_FAULT,CHP_VEHTYPE_AT_FAULT,COUNT_SEVERE_INJ,COUNT_VISIBLE_INJ,COUNT_COMPLAINT_PAIN,COUNT_PED_KILLED,COUNT_PED_INJURED,COUNT_BICYCLIST_KILLED,COUNT_BICYCLIST_INJURED,COUNT_MC_KILLED,COUNT_MC_INJURED,PRIMARY_RAMP,SECONDARY_RAMP,LATITUDE,LONGITUDE,COUNTY,CITY,POINT_X,POINT_Y
90247664,2016,2017-02-07,9750,2016-08-11,1500,020323,,4,2,9,4200,0,1,3,,1,022,"SR-1 N/B","GRACIOSA RD",9768.00,N,N,A,-,Y,,,1,,,,,,N,Y,4,0,5,1,C,-,18,,,N,H,A,A,A,H,-,A,D,0,,,,,Y,,-,"- ",0,0,5,0,0,0,0,0,0,"- ","- ",34.837420000000002,-120.45124,"SANTA BARBARA",UNINCORPORATED,-120.45142619000001,34.837400610000003
90248379,2016,2016-08-19,9755,2016-08-13,1740,020202,,6,2,9,4200,0,1,2,,2,004,SR-154,"RANCHO ALEGRE",250.00,W,N,A,-,Y,,,154,,,,,,,Y,4,0,1,2,A,-,05,21460,A,N,B,C,A,A,H,-,A,D,0,,,Y,,Y,,C,02,0,0,1,0,0,0,0,0,1,"- ","- ",34.567799999999998,-119.95161,"SANTA BARBARA",UNINCORPORATED,-119.95160239000001,34.567829279999998
90248438,2016,2016-08-19,9755,2016-08-17,1300,012436,,3,1,9,4200,0,1,3,,1,051,SR-1,SR-246,2865.00,S,N,A,-,Y,,,1,,,,,,,Y,2,0,2,3,A,-,05,21460,A,N,B,C,A,A,H,-,A,D,0,,,,Y,Y,,F,26,1,1,0,0,0,0,0,0,0,"- ","- ",34.634120000000003,-120.43245,"SANTA BARBARA",UNINCORPORATED,-120.43244111999999,34.634128609999998
90248774,2016,2016-08-19,9760,2016-08-12,1615,020765,,5,2,9,4200,0,1,3,,1,014,"EAST VALLEY ROAD (SR-192)","ROMERO CANYON  RD.",200.00,W,N,A,-,Y,,,192,,,,,,,Y,4,0,1,2,A,-,03,22350,,N,C,C,A,A,H,-,A,D,0,,,,,Y,,A,01,0,0,1,0,0,0,0,0,0,"- ","- ",34.436250000000001,-119.60259000000001,"SANTA BARBARA",UNINCORPORATED,-119.60258903,34.436254210000001
90222790,2016,2016-07-14,9760,2016-07-10,1340,018019,,7,1,9,4200,0,1,2,,2,010,"US-101 S/B (EL CAMINO REAL)","SAN YSIDRO RD.",231.00,N,N,A,-,Y,,,,,,,,,,N,4,0,1,2,A,-,03,22350,,N,C,C,A,A,H,-,A,D,0,,,,,Y,,A,01,0,0,1,0,0,0,0,0,0,"- ","- ",,,"SANTA BARBARA",UNINCORPORATED,-119.63227644,34.422489730000002
90222793,2016,2016-07-14,9750,2016-07-08,1240,016874,,5,1,9,4200,0,2,4,,1,024,"FOSTER ROAD","HILLVIEW ROAD",102.00,E,N,A,-,N,,,,,,,,,,Y,4,0,1,2,A,-,03,22350,,N,D,C,A,A,H,-,A,D,0,,,,,Y,,D,22,0,0,1,0,0,0,0,0,0,"- ","- ",34.88308,-120.4242,"SANTA BARBARA",UNINCORPORATED,-120.42408003,34.883082469999998
90222825,2016,2016-07-14,9760,2016-07-07,1909,021300,,4,2,9,4200,0,1,2,,2,010,"US-101 S/B","S PADARO LN OVERCROSSING",44.00,S,N,A,-,Y,,,101,,,,,,S,Y,3,0,2,4,A,-,03,22350,,N,C,C,A,A,H,-,A,D,0,,,,,Y,,A,01,0,1,1,0,0,0,0,0,0,"- ","- ",34.410679999999999,-119.55297,"SANTA BARBARA",UNINCORPORATED,-119.55297573999999,34.410672050000002
90222945,2016,2016-07-14,9760,2016-07-11,0720,020765,,1,1,3,4205,0,1,2,,2,010,"U.S.-101 NORTHBOUND","CASITAS PASS RD",100.00,N,N,A,-,Y,,,,,,,,,,Y,4,0,2,2,A,-,03,22350,,N,C,C,A,A,H,-,A,A,0,,,,,Y,,A,01,0,0,2,0,0,0,0,0,0,"- ","- ",34.397179999999999,-119.51182,"SANTA BARBARA",CARPINTERIA,-119.51165472,34.397088170000004
90222955,2016,2016-07-14,9750,2016-07-09,0600,020510,,6,1,9,4200,0,2,4,,1,024,"CLARK AVENUE","TELEPHONE RD",0.00,,Y,B,-,N,,,,,,,,,,Y,2,0,1,2,A,-,12,22450,A,N,D,C,A,A,H,-,A,A,0,,,,,Y,,A,01,1,0,0,0,0,0,0,0,0,"- ","- ",34.865340000000003,-120.38325,"SANTA BARBARA",UNINCORPORATED,-120.38319998999999,34.865330059999998
90222962,2016,2016-07-14,9750,2016-07-11,1240,015514,,1,1,9,4200,0,3,5,,2,030,"TEPUSQUET RD","COLSON CANYON RD",5280.00,N,N,A,-,N,,,,,,,,,,Y,4,0,1,1,A,-,08,22107,,N,E,I,A,A,H,-,A,D,0,,,,,Y,,A,07,0,0,1,0,0,0,0,0,0,"- ","- ",34.929479999999998,-120.22144,"SANTA BARBARA",UNINCORPORATED,-120.22564276,34.936857850000003
90223230,2016,2016-07-14,9750,2016-07-07,1900,020511,,4,2,9,4200,0,3,5,,2,030,"ORCUTT-GAREY RD","DOMINION RD",7920.00,E,N,A,-,N,,,,,,,,,,Y,2,0,1,1,A,-,01,23152,A,N,F,A,A,A,H,-,A,D,0,,,,,Y,Y,D,22,1,0,0,0,0,0,0,0,0,"- ","- ",34.88006,-120.32073,"SANTA BARBARA",UNINCORPORATED,-120.32109656999999,34.879767880000003
90224475,2016,2016-09-06,9755,2016-07-13,0745,015973,,3,1,9,4200,0,1,3,,1,055,"SR-1 N/B","CALIFORNIA BLVD",528.00,S,N,B,-,Y,,,1,,,,,,N,Y,4,0,1,4,A,-,03,22350,,N,C,C,A,A,H,-,A,D,0,,,,,Y,,A,07,0,0,1,0,0,0,0,0,0,"- ","- ",34.749250000000004,-120.51891000000001,"SANTA BARBARA",UNINCORPORATED,-120.51892259,34.749238699999999
90224733,2016,2016-07-18,9750,2016-07-09,0040,018786,,6,3,9,4200,0,3,5,,2,030,"PALMER RD","CAT CANYON RD",2640.00,S,N,A,-,N,,,,,,,,,,Y,3,0,1,1,A,-,03,22350,,N,E,I,A,A,H,-,D,D,0,,,,,Y,,D,22,0,1,0,0,0,0,0,0,0,"- ","- ",34.839950000000002,-120.30423999999999,"SANTA BARBARA",UNINCORPORATED,-120.30643000000001,34.83952
90224960,2016,2016-07-18,9750,2016-07-14,1000,016874,,4,1,9,4200,0,1,2,,2,001,"US-101 N/B (EL CAMINO REAL)","UNION VALLEY PARKWAY",168.00,S,N,A,-,Y,,,101,,,,,,N,Y,3,0,2,1,A,-,08,22107,,N,E,I,A,A,H,-,A,D,0,,,,,Y,,D,22,0,2,0,0,0,0,0,0,0,"- ","- ",34.879559999999998,-120.40806000000001,"SANTA BARBARA",UNINCORPORATED,-120.40818728000001,34.879449579999999
90225000,2016,2016-07-18,9750,2016-07-17,0645,014358,,7,1,9,4200,0,1,3,,1,022,"SOUTHBOUND SR 1","GRACIOSA RD",528.00,N,N,A,-,Y,,,1,,,,,,,Y,4,0,1,1,A,-,03,22350,,N,E,I,A,A,H,-,A,D,0,,,,,Y,,A,01,0,0,1,0,0,0,0,0,0,"- ","- ",34.811709999999998,-120.44849000000001,"SANTA BARBARA",UNINCORPORATED,-120.44844241,34.811727570000002
90231525,2016,2016-07-27,9750,2016-07-21,1400,015916,,4,2,9,4200,0,1,2,,2,003,"US-101 N/B (EL CAMINO REAL)","ALISOS CANYON ROAD",3696.00,S,N,A,-,Y,,,101,,,,,,N,Y,2,0,1,1,A,-,08,22107,,N,F,A,A,A,H,-,A,D,0,,,,,Y,,A,01,1,0,0,0,0,0,0,0,0,"- ","- ",34.7224,-120.21002,"SANTA BARBARA",UNINCORPORATED,-120.21003139,34.722376850000003
90231530,2016,2016-07-27,9760,2016-07-21,1756,020211,,4,2,5,4203,0,1,2,,2,011,"US-101 NORTHBOUND","MILPAS ST",50.00,N,N,A,-,Y,,,101,,,,,,N,N,4,0,2,3,A,-,03,22350,,N,C,C,A,A,H,-,A,D,0,,,,,Y,,A,01,0,0,2,0,0,0,0,0,0,"- ","- ",34.420369999999998,-119.67768,"SANTA BARBARA","SANTA BARBARA",-119.67768372,34.420419119999998
90231739,2016,2016-07-27,9750,2016-07-21,2241,019397,,4,3,9,4200,0,3,5,,2,020,"RICE RANCH ROAD","SAGE CREST DRIVE",528.00,W,N,A,-,N,,,,,,,,,,Y,3,0,2,1,A,-,08,22107,,N,E,I,A,A,H,-,C,D,0,,,,,Y,,A,01,0,2,0,0,0,0,0,0,0,"- ","- ",34.85754,-120.42812000000001,"SANTA BARBARA",UNINCORPORATED,-120.42812939,34.857610010000002
90232058,2016,2016-07-28,9760,2016-07-11,1648,017603,,1,2,5,4203,0,1,2,,2,020,"US-101 N/B","HITCHCOCK WAY",50.00,S,N,A,-,Y,,,101,,,,,,N,Y,3,0,1,1,A,-,08,22107,,N,E,I,A,A,H,-,A,D,0,,,,,Y,,A,07,0,1,0,0,0,0,0,0,0,"- ","- ",34.432560000000002,-119.74641,"SANTA BARBARA","SANTA BARBARA",-119.74640968,34.432560530000003
90232084,2016,2016-07-28,9760,2016-07-17,1410,017603,,7,2,4,4214,0,1,2,,1,030,"US-101 N/B","WINCHESTER CNY. RD.",528.00,S,N,A,-,Y,,,101,,,,,,N,Y,3,0,1,2,A,-,04,21703,,N,C,C,A,A,H,-,A,D,0,,,Y,,Y,,A,07,0,1,0,0,0,0,0,0,1,"- ","- ",34.432479999999998,-119.89825999999999,"SANTA BARBARA",GOLETA,-119.89825999,34.43247289
90232222,2016,2016-07-28,9760,2016-07-21,0600,020765,,4,1,9,4200,0,1,2,,2,010,"US-101 NORTHBOUND","SHEFFIELD RD.",1200.00,S,N,A,-,Y,,,101,,,,,,N,Y,3,0,3,2,A,-,03,22350,,N,C,C,A,A,H,-,A,D,0,,,,,Y,,D,22,0,1,2,0,0,0,0,0,0,"- ","- ",34.421379999999999,-119.61039,"SANTA BARBARA",UNINCORPORATED,-119.61038136000001,34.421422540000002
90232279,2016,2016-07-28,9760,2016-07-22,1435,020777,,5,2,9,4200,0,1,2,,2,010,"US-101 N/B","SANTA CLAUS LANE",300.00,S,N,A,-,Y,,,101,,,,,,N,Y,4,0,1,2,A,-,03,22350,,N,C,C,A,A,H,-,A,D,0,,,,,Y,,A,01,0,0,1,0,0,0,0,0,0,"- ","- ",34.410400000000003,-119.5523,"SANTA BARBARA",UNINCORPORATED,-119.55229426,34.410408009999998
90232414,2016,2017-02-14,9760,2016-07-25,0800,018264,,1,1,3,4205,0,1,2,,2,010,"US-101 NORTHBOUND","BAILARD AVE",1250.00,N,N,A,-,Y,,,101,,,,,,N,Y,3,0,2,3,A,-,03,22350,,N,C,C,A,A,H,-,A,D,0,,,,,Y,,A,01,0,1,1,0,0,0,0,0,0,"- ","- ",34.389969999999998,-119.50247,"SANTA BARBARA",CARPINTERIA,-119.50248741,34.389913499999999
90233209,2016,2016-07-29,9755,2016-07-21,1305,015973,,4,1,9,4200,0,1,3,,1,053,SR-246,"TULAROSA RD",4224.00,W,N,A,-,Y,,,246,,,,,,,Y,4,0,1,2,A,-,08,22107,,N,D,C,A,A,D,-,A,D,0,,,,,Y,,A,07,0,0,1,0,0,0,0,0,0,"- ","- ",34.664720000000003,-120.38534,"SANTA BARBARA",UNINCORPORATED,-120.38533986,34.664679479999997
90233333,2016,2016-08-08,9755,2016-07-28,1957,017884,,4,2,9,4200,0,3,5,,2,050,"RUCKER RD","PURISIMA RD",1056.00,N,N,A,-,N,,,,,,,,,,N,4,0,1,2,A,-,09,21804,A,N,D,C,A,A,H,-,A,D,0,,,,,Y,,A,07,0,0,1,0,0,0,0,0,0,"- ","- ",34.677799999999998,-120.4378,"SANTA BARBARA",UNINCORPORATED,-120.43824816,34.677495710000002
90233554,2016,2016-07-29,9760,2016-07-24,1537,020777,,7,2,9,4200,0,1,2,,2,010,"US-101 N/B","NIDEVER RD",330.00,S,N,A,-,Y,,,101,,,,,,N,Y,3,0,3,4,A,-,03,22350,,N,C,C,A,A,H,-,A,D,0,,,,,Y,,B,07,0,1,2,0,0,0,0,0,0,"- ","- ",34.415700000000001,-119.55929999999999,"SANTA BARBARA",UNINCORPORATED,-119.55928436000001,34.415733529999997
90249229,2016,2016-08-22,9760,2016-08-12,1710,020765,,5,2,3,4205,0,3,5,,2,001,"VIA REAL","SOUTH PADARO LANE",200.00,E,N,A,-,N,,,,,,,,,,Y,4,0,1,2,A,-,08,22107,,N,B,C,A,A,H,-,A,D,0,,,,,Y,,A,01,0,0,1,0,0,0,0,0,0,"- ","- ",34.410809999999998,-119.55168,"SANTA BARBARA",CARPINTERIA,-119.58221992,34.417464969999997
90249329,2016,2016-08-22,9760,2016-08-13,1350,018019,,6,1,3,4205,0,1,2,,2,010,"US-101 N/B (EL CAMINO REAL)","BAILARD AVE",550.00,S,N,A,-,Y,,,101,,,,,,N,Y,4,0,1,2,D,-,00,,,N,C,C,A,A,H,-,A,D,0,,,,,Y,,-,"- ",0,0,1,0,0,0,0,0,0,"- ","- ",34.386800000000001,-119.49272000000001,"SANTA BARBARA",CARPINTERIA,-119.49272932,34.386770679999998
90249370,2016,2016-08-22,9760,2016-08-14,1720,020473,,7,2,9,4200,0,2,4,,1,021,"HOLLISTER AVE. (5100 BLOCK)","MAGNOLIA CTR.",30.00,E,N,A,-,N,,,,,,,,,,N,4,0,1,2,A,-,03,22350,,N,C,C,A,A,H,-,A,A,0,,,,,Y,,A,01,0,0,1,0,0,0,0,0,0,"- ","- ",34.434950000000001,-119.80355,"SANTA BARBARA",UNINCORPORATED,-119.80348060999999,34.434957840000003
90249541,2016,2016-08-22,9750,2016-08-15,1200,018209,,1,1,9,4200,0,1,2,,2,003,"US-101 N/B (EL CAMINO REAL)","SOLOMON RD",8448.00,S,N,A,-,Y,,,101,,,,,,N,Y,3,0,1,1,A,-,08,22107,,N,F,A,A,A,H,-,A,D,0,,,,,Y,,D,22,0,1,0,0,0,0,0,0,0,"- ","- ",34.805430000000001,-120.34352,"SANTA BARBARA",UNINCORPORATED,-120.34354183000001,34.805421879999997
90249795,2016,2016-08-22,9750,2016-08-16,1430,018209,,2,2,9,4200,0,3,5,,2,030,"STOWELL RD","ROSEMARY RD",100.00,W,N,A,-,N,,,,,,,,,,N,3,0,1,2,D,-,00,,,N,G,B,E,A,H,-,A,D,0,Y,,,,Y,Y,-,"- ",0,1,0,0,1,0,0,0,0,"- ","- ",34.938099999999999,-120.40123,"SANTA BARBARA",UNINCORPORATED,-120.40082351,34.938143429999997
90249971,2016,2016-08-22,9750,2016-06-30,0240,018786,,4,3,5,4204,0,1,2,,2,001,"US-101 N/B (LOREN D. SCRUGGS MEM. HWY)","BETTERAVIA RD",4634.00,S,N,A,-,Y,,,101,,,,,,N,Y,1,1,0,1,A,-,01,23152,A,N,E,I,A,A,H,-,C,D,0,,,,,Y,Y,A,01,0,0,0,0,0,0,0,0,0,"- ","- ",34.918979999999998,-120.41759999999999,"SANTA BARBARA","SANTA MARIA",-120.41786822,34.918982819999997
90250155,2016,2016-08-23,9760,2016-08-15,1635,017314,,1,2,9,4200,0,1,2,,1,030,"US-101 S/B","EL CAPITAN RANCH ROAD",888.00,N,N,A,-,Y,,,101,,,,,,S,Y,3,0,2,2,A,-,08,22107,,N,B,C,A,A,H,-,A,D,0,,,,,Y,,A,07,0,2,0,0,0,0,0,0,0,"- ","- ",34.463169999999998,-120.02397999999999,"SANTA BARBARA",UNINCORPORATED,-120.02397517999999,34.463400640000003
90250160,2016,2016-08-23,9760,2016-08-17,0830,16739,,3,1,9,4200,0,1,2,,1,040,"US-101 S/B (EL CAMINO REAL)","ARROYO QUEMADA LN.",1584.00,S,N,A,-,Y,,,101,,,,,,S,N,3,0,1,1,A,-,07,21658,A,M,E,I,A,A,H,-,A,D,0,,,,,Y,,A,01,0,1,0,0,0,0,0,0,0,"- ","- ",34.463509999999999,-120.09901000000001,"SANTA BARBARA",UNINCORPORATED,-120.09900127,34.463523649999999
90250174,2016,2016-08-23,9760,2016-08-17,2040,020366,,3,2,9,4200,0,1,2,,1,040,"US-101 N/B","REFUGIO ROAD",1000.00,S,N,A,-,Y,,,101,,,,,,N,Y,4,0,1,1,A,-,08,22107,,N,E,I,A,A,H,-,D,D,0,,,,,Y,,A,07,0,0,1,0,0,0,0,0,0,"- ","- ",34.465269999999997,-120.06574000000001,"SANTA BARBARA",UNINCORPORATED,-120.06575393999999,34.465222349999998
90251148,2016,2016-08-23,9750,2016-08-21,1130,015514,,7,1,9,4200,0,3,5,,2,030,"FOXEN CANYON ROAD","TEPUSQUET ROAD",1056.00,N,N,A,-,N,,,,,,,,,,Y,3,0,1,1,C,-,18,,,N,H,H,A,A,H,-,A,D,0,,,Y,,Y,,-,"- ",0,1,0,0,0,0,0,0,1,"- ","- ",34.853589999999997,-120.26300999999999,"SANTA BARBARA",UNINCORPORATED,-120.26322322999999,34.853569999999998
90251203,2016,2016-08-23,9760,2016-08-15,1903,017253,,1,2,9,4200,0,3,5,,2,001,"VIA REAL","NIDEVER RD",113.00,W,N,A,-,N,,,,,,,,,,N,3,0,1,2,A,-,08,22107,,N,B,G,A,A,H,-,B,D,0,,Y,,,Y,,D,22,0,1,0,0,0,0,1,0,0,"- ","- ",34.416049999999998,-119.56099,"SANTA BARBARA",UNINCORPORATED,-119.56094186999999,34.416485569999999
90225118,2016,2016-07-18,9750,2016-07-10,1805,017379,,7,2,9,4200,0,1,2,,2,002,"US-101 (N/B)","PALMER RD.",4224.00,N,N,A,-,Y,,,101,,,,,,,Y,3,0,1,1,A,-,08,22107,,N,E,I,A,A,H,-,A,D,0,,,,,Y,,D,22,0,1,0,0,0,0,0,0,0,"- ","- ",34.801119999999997,-120.34213,"SANTA BARBARA",UNINCORPORATED,-120.34222292,34.801079960000003
90225491,2016,2016-07-19,9760,2016-06-29,0135,020908,,3,3,3,4205,0,1,2,,2,010,"US 101 SOUTH (EL CAMINO REAL)","SANTA YNEZ AVENUE",57.00,S,N,A,-,Y,,,,,,,,,,Y,3,0,1,2,A,-,01,23152,E,N,C,C,A,A,H,-,D,D,0,,,,Y,Y,,A,01,0,1,0,0,0,0,0,0,0,"- ","- ",34.403280000000002,-119.52704,"SANTA BARBARA",CARPINTERIA,-119.52640599999999,34.403164949999997
90225587,2016,2016-07-19,9760,2016-07-08,1545,020366,,5,2,9,4200,0,1,2,,2,010,"US-101 N/B","EVANS AVE",1530.00,S,N,A,-,Y,,,101,,,,,,N,Y,4,0,1,2,A,-,03,22350,,N,C,C,A,A,H,-,A,D,0,,,,,Y,,A,01,0,0,1,0,0,0,0,0,0,"- ","- ",34.42015,-119.59667,"SANTA BARBARA",UNINCORPORATED,-119.59668643000001,34.42010329
90227349,2016,2016-07-21,9760,2016-07-14,1120,014690,,4,1,9,4200,0,1,3,,1,022,"SR-154 E/B","CALLE REAL",175.00,E,N,A,-,Y,,,154,,,,,,E,N,4,0,1,2,A,-,21,22106,,N,C,C,A,A,H,-,A,A,0,,,,,Y,,A,07,0,0,1,0,0,0,0,0,0,"- ","- ",34.441290000000002,-119.76005000000001,"SANTA BARBARA",UNINCORPORATED,-119.76001084000001,34.441288980000003
90227354,2016,2016-07-21,9760,2016-06-30,1210,019831,,4,1,9,4200,0,3,5,,2,005,"DEL PLAYA DR","CAMINO PESCADERO",64.00,E,N,A,-,N,,,,,,,,,,N,3,0,1,2,A,-,11,21954,A,N,G,B,E,A,H,-,A,D,0,Y,,,,Y,,N,60,0,1,0,0,1,0,0,0,0,"- ","- ",34.409750000000003,-119.85853,"SANTA BARBARA",UNINCORPORATED,-119.85849883,34.409742129999998
90227358,2016,2016-07-21,9760,2016-06-30,1300,019831,,4,1,9,4200,0,1,3,,1,028,"SR-192 WB (FOOTHILL ROAD)","CIENEGUITAS RD",0.00,,Y,A,-,Y,,,192,,,,,,W,N,4,0,1,2,A,-,06,21755,,N,B,C,A,A,H,-,A,A,0,,,Y,,Y,,C,02,0,0,1,0,0,0,0,0,1,"- ","- ",34.45149,-119.75982999999999,"SANTA BARBARA",UNINCORPORATED,-119.759834,34.45148073
90227365,2016,2016-07-21,9760,2016-07-14,1705,021300,,4,2,9,4200,0,3,5,,2,005,"LOS CARNEROS RD","MESA RD",126.00,N,N,A,-,N,,,,,,,,,,N,4,0,1,2,A,-,03,22350,,N,C,C,A,A,H,-,A,D,0,,,,,Y,,A,01,0,0,1,0,0,0,0,0,0,"- ","- ",34.422490000000003,-119.85982,"SANTA BARBARA",UNINCORPORATED,-119.85977,34.422425990000001
90227509,2016,2016-07-21,9760,2016-06-19,1255,012263,,7,1,4,4214,0,1,2,,1,030,"US101 NB TO GLEN ANNIE RD.","GLEN ANNIE RD.",1056.00,S,N,A,-,Y,,,101,,,,R,,N,N,4,0,1,4,A,-,03,22350,,N,C,C,A,A,H,-,A,D,0,,,,,Y,,A,01,0,0,1,0,0,0,0,0,0,"- ","- ",34.436010000000003,-119.86344,"SANTA BARBARA",GOLETA,-119.86344,34.436010000000003
90259397,2016,2016-09-26,9750,2016-08-28,0648,014753,,7,1,9,4200,0,1,2,,2,002,"US-101 NORTHBOUND","CLARK AVENUE",16896.00,S,N,B,-,Y,,,101,,,,,,N,Y,3,0,2,1,A,-,08,22107,,N,E,I,A,A,H,-,A,D,0,,,,,Y,,A,01,0,2,0,0,0,0,0,0,0,"- ","- ",34.828530000000001,-120.36262000000001,"SANTA BARBARA",UNINCORPORATED,-120.36266603999999,34.82847572
90259808,2016,2016-09-02,9755,2016-09-01,1610,016058,,4,2,9,4200,0,1,3,,1,051,SR-1,"SANTA ROSA RD",528.00,S,N,A,-,Y,,,1,,,,,,,Y,4,0,1,1,A,-,08,22107,,N,F,A,A,A,H,-,A,D,0,,,,,Y,,A,07,0,0,1,0,0,0,0,0,0,"- ","- ",34.619450000000001,-120.42805,"SANTA BARBARA",UNINCORPORATED,-120.42810168,34.619433909999998
90260051,2016,2016-09-02,9760,2016-08-26,1250,020211,,5,1,4,4214,0,1,2,,2,020,"US-101 NORTHBOUND TO FAIRVIEW AVENUE","FAIRVIEW AVE",35.00,S,N,A,-,Y,,,101,,,,R,,N,N,4,0,1,2,A,-,21,22106,,N,C,C,A,A,H,-,A,A,0,,,,,Y,,A,01,0,0,1,0,0,0,0,0,0,"- ","- ",34.440460000000002,-119.83029000000001,"SANTA BARBARA",GOLETA,-119.83029000000001,34.440460000000002
90251262,2016,2016-08-24,9760,2016-08-20,1104,020211,,6,1,3,4205,0,1,2,,2,010,"US-101 NORTHBOUND",SR-150,1200.00,N,N,A,-,Y,,,101,,,,,,N,Y,4,0,1,2,A,-,03,22350,,N,C,C,A,A,H,-,A,D,0,,,,,Y,,A,07,0,0,1,0,0,0,0,0,0,"- ","- ",34.386139999999997,-119.49071000000001,"SANTA BARBARA",CARPINTERIA,-119.49071324000001,34.386129820000001
90251263,2016,2016-08-24,9760,2016-08-21,1645,020965,,7,2,9,4200,0,1,2,,2,010,"US-101 S/B","SAN YSIDRO RD",400.00,S,N,A,-,Y,,,101,,,,,,S,Y,4,0,3,2,A,-,03,22350,,N,C,C,A,A,H,-,A,D,0,,,,,Y,,A,08,0,0,3,0,0,0,0,0,0,"- ","- ",34.422139999999999,-119.62984,"SANTA BARBARA",UNINCORPORATED,-119.62993216,34.421838979999997
90251266,2016,2016-08-24,9760,2016-08-07,1535,020965,,7,2,9,4200,0,3,5,,2,001,"SANTA CLAUS LN","S. PADARO LANE",500.00,E,N,A,-,N,,,,,,,,,,N,3,0,1,2,A,-,11,21954,A,N,G,B,E,A,H,-,A,D,0,Y,,,,Y,,N,60,0,1,0,0,1,0,0,0,0,"- ","- ",34.409770000000002,-119.55244,"SANTA BARBARA",UNINCORPORATED,-119.5521835,34.409597669999997
90251483,2016,2016-08-24,9755,2016-08-23,0945,015973,,2,1,9,4200,0,3,5,,2,050,"PURISIMA RD","RUCKER RD",0.00,,Y,A,-,N,,,,,,,,,,Y,4,0,1,2,A,-,12,22450,A,N,A,C,A,A,H,-,A,A,0,,,,,Y,,A,07,0,0,1,0,0,0,0,0,0,"- ","- ",34.676189999999998,-120.43966,"SANTA BARBARA",UNINCORPORATED,-120.43983998,34.675040119999998
90252077,2016,2016-08-24,9760,2016-06-26,0748,012263,,7,1,9,4200,0,3,5,,2,001,"US101 S/B","TAJIGUAS RANCH",1056.00,S,N,B,-,Y,,,101,,,,,,S,Y,3,0,1,1,A,-,08,22107,,N,E,I,A,A,H,-,A,D,0,,,,,Y,,A,01,0,1,0,0,0,0,0,0,0,"- ","- ",34.464129999999997,-120.10002,"SANTA BARBARA",UNINCORPORATED,-120.0999994,34.464162190000003
90256089,2016,2016-08-29,9760,2016-08-19,1650,020765,,5,2,9,4200,0,1,2,,2,010,"US-101 SOUTHBOUND","NORTH PADARO LN",2640.00,N,N,A,-,Y,,,101,,,,,,S,Y,4,0,1,1,C,-,18,,,N,A,I,A,A,H,-,A,D,0,,,,,Y,,-,"- ",0,0,1,0,0,0,0,0,0,"- ","- ",34.418509999999998,-119.59144999999999,"SANTA BARBARA",UNINCORPORATED,-119.59143191,34.418556670000001