CASE_ID,ACCIDENT_YEAR,PROC_DATE,JURIS,COLLISION_DATE,COLLISION_TIME,OFFICER_ID,REPORTING_DISTRICT,DAY_OF_WEEK,CHP_SHIFT,POPULATION,CNTY_CITY_LOC,SPECIAL_COND,BEAT_TYPE,CHP_BEAT_TYPE,CITY_DIVISION_LAPD,CHP_BEAT_CLASS,BEAT_NUMBER,PRIMARY_RD,SECONDARY_RD,DISTANCE,DIRECTION,INTERSECTION,WEATHER_1,WEATHER_2,STATE_HWY_IND,CALTRANS_COUNTY,CALTRANS_DISTRICT,STATE_ROUTE,ROUTE_SUFFIX,POSTMILE_PREFIX,POSTMILE,LOCATION_TYPE,RAMP_INTERSECTION,SIDE_OF_HWY,TOW_AWAY,COLLISION_SEVERITY,NUMBER_KILLED,NUMBER_INJURED,PARTY_COUNT,PRIMARY_COLL_FACTOR,PCF_CODE_OF_VIOL,PCF_VIOL_CATEGORY,PCF_VIOLATION,PCF_VIOL_SUBSECTION,HIT_AND_RUN,TYPE_OF_COLLISION,MVIW,PED_ACTION,ROAD_SURFACE,ROAD_COND_1,ROAD_COND_2,LIGHTING,CONTROL_DEVICE,CHP_ROAD_TYPE,PEDESTRIAN_ACCIDENT,BICYCLE_ACCIDENT,MOTORCYCLE_ACCIDENT,TRUCK_ACCIDENT,NOT_PRIVATE_PROPERTY,ALCOHOL_INVOLVED,STWD_VEHTYPE_AT_FAULT,CHP_VEHTYPE_AT_FAULT,COUNT_SEVERE_INJ,COUNT_VISIBLE_INJ,COUNT_COMPLAINT_PAIN,COUNT_PED_KILLED,COUNT_PED_INJURED,COUNT_BICYCLIST_KILLED,COUNT_BICYCLIST_INJURED,COUNT_MC_KILLED,COUNT_MC_INJURED,PRIMARY_RAMP,SECONDARY_RAMP,LATITUDE,LONGITUDE,COUNTY,CITY,POINT_X,POINT_Y
90256189,2016,2016-08-29,9760,2016-08-08,0035,021300,,1,3,5,4203,0,1,2,,2,011,"US-101 N/B","OLIVE MILL RD",570.00,N,N,A,-,Y,,,101,,,,,,N,Y,3,0,1,1,A,-,08,22107,,N,F,I,A,A,H,-,C,D,0,,,,,Y,,A,01,0,1,0,0,0,0,0,0,0,"- ","- ",34.420020000000001,-119.64254,"SANTA BARBARA","SANTA BARBARA",-119.64252793,34.419931050000002
90256387,2016,2016-08-30,9760,2016-08-17,0150,021300,,3,3,9,4200,0,1,3,,1,014,"SR-192 (CASITAS PASS RD)","LILLINGSTON CANYON RD",300.00,W,N,A,-,Y,,,192,,,,,,,Y,3,0,1,1,A,-,01,23152,A,N,E,I,A,A,H,-,D,D,0,,,,,Y,Y,A,01,0,1,0,0,0,0,0,0,0,"- ","- ",34.401609999999998,-119.489,"SANTA BARBARA",UNINCORPORATED,-119.48899129,34.401654530000002
90257154,2016,2016-08-30,9760,2016-08-24,1210,014690,,3,1,9,4200,0,3,5,,2,001,"CHANNEL DR. W/B (1100 BLOCK)","BUTTERFLY LN",792.00,E,N,A,-,N,,,,,,,,,,N,4,0,1,2,A,-,08,22107,,N,D,G,A,A,H,-,A,D,0,,Y,,,Y,,D,22,0,0,1,0,0,0,1,0,0,"- ","- ",34.417409999999997,-119.64507999999999,"SANTA BARBARA",UNINCORPORATED,-119.64489877,34.417266099999999
90257212,2016,2016-08-30,9750,2016-08-17,2020,020511,,3,2,9,4200,0,1,3,,1,021,"SR-135 N/B","FOSTER ROAD",177.00,S,N,A,-,Y,,,135,,,,,,N,Y,4,0,1,3,A,-,01,23152,E,N,C,C,A,A,H,-,D,A,0,,,,,Y,,A,08,0,0,1,0,0,0,0,0,0,"- ","- ",34.8825,-120.43643,"SANTA BARBARA",UNINCORPORATED,-120.43651933,34.882500180000001
90257354,2016,2016-08-30,9750,2016-08-29,0045,020323,,1,3,9,4200,0,1,2,,2,003,"US-101 S/B (EL CAMINO REAL)","CAT CANYON RD",4752.00,N,N,A,-,Y,,,101,,,,,,S,Y,2,0,2,1,A,-,01,23153,A,N,F,A,A,A,H,-,D,D,0,,,,,Y,Y,A,08,1,1,0,0,0,0,0,0,0,"- ","- ",34.78586,-120.32216,"SANTA BARBARA",UNINCORPORATED,-120.32218902,34.785804429999999
90233620,2016,2016-07-29,9760,2016-07-24,1825,020366,,7,2,9,4200,0,1,2,,2,020,"US-101 S/B","SR-154 OVER-CROSSING",1811.00,N,N,A,-,Y,,,101,,,,,,S,Y,2,0,1,1,A,-,08,22107,,N,E,I,A,A,H,-,A,D,0,,,,,Y,,D,22,1,0,0,0,0,0,0,0,0,"- ","- ",34.44097,-119.76609999999999,"SANTA BARBARA",UNINCORPORATED,-119.76609778,34.440905919999999
90233927,2016,2016-08-01,9760,2016-07-17,2045,021061,,7,2,4,4214,0,1,3,,2,027,"SR-217 W/B TO HOLLISTER AVE.","ARMITOS AVE",500.00,E,N,A,-,Y,,,217,,,,R,,W,Y,4,0,1,2,A,-,01,23152,A,N,F,A,A,A,H,-,C,D,0,,,,,Y,Y,A,01,0,0,1,0,0,0,0,0,0,"- ","- ",34.436869999999999,-119.81706,"SANTA BARBARA",GOLETA,-119.81706,34.436869999999999
90233988,2016,2016-08-01,9760,2016-07-17,0135,021061,,7,3,4,4214,0,1,2,,1,030,"US-101 N/B TO GLEN ANNIE RD.","GLEN ANNIE RD",10.00,S,N,A,-,Y,,,101,,,,R,,N,Y,4,0,2,2,A,-,03,22350,,N,C,C,A,A,H,-,C,A,0,,,,,Y,,A,01,0,0,2,0,0,0,0,0,0,"- ","- ",34.435699999999997,-119.87112999999999,"SANTA BARBARA",GOLETA,-119.87112999999999,34.435699999999997
90233993,2016,2016-08-01,9760,2016-07-28,0955,019446,,4,1,9,4200,0,3,5,,2,001,"SHEFFIELD DR","JELINDA DR",0.00,,N,A,-,N,,,,,,,,,,N,3,0,1,1,A,-,03,22350,,N,E,I,A,A,C,-,A,A,0,,Y,,,Y,,L,04,0,1,0,0,0,0,1,0,0,"- ","- ",34.427259999999997,-119.60896,"SANTA BARBARA",UNINCORPORATED,-119.61161988000001,34.4259901
90234002,2016,2016-08-01,9760,2016-07-26,2250,021300,,2,3,9,4200,0,3,5,,2,001,"VIA REAL","SOUTH PADARO LN.",0.00,,Y,A,-,N,,,,,,,,,,Y,4,0,1,2,A,-,09,21802,A,N,D,C,A,A,H,-,C,D,0,,,,,Y,,A,07,0,0,1,0,0,0,0,0,0,"- ","- ",34.411389999999997,-119.55228,"SANTA BARBARA",UNINCORPORATED,-119.58284995,34.417630109999998
90234638,2016,2016-08-01,9750,2016-07-24,0531,015514,,7,3,9,4200,0,1,2,,2,002,"US-101 S/B (EL CAMINO REAL)","PALMER ROAD",2112.00,N,N,A,-,Y,,,101,,,,,,S,Y,3,0,1,1,A,-,08,22107,,N,F,A,A,A,H,-,C,D,0,,,,,Y,Y,A,01,0,1,0,0,0,0,0,0,0,"- ","- ",34.796900000000001,-120.33941,"SANTA BARBARA",UNINCORPORATED,-120.33939556,34.796912880000001
90234788,2016,2016-08-01,9750,2016-07-22,0542,015916,,5,3,5,4204,0,1,2,,2,001,"US-101 S/B (EL CAMINO REAL)","BETTERAVIA ROAD",2904.00,N,N,A,-,Y,,,101,,,,,,S,Y,3,0,1,2,A,-,03,22350,,F,C,C,A,A,H,-,A,D,0,,,,,Y,,A,01,0,1,0,0,0,0,0,0,0,"- ","- ",34.932049999999997,-120.41795,"SANTA BARBARA","SANTA MARIA",-120.41795322999999,34.932050029999999
90235481,2016,2016-08-02,9750,2016-07-28,0535,013267,,4,3,9,4200,0,1,3,,1,022,"RT 1","SOLOMON ROAD",5808.00,N,N,B,-,Y,,,1,,,,,,,Y,4,0,9,2,A,-,09,21801,A,N,D,C,A,A,H,-,A,D,0,,,,,Y,,M,58,0,0,9,0,0,0,0,0,0,"- ","- ",34.8765,-120.48452,"SANTA BARBARA",UNINCORPORATED,-120.48453923,34.876436580000004
90235487,2016,2016-08-02,9760,2016-07-26,1100,019831,,2,1,9,4200,0,3,5,,2,005,"STORKE ROAD","EL COLEGIO ROAD",133.00,N,N,A,-,N,,,,,,,,,,N,3,0,1,2,B,-,22,,,N,D,G,A,A,H,-,A,A,0,,Y,,Y,Y,,L,04,0,1,0,0,0,0,1,0,0,"- ","- ",34.417879999999997,-119.86963,"SANTA BARBARA",UNINCORPORATED,-119.86978000000001,34.417714930000002
90235659,2016,2016-08-02,9755,2016-07-20,1745,016999,,3,2,9,4200,0,1,3,,1,055,"SR-1 S/B","MOUNTAIN VIEW BLVD",1584.00,N,N,A,-,Y,,,1,,,,,,S,Y,4,0,1,3,A,-,04,21703,,N,C,C,A,A,H,-,A,D,0,,,,,Y,,A,07,0,0,1,0,0,0,0,0,0,"- ","- ",34.753419999999998,-120.5171,"SANTA BARBARA",UNINCORPORATED,-120.51701727,34.753295629999997
90235729,2016,2016-08-02,9750,2016-07-29,0555,017379,,5,3,9,4200,0,2,S,,2,025,"FOXEN LANE","BELL STREET",246.00,W,N,B,-,N,,,,,,,,,,Y,4,0,1,2,A,-,08,22107,,N,B,E,A,A,H,-,B,D,0,,,,,Y,,A,07,0,0,1,0,0,0,0,0,0,"- ","- ",34.742080000000001,-120.27011,"SANTA BARBARA",UNINCORPORATED,-120.27174506,34.741279069999997
90260081,2016,2017-10-04,9760,2016-08-27,2325,020908,,6,3,9,4200,0,1,3,,1,014,"SR-192 (EAST VALLEY DRIVE)","PICACHO LANE",0.00,,Y,A,-,Y,,,192,,,,,,,Y,3,0,2,2,A,-,01,23152,A,N,D,C,A,A,H,-,D,D,0,,,,,Y,Y,A,01,0,2,0,0,0,0,0,0,0,"- ","- ",34.436660000000003,-119.63673,"SANTA BARBARA",UNINCORPORATED,-119.63672977,34.43665859
90260129,2016,2016-09-02,9760,2016-08-30,0730,017674,,2,1,9,4200,0,1,2,,2,020,"US-101 S/B","SR-154 O.C.",3131.00,N,N,A,-,Y,,,101,,,,,,S,Y,4,0,2,3,A,-,07,21658,A,N,C,C,A,A,H,-,A,D,0,,,,,Y,,A,07,0,0,2,0,0,0,0,0,0,"- ","- ",34.440919999999998,-119.77059,"SANTA BARBARA",UNINCORPORATED,-119.77058501,34.440955709999997
90260266,2016,2016-09-05,9760,2016-08-26,1900,020721,,5,2,9,4200,0,1,3,,2,027,"SR-217 W/B","SANDSPIT RD",1056.00,E,N,A,-,Y,,,217,,,,,,W,Y,3,0,1,2,A,-,08,22107,,N,D,C,A,A,H,-,A,D,0,,,,,Y,,A,01,0,1,0,0,0,0,0,0,0,"- ","- ",34.419969999999999,-119.83096999999999,"SANTA BARBARA",UNINCORPORATED,-119.83096318,34.419960809999999
90260339,2016,2016-09-05,9760,2016-09-01,1540,018431,,4,2,9,4200,0,1,2,,2,010,"US-101 S/B","SAN YSIDRO RD.",1000.00,S,N,A,-,Y,,,101,,,,,,S,N,4,0,1,2,A,-,07,21658,A,N,B,C,A,A,H,-,A,D,0,,,Y,,Y,,A,01,0,0,1,0,0,0,0,0,1,"- ","- ",34.421100000000003,-119.62672999999999,"SANTA BARBARA",UNINCORPORATED,-119.62674911000001,34.420968629999997
90262361,2016,2016-09-06,9750,2016-08-30,0610,014358,,2,1,9,4200,0,3,5,,2,030,"TELEPHONE ROAD","CAMBRIDGE WAY",1584.00,S,N,A,-,N,,,,,,,,,,N,3,0,1,2,A,-,11,21954,A,N,G,B,E,A,H,-,D,D,0,Y,,,,Y,,N,60,0,1,0,0,1,0,0,0,0,"- ","- ",34.898760000000003,-120.38321000000001,"SANTA BARBARA",UNINCORPORATED,-120.38315249,34.90185949
90263461,2016,2016-09-08,9760,2016-08-27,1800,020721,,6,2,9,4200,0,3,5,,2,002,"CALLE REAL","OLD MILL RD",40.00,W,N,A,-,N,,,,,,,,,,Y,4,0,5,2,A,-,03,22350,,N,C,C,A,A,H,-,A,A,0,,,,,Y,,J,48,0,0,5,0,0,0,0,0,0,"- ","- ",34.441279999999999,-119.76481,"SANTA BARBARA",UNINCORPORATED,-119.7647825,34.441306599999997
90263696,2016,2016-09-08,9760,2016-08-29,0740,020029,,1,1,3,4205,0,1,2,,2,010,"US-101 NORTHBOUND","SANTA YNEZ AVE",2000.00,S,N,A,-,Y,,,101,,,,,,N,Y,3,0,1,3,A,-,07,21658,A,N,B,C,A,A,H,-,A,D,0,,,Y,,Y,,D,22,0,1,0,0,0,0,0,0,1,"- ","- ",34.402560000000001,-119.52226,"SANTA BARBARA",CARPINTERIA,-119.52225912999999,34.402564599999998
90264207,2016,2016-09-08,9760,2016-08-31,0700,017674,,3,1,9,4200,0,3,5,,2,002,"SAN SIMEON DR.","TURNPIKE RD.",10.00,W,N,A,-,N,,,,,,,,,,N,4,0,1,2,D,-,00,,,N,H,B,B,A,H,-,A,D,0,Y,,,,Y,,-,"- ",0,0,1,0,1,0,0,0,0,"- ","- ",34.438139999999997,-119.78958,"SANTA BARBARA",UNINCORPORATED,-119.78949313,34.438209229999998
90264434,2016,2016-09-08,9750,2016-09-02,2015,020511,,5,2,9,4200,0,1,3,,1,062,"SR-166 W/B","CABLE CORRAL RD",3696.00,W,N,A,-,Y,,,166,,,,,,W,Y,3,0,1,1,A,-,01,23152,A,N,F,A,A,A,H,-,D,D,0,,,,,Y,Y,A,01,0,1,0,0,0,0,0,0,0,"- ","- ",35.107199999999999,-120.10611,"SANTA BARBARA",UNINCORPORATED,-120.10619751999999,35.10733913
90264580,2016,2016-09-09,9755,2016-09-08,0720,016058,,4,1,9,4200,0,1,3,,1,053,SR-246,"RIVERVIEW ROAD",12672.00,W,N,B,-,Y,,,,,,,,,,Y,3,0,1,1,A,-,08,22107,,N,F,A,A,A,H,-,A,D,0,,,,,Y,,D,22,0,1,0,0,0,0,0,0,0,"- ","- ",34.613399999999999,-120.20108999999999,"SANTA BARBARA",UNINCORPORATED,-120.24955384,34.620470089999998
90265033,2016,2016-09-09,9760,2016-09-06,1640,015669,,2,2,9,4200,0,3,5,,2,002,"LAS PALMAS DRIVE","VIA LAGUNA",470.00,N,N,A,-,N,,,,,,,,,,Y,4,0,1,2,A,-,03,22350,,N,C,C,A,A,H,-,A,D,0,,,,,Y,,A,07,0,0,1,0,0,0,0,0,0,"- ","- ",34.435450000000003,-119.75839000000001,"SANTA BARBARA",UNINCORPORATED,-119.75854184000001,34.435400379999997
90236746,2016,2016-08-03,9760,2016-07-29,1230,019446,,5,1,9,4200,0,1,3,,1,022,SR-154,"PAINTED CAVE RD",0.00,,Y,A,-,Y,,,154,,,,,,,Y,3,0,2,2,A,-,09,21802,A,N,D,C,A,A,H,-,A,A,0,,,,,Y,,A,01,0,1,1,0,0,0,0,0,0,"- ","- ",34.491300000000003,-119.79537999999999,"SANTA BARBARA",UNINCORPORATED,-119.7953887,34.4912773
90237621,2016,2016-08-04,9750,2016-07-30,1345,018616,,6,1,9,4200,0,1,2,,2,003,"US-101 SOUTHBOUND","ALISOS CANYON ROAD",2112.00,N,N,A,-,Y,,,101,,,,,,S,Y,4,0,1,1,A,-,08,22107,,N,E,I,A,A,H,-,A,D,0,,,,,Y,,A,01,0,0,1,0,0,0,0,0,0,"- ","- ",34.734859999999998,-120.24467,"SANTA BARBARA",UNINCORPORATED,-120.24465158,34.734920819999999
90238289,2016,2016-08-05,9750,2016-07-27,2325,020511,,3,3,9,4200,0,2,4,,1,024,"BRADLEY RD","PATTERSON RD",0.00,,Y,A,-,N,,,,,,,,,,Y,3,0,3,2,D,-,00,,,N,D,C,A,A,H,-,C,A,0,,,,,Y,,-,"- ",0,1,2,0,0,0,0,0,0,"- ","- ",34.868450000000003,-120.41893,"SANTA BARBARA",UNINCORPORATED,-120.41879987,34.86857011
90238809,2016,2016-08-05,9750,2016-07-28,1730,018616,,4,2,9,4200,0,1,3,,1,011,SR-166,"BLACK RD",0.00,,Y,A,-,Y,,,166,,,,,,,Y,3,0,1,2,A,-,06,21755,,M,D,C,A,A,H,-,A,D,0,,,,,Y,,A,07,0,1,0,0,0,0,0,0,0,"- ","- ",34.955179999999999,-120.48967,"SANTA BARBARA",UNINCORPORATED,-120.48965926,34.95535872
90239090,2016,2016-08-08,9760,2016-07-31,2215,021061,,7,3,9,4200,0,3,5,,2,002,"PATTERSON AVE","CALLE REAL",0.00,,Y,A,-,N,,,,,,,,,,Y,4,0,1,2,D,-,00,,,N,D,C,A,A,H,-,C,A,0,,,,,Y,,-,"- ",0,0,1,0,0,0,0,0,0,"- ","- ",34.443739999999998,-119.80833,"SANTA BARBARA",UNINCORPORATED,-119.80817,34.443630059999997
90239115,2016,2016-08-08,9760,2016-07-30,1320,020765,,6,1,9,4200,0,1,2,,2,020,"U.S 101 SOUTHBOUND TO TURNPIKE ROAD","TURNPIKE ROAD",0.00,,Y,A,-,Y,,,,,,,,,,Y,3,0,1,3,A,-,01,23152,E,N,D,C,A,A,H,-,A,A,0,,,,,Y,,A,07,0,1,0,0,0,0,0,0,0,"- ","- ",34.44191,-119.78944,"SANTA BARBARA",UNINCORPORATED,-119.78940986000001,34.442230010000003
90239148,2016,2016-08-08,9760,2016-08-01,1700,020765,,1,2,9,4200,0,1,3,,1,022,SR-154,"HIDDEN VALLEY RD",150.00,E,N,A,-,Y,,,154,,,,,,,Y,4,0,2,2,A,-,03,22350,,N,C,C,A,A,H,-,A,D,0,,,,,Y,,A,01,0,0,2,0,0,0,0,0,0,"- ","- ",34.494059999999998,-119.79940999999999,"SANTA BARBARA",UNINCORPORATED,-119.79942809000001,34.494043519999998
90239464,2016,2016-08-08,9755,2016-08-05,1355,015973,,5,1,9,4200,0,1,3,,1,055,"SR-1 N/B","FIREFIGHTER RD",2112.00,N,N,A,-,Y,,,1,,,,,,N,Y,3,0,6,1,A,-,08,22107,,N,F,A,A,A,H,-,A,D,0,,,,,Y,,D,22,0,4,2,0,0,0,0,0,0,"- ","- ",34.772219999999997,-120.51088,"SANTA BARBARA",UNINCORPORATED,-120.51095011,34.772254179999997
90239954,2016,2016-08-08,9760,2016-07-31,0443,021300,,7,3,9,4200,0,3,5,,2,002,"ORCHID DR (1100 BLOCK)","SHORE LINE DR",44.00,S,N,A,-,N,,,,,,,,,,Y,4,0,1,1,A,-,08,22107,,N,H,J,A,A,H,-,D,D,0,,,,,Y,,A,07,0,0,1,0,0,0,0,0,0,"- ","- ",34.424250000000001,-119.80506,"SANTA BARBARA",UNINCORPORATED,-119.80511844999999,34.424344830000003
90239957,2016,2016-08-08,9760,2016-07-31,2200,021300,,7,3,9,4200,0,1,2,,2,010,"US-101 N/B","SAN YSIDRO",263.00,N,N,A,-,Y,,,101,,,,,,N,N,4,0,1,2,A,-,03,22350,,N,C,C,A,A,H,-,C,D,0,,,,,Y,,D,22,0,0,1,0,0,0,0,0,0,"- ","- ",34.42268,-119.63249999999999,"SANTA BARBARA",UNINCORPORATED,-119.63250078,34.422675230000003
90240047,2016,2016-08-08,9760,2016-08-02,1312,019831,,2,1,9,4200,0,1,2,,2,010,"US-101 NB (EL CAMINO REAL)","SOUTH PADARO LANE",3388.00,N,N,A,-,Y,,,101,,,,,,N,Y,3,0,1,1,A,-,08,22107,,N,F,A,A,A,H,-,A,D,0,,,,,Y,,D,22,0,1,0,0,0,0,0,0,0,"- ","- ",34.416339999999998,-119.56237,"SANTA BARBARA",UNINCORPORATED,-119.56236087000001,34.416433220000002
90265249,2016,2016-09-12,9760,2016-09-03,0800,019831,,6,1,4,4214,0,1,2,,1,030,"US-101 SB FROM LOS CARNEROS","LOS CARNEROS RD",67.00,S,N,C,-,Y,,,101,,,,R,,S,Y,3,0,1,1,A,-,03,22350,,N,F,I,A,B,H,-,A,D,0,,,,,Y,,A,07,0,1,0,0,0,0,0,0,0,"- ","- ",34.437379999999997,-119.85209999999999,"SANTA BARBARA",GOLETA,-119.85209999999999,34.437379999999997
90265363,2016,2016-09-12,9755,2016-09-02,2335,018483,,5,3,9,4200,0,1,2,,2,004,"US-101 S/B","JONATA PARK RD",20.00,S,N,A,-,Y,,,101,,,,,,S,Y,3,0,2,2,A,-,09,21801,A,N,C,C,A,A,H,-,D,D,0,,,,,Y,,A,01,0,2,0,0,0,0,0,0,0,"- ","- ",34.652709999999999,-120.18292,"SANTA BARBARA",UNINCORPORATED,-120.1829347,34.652713669999997
90265372,2016,2016-09-12,9755,2016-09-03,1713,017884,,6,2,9,4200,0,1,2,,2,004,"US-101 S/B",SR-154,3168.00,S,N,A,-,Y,,,101,,,,,,S,Y,4,0,1,1,A,-,03,22350,,N,F,A,A,A,H,-,A,D,0,,,,,Y,,E,22,0,0,1,0,0,0,0,0,0,"- ","- ",34.679360000000003,-120.15751,"SANTA BARBARA",UNINCORPORATED,-120.15747752999999,34.679354510000003
90265420,2016,2016-09-12,9755,2016-08-20,0013,018483,,6,3,9,4200,0,3,5,,2,040,"SANTA BARBARA AVENUE NORTHBOUND","OLIVET AVENUE",1199.00,S,N,A,-,N,,,,,,,,,,Y,1,1,0,1,A,-,01,23152,A,N,E,I,A,A,H,-,D,D,0,,,,,Y,Y,D,22,0,0,0,0,0,0,0,0,0,"- ","- ",34.659959999999998,-120.11834,"SANTA BARBARA",UNINCORPORATED,-120.11946832,34.660919900000003
90265783,2016,2016-10-31,9760,2016-09-04,1040,018019,,7,1,9,4200,0,3,5,,2,001,"LAS CANOAS RD.","MISSION CANYON RD.",1584.00,E,N,A,-,N,,,,,,,,,,N,4,0,1,2,A,-,05,21460,A,N,A,C,A,A,H,-,A,D,0,,,,,Y,,A,07,0,0,1,0,0,0,0,0,0,"- ","- ",34.45261,-119.70704000000001,"SANTA BARBARA",UNINCORPORATED,-119.70567717,34.452754380000002
90265792,2016,2016-09-12,9750,2016-09-03,0215,020510,,6,3,9,4200,0,2,4,,1,024,"CLARK AVENUE","HARP RD",29.00,W,N,B,-,N,,,,,,,,,,N,3,0,1,2,A,-,21,22106,,N,G,B,E,A,H,-,C,A,0,Y,,,,Y,,A,01,0,1,0,0,1,0,0,0,0,"- ","- ",34.86495,-120.41462,"SANTA BARBARA",UNINCORPORATED,-120.41452662,34.865001759999998
90265920,2016,2016-09-12,9760,2016-09-08,1620,021300,,4,2,5,4203,0,1,2,,2,011,"US-101 N/B","PUEBLO ST",740.00,S,N,A,-,Y,,,101,,,,,,N,Y,4,0,1,2,A,-,03,22350,,N,C,C,A,A,H,-,A,D,0,,,,,Y,,A,01,0,0,1,0,0,0,0,0,0,"- ","- ",34.42624,-119.72333,"SANTA BARBARA","SANTA BARBARA",-119.72331905999999,34.426292340000003
90266053,2016,2016-09-12,9760,2016-09-10,1510,020721,,6,2,5,4203,0,1,2,,2,011,"US-101 S/B","CABRILLO BLVD",2112.00,N,N,A,-,Y,,,101,,,,,,S,Y,4,0,3,3,A,-,03,22350,,N,C,C,A,A,H,-,A,D,0,,,,,Y,,D,22,0,0,3,0,0,0,0,0,0,"- ","- ",34.422530000000002,-119.66151000000001,"SANTA BARBARA","SANTA BARBARA",-119.66150761,34.422520779999999
90266185,2016,2016-09-13,9750,2016-09-11,1650,016874,,7,2,9,4200,0,1,3,,1,064,SR-166,"HUBBARD AVE",0.00,,Y,A,-,Y,,,166,,,,,,,Y,3,0,2,2,A,-,01,23152,A,N,D,C,A,A,H,-,A,D,0,,,,,Y,Y,A,01,0,1,1,0,0,0,0,0,0,"- ","- ",34.946959999999997,-119.68617999999999,"SANTA BARBARA",UNINCORPORATED,-119.68615978,34.947018249999999
90267277,2016,2016-09-14,9755,2016-09-02,1815,017255,,5,2,9,4200,0,1,3,,1,053,"SR-246 W/B","246 SB 21.50",150.00,W,N,A,-,Y,,,246,,,,,,W,Y,3,0,1,2,A,-,07,21658,A,N,B,C,A,A,H,-,A,D,0,,,,,Y,,A,01,0,1,0,0,0,0,0,0,0,"- ","- ",34.626220000000004,-120.26846999999999,"SANTA BARBARA",UNINCORPORATED,-120.26847015,34.626219560000003
90267618,2016,2016-09-14,9760,2016-08-20,2012,020226,,6,2,4,4214,0,1,3,,2,027,"US-101 N/B TO SR-217 W/B","PATTERSON AVENUE",1150.00,N,N,A,-,Y,,,101,,,,R,,N,Y,2,0,1,1,A,-,03,22350,,N,E,I,A,A,H,-,C,D,0,,,Y,,Y,,C,02,1,0,0,0,0,0,0,0,1,"- ","- ",34.441920000000003,-119.81246,"SANTA BARBARA",GOLETA,-119.81246,34.441920000000003
90240146,2016,2016-08-08,9760,2016-08-06,2140,020757,,6,2,9,4200,0,1,2,,1,040,"US-101 N/B","FARREN RD",200.00,S,N,A,-,Y,,,101,,,,,,N,Y,3,0,4,2,A,-,03,22350,,N,C,C,A,A,H,-,D,D,0,,,,,Y,,A,07,0,3,1,0,0,0,0,0,0,"- ","- ",34.435859999999998,-119.91939000000001,"SANTA BARBARA",UNINCORPORATED,-119.91939189,34.435854659999997
90240165,2016,2016-08-08,9760,2016-08-02,1805,017253,,2,2,9,4200,0,1,3,,1,014,"SR-192 (EAST VALLEY RD)","PERIWINKLE LANE",273.00,E,N,A,-,Y,,,192,,,,,,,N,3,0,1,1,A,-,03,22350,,N,F,A,A,A,H,-,A,D,0,,,Y,,Y,,C,02,0,1,0,0,0,0,0,0,1,"- ","- ",34.436489999999999,-119.62832,"SANTA BARBARA",UNINCORPORATED,-119.62831994,34.436492139999999
90240985,2016,2016-08-09,9760,2016-07-25,0455,021061,,1,3,3,4205,0,1,2,,2,010,"US-101 S/B","CARPINTERIA AVE",1300.00,N,N,B,-,Y,,,101,,,,,,S,Y,4,0,1,3,A,-,07,21658,A,N,B,C,A,A,H,-,D,D,0,,,,Y,Y,,A,08,0,0,1,0,0,0,0,0,0,"- ","- ",34.405799999999999,-119.54261,"SANTA BARBARA",CARPINTERIA,-119.54260975,34.405823910000002
90241006,2016,2016-08-09,9760,2016-07-17,2345,021061,,7,3,9,4200,0,1,2,,2,010,"US-101 S/B FROM OLIVE MILL RD","OLIVE MILL RD",25.00,S,N,A,-,Y,,,101,,,,R,,S,Y,4,0,1,1,A,-,01,23152,A,N,E,I,A,A,H,-,C,D,0,,,,,Y,Y,A,01,0,0,1,0,0,0,0,0,0,"- ","- ",34.421500000000002,-119.63978,"SANTA BARBARA",UNINCORPORATED,-119.63978,34.421500000000002
90241953,2016,2016-08-10,9760,2016-08-04,1029,019446,,4,1,9,4200,0,1,3,,1,014,"SR-192 (FOOTHILL ROAD)","LINDEN RD",2112.00,W,N,A,-,Y,,,192,,,,,,,N,3,0,1,1,A,-,03,22350,,N,F,A,A,A,H,-,A,A,0,,Y,,,Y,,L,04,0,1,0,0,0,0,1,0,0,"- ","- ",34.411050000000003,-119.51931999999999,"SANTA BARBARA",UNINCORPORATED,-119.51932603,34.411039860000002
90273570,2016,2016-09-22,9760,2016-09-19,1805,020366,,1,2,9,4200,0,3,5,,2,002,"MARINA DR","ALISA LN",1880.00,W,N,A,-,N,,,,,,,,,,Y,4,0,1,1,A,-,08,22107,,N,E,I,A,A,H,-,A,D,0,,,,,Y,,A,01,0,0,1,0,0,0,0,0,0,"- ","- ",34.412939999999999,-119.77188,"SANTA BARBARA",UNINCORPORATED,-119.77201535,34.412862420000003