CASE_ID,ACCIDENT_YEAR,PROC_DATE,JURIS,COLLISION_DATE,COLLISION_TIME,OFFICER_ID,REPORTING_DISTRICT,DAY_OF_WEEK,CHP_SHIFT,POPULATION,CNTY_CITY_LOC,SPECIAL_COND,BEAT_TYPE,CHP_BEAT_TYPE,CITY_DIVISION_LAPD,CHP_BEAT_CLASS,BEAT_NUMBER,PRIMARY_RD,SECONDARY_RD,DISTANCE,DIRECTION,INTERSECTION,WEATHER_1,WEATHER_2,STATE_HWY_IND,CALTRANS_COUNTY,CALTRANS_DISTRICT,STATE_ROUTE,ROUTE_SUFFIX,POSTMILE_PREFIX,POSTMILE,LOCATION_TYPE,RAMP_INTERSECTION,SIDE_OF_HWY,TOW_AWAY,COLLISION_SEVERITY,NUMBER_KILLED,NUMBER_INJURED,PARTY_COUNT,PRIMARY_COLL_FACTOR,PCF_CODE_OF_VIOL,PCF_VIOL_CATEGORY,PCF_VIOLATION,PCF_VIOL_SUBSECTION,HIT_AND_RUN,TYPE_OF_COLLISION,MVIW,PED_ACTION,ROAD_SURFACE,ROAD_COND_1,ROAD_COND_2,LIGHTING,CONTROL_DEVICE,CHP_ROAD_TYPE,PEDESTRIAN_ACCIDENT,BICYCLE_ACCIDENT,MOTORCYCLE_ACCIDENT,TRUCK_ACCIDENT,NOT_PRIVATE_PROPERTY,ALCOHOL_INVOLVED,STWD_VEHTYPE_AT_FAULT,CHP_VEHTYPE_AT_FAULT,COUNT_SEVERE_INJ,COUNT_VISIBLE_INJ,COUNT_COMPLAINT_PAIN,COUNT_PED_KILLED,COUNT_PED_INJURED,COUNT_BICYCLIST_KILLED,COUNT_BICYCLIST_INJURED,COUNT_MC_KILLED,COUNT_MC_INJURED,PRIMARY_RAMP,SECONDARY_RAMP,LATITUDE,LONGITUDE,COUNTY,CITY,POINT_X,POINT_Y
90273663,2016,2016-09-22,9760,2016-09-20,1630,017253,,2,2,9,4200,0,1,2,,2,010,"US-101 S/B","S PADARO LN.",618.00,S,N,A,-,Y,,,101,,,,,,S,Y,4,0,1,2,A,-,03,22350,,N,C,C,A,A,H,-,A,D,0,,,,,Y,,A,08,0,0,1,0,0,0,0,0,0,"- ","- ",34.409599999999998,-119.55146999999999,"SANTA BARBARA",UNINCORPORATED,-119.55147418999999,34.409593960000002
90274516,2016,2016-09-23,9755,2016-09-20,1800,012436,,2,2,9,4200,0,3,5,,2,050,"CENTRAL AVENUE","FLORADALE AVE",1056.00,E,N,A,-,N,,,,,,,,,,Y,3,0,1,1,A,-,01,23152,,N,E,I,A,A,H,-,A,D,0,,,,,Y,Y,A,01,0,1,0,0,0,0,0,0,0,"- ","- ",34.661239999999999,-120.48918,"SANTA BARBARA",UNINCORPORATED,-120.48934973999999,34.661172630000003
90275499,2016,2016-09-26,9760,2016-09-17,1620,020765,,6,2,3,4205,0,1,2,,2,010,"US-101 NORTHBOUND","BAILARD AVE",100.00,S,N,A,-,Y,,,101,,,,,,N,N,4,0,1,2,A,-,03,22350,,N,C,C,A,A,H,-,A,D,0,,,,,Y,,A,01,0,0,1,0,0,0,0,0,0,"- ","- ",34.388390000000001,-119.49782999999999,"SANTA BARBARA",CARPINTERIA,-119.49782557,34.388403750000002
90275560,2016,2016-09-26,9755,2016-09-20,1530,012436,,2,2,9,4200,0,1,3,,1,053,SR-246,"MISSION GATE RD",1320.00,W,N,A,-,Y,,,246,,,,,,,Y,3,0,1,3,A,-,03,22350,,N,C,C,A,A,C,-,A,D,0,,,,,Y,,A,01,0,1,0,0,0,0,0,0,0,"- ","- ",34.660060000000001,-120.42421,"SANTA BARBARA",UNINCORPORATED,-120.42415275,34.660042169999997
90275581,2016,2016-09-26,9760,2016-09-18,0724,019831,,7,1,9,4200,0,1,2,,1,040,"US-101 SB (EL CAMINO REAL)","CALLE MARIPOSA",1914.00,N,N,A,-,Y,,,101,,,,,,S,Y,4,0,2,2,A,-,08,22107,,N,C,E,A,A,H,-,A,D,0,,,,,Y,,A,01,0,0,2,0,0,0,0,0,0,"- ","- ",34.473179999999999,-120.22084,"SANTA BARBARA",UNINCORPORATED,-120.22084058,34.473220759999997
90257406,2016,2016-08-30,9750,2016-08-22,1300,016170,,1,1,9,4200,0,1,3,,1,011,SR-166,"BLACK RD",0.00,,Y,A,-,Y,,,166,,,,,,,Y,3,0,1,3,A,-,06,21750,,N,B,C,A,A,H,-,A,D,0,,,,,Y,,A,01,0,1,0,0,0,0,0,0,0,"- ","- ",34.95532,-120.48962,"SANTA BARBARA",UNINCORPORATED,-120.48961737,34.955356070000001
90257689,2016,2016-08-31,9755,2016-08-24,2315,019464,,3,3,9,4200,0,3,5,,2,050,"PURISIMA ROAD EASTBOUND","ENCANTO STREET",1382.00,E,N,A,-,Y,,,,,,,,,,Y,3,0,1,1,A,-,01,23152,A,N,E,I,A,A,H,-,D,D,0,,,,,Y,Y,D,22,0,1,0,0,0,0,0,0,0,"- ","- ",34.677100000000003,-120.44933,"SANTA BARBARA",UNINCORPORATED,-120.449044,34.677098340000001
90257937,2016,2016-08-31,9750,2016-08-23,2225,016874,,2,3,9,4200,0,2,4,,1,024,"BRADELY ROAD","WOODMERE ROAD",6.00,S,N,A,-,N,,,,,,,,,,Y,4,0,1,1,A,-,01,23152,E,N,E,I,A,A,H,-,C,D,0,,,,,Y,,D,22,0,0,1,0,0,0,0,0,0,"- ","- ",34.876269999999998,-120.41887,"SANTA BARBARA",UNINCORPORATED,-120.41875063000001,34.876333529999997
90257997,2016,2016-08-31,9760,2016-08-25,0750,014690,,4,1,5,4203,0,1,2,,2,020,"US-101 S/B","PATTERSON AVE",2640.00,S,N,A,-,Y,,,,,,,,,,Y,4,0,1,4,A,-,03,22350,,N,C,C,A,A,H,-,A,D,0,,,,,Y,,A,01,0,0,1,0,0,0,0,0,0,"- ","- ",34.441389999999998,-119.80134,"SANTA BARBARA","SANTA BARBARA",-119.80846,34.441809999999997
90258044,2016,2016-08-31,9760,2016-08-25,0250,020777,,4,3,9,4200,0,1,2,,2,011,"US-101 S/B","POSILIPO LN",485.00,N,N,A,-,Y,,,101,,,,,,S,Y,2,0,1,1,C,-,18,,,N,E,I,A,A,H,-,D,D,0,,,,,Y,,-,"- ",1,0,0,0,0,0,0,0,0,"- ","- ",34.420940000000002,-119.62690000000001,"SANTA BARBARA",UNINCORPORATED,-119.62689279,34.420989540000001
90291690,2016,2016-10-13,9750,2016-10-10,1005,016874,,1,1,9,4200,0,3,5,,2,020,"HARRIS GRADE ROAD",SR-135,6864.00,S,N,A,-,N,,,,,,,,,,Y,3,0,1,1,A,-,08,22107,,N,F,A,A,A,H,-,A,D,0,,,,,Y,,D,22,0,1,0,0,0,0,0,0,0,"- ","- ",34.754689999999997,-120.43235,"SANTA BARBARA",UNINCORPORATED,-120.43341887,34.753272119999998
90291783,2016,2016-10-14,9760,2016-10-10,1405,017374,,1,2,9,4200,0,3,5,,2,005,"CAMINO PESCADERO","PICASSO RD",165.00,N,N,A,-,N,,,,,,,,,,N,4,0,1,2,A,-,09,21804,A,N,D,C,A,A,H,-,A,D,0,,,,,Y,,A,01,0,0,1,0,0,0,0,0,0,"- ","- ",34.415640000000003,-119.85872000000001,"SANTA BARBARA",UNINCORPORATED,-119.85869,34.415653079999998
90291785,2016,2016-10-14,9760,2016-10-10,1000,019831,,1,1,9,4200,0,3,5,,2,002,"HONOR FARM ROAD","CALLE REAL",0.00,,Y,B,-,N,,,,,,,,,,N,4,0,1,2,A,-,10,21950,A,M,G,B,B,A,H,-,A,A,0,Y,,,,Y,,-,99,0,0,1,0,1,0,0,0,0,"- ","- ",34.442509999999999,-119.77786999999999,"SANTA BARBARA",UNINCORPORATED,-119.77784993,34.442420069999997
90291786,2016,2016-10-14,9760,2016-10-13,0145,020757,,4,3,9,4200,0,1,2,,1,040,"US-101 N/B","MARIPOSA REINA",1100.00,S,N,A,-,Y,,,101,,,,,,N,Y,4,0,1,2,A,-,08,22107,,N,B,C,A,A,H,-,D,D,0,,,,Y,Y,,A,07,0,0,1,0,0,0,0,0,0,"- ","- ",34.473500000000001,-120.20383,"SANTA BARBARA",UNINCORPORATED,-120.20383079,34.473587479999999
90291822,2016,2016-10-14,9760,2016-10-13,0245,020226,,4,3,3,4205,0,1,2,,2,010,"US-101 N/B","SANTA YNEZ AVENUE",295.00,N,N,A,-,Y,,,101,,,,,,N,Y,3,0,1,2,A,-,08,22107,,N,E,C,A,A,D,-,C,A,0,,,,Y,Y,,D,22,0,1,0,0,0,0,0,0,0,"- ","- ",34.403579999999998,-119.52761,"SANTA BARBARA",CARPINTERIA,-119.52761022999999,34.403578799999998
90292488,2016,2016-10-14,9760,2016-10-07,1830,021061,,5,2,5,4203,0,1,2,,2,011,"US-101 S/B","CARRILLO ST",452.00,S,N,A,-,Y,,,101,,,,,,S,Y,4,0,1,1,A,-,08,22107,,N,E,I,A,A,H,-,A,D,0,,,,,Y,,A,01,0,0,1,0,0,0,0,0,0,"- ","- ",34.415520000000001,-119.70617,"SANTA BARBARA","SANTA BARBARA",-119.70622529000001,34.41545198
90267627,2016,2016-09-14,9760,2016-08-19,1640,020721,,5,2,9,4200,0,1,2,,2,020,"US-101 N/B","TURNPIKE RD",2112.00,N,N,A,-,Y,,,101,,,,,,N,Y,3,0,1,1,C,-,18,,,N,F,I,A,A,H,-,A,D,0,,,,,Y,,-,"- ",0,1,0,0,0,0,0,0,0,"- ","- ",34.441859999999998,-119.79689,"SANTA BARBARA",UNINCORPORATED,-119.79688722,34.441769020000002
90267922,2016,2016-09-14,9750,2016-09-07,1310,015916,,3,1,9,4200,0,3,5,,2,030,"PHILBRIC ROAD","MAIN STREET",150.00,S,N,A,-,N,,,,,,,,,,Y,3,0,2,1,A,-,03,22350,,N,F,A,A,A,H,-,A,D,0,,,,Y,Y,,G,25,0,2,0,0,0,0,0,0,0,"- ","- ",34.945230000000002,-120.37378,"SANTA BARBARA",UNINCORPORATED,-120.37370375,34.9447306
90268777,2016,2016-09-15,9750,2016-09-10,1355,018209,,6,1,9,4200,0,2,4,,1,024,"FOSTER ROAD","BRADLEY ROAD",42.00,W,N,A,-,N,,,,,,,,,,N,4,0,1,2,A,-,03,22350,,N,C,C,A,A,H,-,A,A,0,,,,,Y,,D,22,0,0,1,0,0,0,0,0,0,"- ","- ",34.883009999999999,-120.41894000000001,"SANTA BARBARA",UNINCORPORATED,-120.41881999,34.883108790000001
90270011,2016,2016-09-19,9760,2016-09-09,1855,021300,,5,2,5,4203,0,1,2,,2,011,"US-101 N/B","ARRELLAGA ST",770.00,S,N,A,-,Y,,,101,,,,,,N,Y,3,0,3,3,A,-,03,22350,,N,C,C,A,A,H,-,A,D,0,,,,,Y,,A,01,0,1,2,0,0,0,0,0,0,"- ","- ",34.420479999999998,-119.71322000000001,"SANTA BARBARA","SANTA BARBARA",-119.71323556,34.420459600000001
90270123,2016,2016-09-19,9750,2016-09-09,1745,017379,,5,2,9,4200,0,1,3,,1,023,"MAIN ST.","ST. JOSEPH STREET",0.00,,Y,A,-,N,,,,,,,,,,N,4,0,1,2,A,-,12,22450,A,N,D,C,A,A,H,-,A,D,0,,,,,Y,,A,01,0,0,1,0,0,0,0,0,0,"- ","- ",34.742690000000003,-120.28144,"SANTA BARBARA",UNINCORPORATED,-120.2814499,34.742730100000003
90270202,2016,2016-09-19,9760,2016-09-11,0519,020473,,7,3,9,4200,0,1,2,,2,020,"US-101 S/B","N. TURNPIKE RD.",1500.00,S,N,A,-,Y,,,101,,,,,,S,Y,3,0,1,2,D,-,00,,,N,E,I,A,A,H,-,C,D,0,,,,,Y,,-,"- ",0,1,0,0,0,0,0,0,0,"- ","- ",34.441980000000001,-119.78436000000001,"SANTA BARBARA",UNINCORPORATED,-119.78435937,34.441955010000001
90270276,2016,2016-09-19,9755,2016-09-15,1450,013618,,4,2,9,4200,0,3,5,,2,050,"CONSTELLATION ROAD","BURTON MESA BLVD.",175.00,N,N,A,-,N,,,,,,,,,,Y,4,0,1,2,A,-,03,22350,,N,C,C,A,A,H,-,A,D,0,,,,,Y,,A,01,0,0,1,0,0,0,0,0,0,"- ","- ",34.704560000000001,-120.46534,"SANTA BARBARA",UNINCORPORATED,-120.46778808000001,34.699815379999997
90270579,2016,2016-09-19,9750,2016-09-13,0820,015915,,2,1,9,4200,0,2,4,,1,024,"BRADLEY ROAD","CLARK AVENUE",440.00,S,N,B,-,N,,,,,,,,,,Y,4,0,1,2,A,-,03,22350,,N,C,C,A,A,H,-,A,D,0,,,,,Y,,A,01,0,0,1,0,0,0,0,0,0,"- ","- ",34.863599999999998,-120.41874,"SANTA BARBARA",UNINCORPORATED,-120.41878139000001,34.863811759999997
90270774,2016,2016-09-19,9750,2016-09-14,2025,020511,,3,2,9,4200,0,1,3,,1,062,"SR-166 W/B","TEPUSQUET RD",9504.00,W,N,A,-,Y,,,166,,,,,,W,Y,3,0,1,1,A,-,01,23152,A,N,E,J,A,A,H,-,D,D,0,,,,,Y,Y,-,36,0,1,0,0,0,0,0,0,0,"- ","- ",35.024850000000001,-120.23824999999999,"SANTA BARBARA",UNINCORPORATED,-120.23826453,35.02479555
90271284,2016,2016-09-20,9750,2016-09-16,2150,020510,,5,2,9,4200,0,3,5,,2,020,"QUARTER HORSE TRL","APPALOOSA TRL",184.00,E,N,A,-,N,,,,,,,,,,Y,3,0,1,1,A,-,01,23152,A,N,E,I,A,A,H,-,D,D,0,,,,,Y,Y,A,07,0,1,0,0,0,0,0,0,0,"- ","- ",34.868580000000001,-120.45869,"SANTA BARBARA",UNINCORPORATED,-120.45873476,34.868523359999998
90271906,2016,2016-09-20,9760,2016-09-14,1815,017253,,3,2,9,4200,0,2,4,,2,026,"CATHEDRAL OAKS RD","EL RODEO RD",0.00,,Y,A,-,N,,,,,,,,,,N,4,0,1,2,A,-,09,21801,A,N,H,G,A,A,H,-,A,D,0,,Y,,,Y,,A,01,0,0,1,0,0,0,1,0,0,"- ","- ",34.45185,-119.78623,"SANTA BARBARA",UNINCORPORATED,-119.78626988000001,34.451930070000003
90292504,2016,2016-10-14,9760,2016-10-14,1015,015669,,5,1,9,4200,0,2,4,,1,021,"HOLLISTER AVENUE","TURNPIKE ROAD",25.00,W,N,B,-,N,,,,,,,,,,N,4,0,4,2,A,-,21,22106,,N,C,C,A,A,H,-,A,A,0,,,,,Y,,D,22,0,0,4,0,0,0,0,0,0,"- ","- ",34.436489999999999,-119.78973999999999,"SANTA BARBARA",UNINCORPORATED,-119.78953060000001,34.436624090000002
90292516,2016,2016-10-14,9750,2016-10-13,0603,014820,,4,1,9,4200,0,1,3,,1,012,SR-1,"BLACK ROAD",11088.00,N,N,A,-,Y,,,1,,,,,,,Y,4,0,3,2,A,-,09,21801,A,N,A,C,A,A,H,-,D,D,0,,,,,Y,,A,01,0,0,3,0,0,0,0,0,0,"- ","- ",34.900289999999998,-120.52749,"SANTA BARBARA",UNINCORPORATED,-120.52730759000001,34.900759049999998
90293208,2016,2016-10-17,9750,2016-10-12,1950,018454,,3,2,5,4204,0,1,2,,2,001,"US-101 N/B (EL CAMINO REAL)","BROADWAY ST",3696.00,S,N,A,-,Y,,,101,,,,,,N,Y,2,0,1,1,A,-,08,22107,,N,E,I,A,A,H,-,D,D,0,,,,,Y,,A,01,1,0,0,0,0,0,0,0,0,"- ","- ",34.972070000000002,-120.42552000000001,"SANTA BARBARA","SANTA MARIA",-120.42558871999999,34.972027339999997
90293244,2016,2016-10-17,9750,2016-10-12,0630,014820,,3,1,9,4200,0,3,5,,2,020,"RICE RANCH ROAD","BRADLEY ROAD",10.00,W,N,A,-,N,,,,,,,,,,N,3,0,1,2,A,-,10,21950,A,N,G,B,B,A,H,-,C,D,0,Y,,,Y,Y,,G,25,0,1,0,0,1,0,0,0,0,"- ","- ",34.857660000000003,-120.41938,"SANTA BARBARA",UNINCORPORATED,-120.41885332,34.85757031
90293319,2016,2016-10-17,9750,2016-10-09,1755,015916,,7,2,9,4200,0,1,2,,2,003,"US-101 N/B (EL CAMINO REAL)","SR-135 U/C",1742.00,N,N,A,-,Y,,,101,,,,,,N,Y,3,0,2,2,A,-,03,22350,,N,C,C,A,A,H,-,A,D,0,,,,,Y,,A,01,0,2,0,0,0,0,0,0,0,"- ","- ",34.745660000000001,-120.27499,"SANTA BARBARA",UNINCORPORATED,-120.27501594,34.74562315
90293481,2016,2016-10-17,9750,2016-10-14,1710,016542,,5,2,9,4200,0,1,3,,1,011,"SR-166 E/B","SIMAS ROAD",250.00,W,N,A,-,Y,,,166,,,,,,E,N,4,0,2,2,A,-,03,22350,,N,C,C,A,A,H,-,A,D,0,,,,,Y,,A,01,0,0,2,0,0,0,0,0,0,"- ","- ",34.957380000000001,-120.55964,"SANTA BARBARA",UNINCORPORATED,-120.55963964999999,34.957425239999999
90293681,2016,2016-10-17,9760,2016-10-08,1140,019446,,6,1,9,4200,0,1,3,,1,015,"SR-150 W/B","GOBERNADOR CANYON RD",26.00,W,N,A,-,Y,,,150,,,,,,W,N,3,0,1,1,A,-,03,22350,,N,F,A,A,A,H,-,A,D,0,,,Y,,Y,,C,02,0,1,0,0,0,0,0,0,1,"- ","- ",34.396059999999999,-119.45401,"SANTA BARBARA",UNINCORPORATED,-119.45400672,34.396018009999999
90295216,2016,2016-10-18,9760,2016-10-15,2045,020473,,6,2,9,4200,0,1,3,,1,022,"SR-154 E/B","W. CAMINO CIELO",600.00,W,N,C,-,Y,,,,,,,,,,Y,4,0,1,1,A,-,08,22107,,N,F,I,A,B,H,-,D,D,0,,,,,Y,,A,01,0,0,1,0,0,0,0,0,0,"- ","- ",34.405259999999998,-119.81514,"SANTA BARBARA",UNINCORPORATED,-119.81408786999999,34.505018210000003
90295225,2016,2016-10-18,9760,2016-10-15,1635,020908,,6,2,9,4200,0,1,2,,2,011,"US 101 SOUTH (EL CAMINO REAL)","OLIVE MILL RD",1320.00,N,N,A,-,Y,,,,,,,,,,N,3,0,6,3,A,-,03,22350,,N,C,C,A,A,H,-,A,D,0,,,,,Y,,A,01,0,1,5,0,0,0,0,0,0,"- ","- ",34.42163,-119.65227,"SANTA BARBARA",UNINCORPORATED,-119.63611032999999,34.422319790000003
90295249,2016,2016-10-19,9750,2016-10-10,0050,019397,,1,3,5,4204,0,1,2,,2,001,"US-101 (N/B)","BETTERAVIA RD",6864.00,S,N,A,-,Y,,,101,,,,,,,Y,3,0,1,2,A,-,03,22350,,N,C,C,A,A,H,-,D,D,0,,,,,Y,Y,A,07,0,1,0,0,0,0,0,0,0,"- ","- ",34.904890000000002,-120.41786,"SANTA BARBARA","SANTA MARIA",-120.41802008000001,34.90488964
90295259,2016,2016-10-19,9760,2016-10-16,2210,020483,,7,3,9,4200,0,1,2,,1,040,"US-101 N/B","GAVIOTA BEACH RD",2000.00,S,N,A,-,Y,,,101,,,,,,N,Y,4,0,1,1,A,-,03,22350,,N,F,I,A,B,H,-,C,D,0,,,,,Y,,D,22,0,0,1,0,0,0,0,0,0,"- ","- ",34.475020000000001,-120.22705000000001,"SANTA BARBARA",UNINCORPORATED,-120.22702993999999,34.475034479999998
90272269,2016,2016-09-21,9755,2016-09-17,1225,016999,,6,1,9,4200,0,1,3,,1,042,"SR-154 E/B","ARMOUR RANCH RD",1200.00,W,N,A,-,Y,,,154,,,,,,E,Y,4,0,1,1,A,-,08,22107,,N,E,I,A,A,H,-,A,D,0,,,,,Y,,A,07,0,0,1,0,0,0,0,0,0,"- ","- ",34.591500000000003,-120.03431,"SANTA BARBARA",UNINCORPORATED,-120.03427039,34.591543610000002
90272394,2016,2016-09-21,9760,2016-09-17,1530,021300,,6,2,5,4203,0,1,2,,2,011,"US-101 S/B","HERMOSILLO RD",238.00,N,N,A,-,Y,,,101,,,,,,S,N,4,0,1,3,A,-,03,22350,,N,C,C,A,A,H,-,A,D,0,,,,,Y,,A,01,0,0,1,0,0,0,0,0,0,"- ","- ",34.421059999999997,-119.64989,"SANTA BARBARA","SANTA BARBARA",-119.64988742,34.42107068
90273191,2016,2016-09-21,9750,2016-09-11,1400,018786,,7,2,9,4200,0,3,5,,2,030,"FALLEN LEAF DR","TELEPHONE RD",50.00,E,N,A,-,N,,,,,,,,,,Y,3,0,1,1,A,-,01,23152,A,M,E,I,A,A,H,-,A,D,0,,,,,Y,Y,D,22,0,1,0,0,0,0,0,0,0,"- ","- ",34.871110000000002,-120.38293,"SANTA BARBARA",UNINCORPORATED,-120.38296338000001,34.871128110000001
90273201,2016,2016-09-21,9760,2016-09-18,1500,020757,,7,2,5,4203,0,1,2,,2,011,"US-101 S/B","MILPAS ST",1000.00,N,N,A,-,Y,,,101,,,,,,S,Y,4,0,2,2,A,-,03,22350,,N,C,C,A,A,H,-,A,D,0,,,,,Y,,A,01,0,0,2,0,0,0,0,0,0,"- ","- ",34.420020000000001,-119.68052,"SANTA BARBARA","SANTA BARBARA",-119.68052038,34.420024840000004
90273212,2016,2016-09-22,9760,2016-09-18,0722,019831,,7,1,9,4200,0,1,2,,1,040,"US-101 SB (EL CAMINO REAL)","CALLE MARIPOSA",1940.00,N,N,A,-,Y,,,101,,,,,,S,Y,4,0,2,2,A,-,03,22350,,N,C,C,A,A,H,-,A,D,0,,,,,Y,,A,07,0,0,2,0,0,0,0,0,0,"- ","- ",34.473179999999999,-120.2212,"SANTA BARBARA",UNINCORPORATED,-120.22120051,34.473215619999998
90273216,2016,2016-09-22,9760,2016-09-20,1745,017603,,2,2,5,4203,0,1,2,,2,011,"US-101 S/B","CACIQUE ST.",20.00,N,N,A,-,Y,,,,,,,,,,N,4,0,1,2,D,-,00,,,N,B,C,A,A,H,-,A,D,0,,,Y,,Y,,-,"- ",0,0,1,0,0,0,0,0,1,"- ","- ",,,"SANTA BARBARA","SANTA BARBARA",-119.67592558,34.420217870000002
90273330,2016,2016-09-22,9760,2016-09-18,0645,019831,,7,1,9,4200,0,1,2,,1,030,"US-101 NB (EL CAMINO REAL)","LAS VARAS CYN RD",4690.00,N,N,E,-,Y,,,101,,,,,,N,Y,4,0,1,1,A,-,08,22107,,N,F,I,A,A,H,-,B,D,0,,,,,Y,,A,01,0,0,1,0,0,0,0,0,0,"- ","- ",34.458710000000004,-119.98961,"SANTA BARBARA",UNINCORPORATED,-119.98960219,34.45876406
90310795,2016,2016-11-03,9755,2016-10-11,1625,015973,,2,2,9,4200,0,3,5,,2,050,"FLORADALE AVE","OCEAN AVE.",3696.00,N,N,A,-,N,,,,,,,,,,Y,2,0,1,2,A,-,03,22350,,N,D,C,A,A,H,-,A,D,0,,,Y,,Y,,C,02,1,0,0,0,0,0,0,0,1,"- ","- ",34.650370000000002,-120.49296,"SANTA BARBARA",UNINCORPORATED,-120.49299394000001,34.650031560000002
90310910,2016,2016-11-03,9755,2016-10-23,1400,019464,,7,2,9,4200,0,1,3,,1,055,"SR-1 NORTHBOUND","FIREFIGHTER ROAD",1584.00,N,N,A,-,Y,,,1,,,,,,N,Y,3,0,1,1,A,-,08,22107,,N,E,I,A,A,H,-,A,D,0,,,,,Y,,A,01,0,1,0,0,0,0,0,0,0,"- ","- ",34.773600000000002,-120.51014000000001,"SANTA BARBARA",UNINCORPORATED,-120.51001125000001,34.773450850000003
90311035,2016,2016-11-03,9760,2016-10-28,1712,020965,,5,2,9,4200,0,3,5,,2,001,"MISSION CANYON RD","GLENDESSARY LN",70.00,S,N,A,-,N,,,,,,,,,,N,3,0,1,2,A,-,06,21750,,N,H,G,A,A,H,-,A,D,0,,Y,,,Y,,A,01,0,1,0,0,0,0,1,0,0,"- ","- ",34.444830000000003,-119.71346,"SANTA BARBARA",UNINCORPORATED,-119.71336512000001,34.444887850000001
90311880,2016,2016-11-04,9750,2016-11-01,1318,017616,,2,1,9,4200,0,1,2,,2,002,"US-101 N/B (EL CAMINO REAL)","PALMER RD",1056.00,N,N,A,-,Y,,,101,,,,,,N,Y,4,0,1,2,A,-,08,22107,,N,B,C,A,A,H,-,A,D,0,,,,,Y,,A,01,0,0,1,0,0,0,0,0,0,"- ","- ",34.793819999999997,-120.33602999999999,"SANTA BARBARA",UNINCORPORATED,-120.33604998,34.793795170000003
90296140,2016,2016-10-19,9760,2016-10-17,2020,017314,,1,2,4,4214,0,1,2,,1,030,"US-101 S/B","FAIRVIEW AVENUE",2640.00,N,N,A,-,Y,,,101,,,,,,S,Y,4,0,1,2,A,-,03,22350,,N,B,C,A,A,D,-,D,D,0,,,,,Y,,D,22,0,0,1,0,0,0,0,0,0,"- ","- ",34.43871,-119.83989,"SANTA BARBARA",GOLETA,-119.83989572,34.438769299999997
90296175,2016,2016-10-19,9760,2016-10-17,0800,017674,,1,1,9,4200,0,1,2,,2,020,"US-101 N/B","PATTERSON AVE.",2430.00,S,N,A,-,Y,,,101,,,,,,N,N,4,0,1,2,A,-,03,22350,,N,C,C,A,B,H,-,A,D,0,,,,,Y,,A,01,0,0,1,0,0,0,0,0,0,"- ","- ",34.441690000000001,-119.80054,"SANTA BARBARA",UNINCORPORATED,-119.80053837,34.44164284
90297307,2016,2016-10-20,9750,2016-10-15,2112,019656,,6,2,9,4200,0,1,2,,2,002,"US-101 N/B (EL CAMINO REAL)","PALMER RD",2640.00,N,N,C,-,Y,,,101,,,,,,N,Y,3,0,1,1,A,-,01,23152,A,N,F,A,A,B,H,-,D,D,0,,,,,Y,Y,A,07,0,1,0,0,0,0,0,0,0,"- ","- ",34.79269,-120.33438,"SANTA BARBARA",UNINCORPORATED,-120.33441093,34.792632840000003
90298918,2016,2016-10-24,9755,2016-08-27,0115,018483,,6,3,9,4200,0,1,3,,1,051,"SR-1 N/B","EL JARO CREEK",1564.00,S,N,A,-,Y,,,1,,,,,,N,Y,1,1,0,1,A,-,08,22107,,N,E,I,A,A,H,-,D,D,0,,,,,Y,,A,01,0,0,0,0,0,0,0,0,0,"- ","- ",34.580680000000001,-120.38064,"SANTA BARBARA",UNINCORPORATED,-120.38070715000001,34.580483299999997
90299748,2016,2016-11-16,9750,2016-09-13,0730,013267,,2,1,9,4200,0,1,3,,1,064,"RT 166","ALISOS CANYON ROAD",1954.00,E,N,A,-,Y,,,166,,,,,,,Y,1,1,0,5,A,-,05,21460,A,N,B,C,A,A,H,-,A,D,0,,,,Y,Y,,G,25,0,0,0,0,0,0,0,0,0,"- ","- ",34.96452,-119.72246,"SANTA BARBARA",UNINCORPORATED,-119.72247283,34.964491559999999
90299881,2016,2016-10-24,9750,2016-10-16,1840,017379,,7,2,9,4200,0,3,5,,2,020,"FOXENWOOD LANE","STANSBURY DRIVE",52.00,S,N,B,C,N,,,,,,,,,,Y,3,0,1,1,A,-,01,23152,A,N,F,A,A,B,H,-,C,D,0,,,Y,,Y,Y,C,02,0,1,0,0,0,0,0,0,1,"- ","- ",34.869660000000003,-120.43689000000001,"SANTA BARBARA",UNINCORPORATED,-120.43691859,34.869887179999999