CASE_ID,ACCIDENT_YEAR,PROC_DATE,JURIS,COLLISION_DATE,COLLISION_TIME,OFFICER_ID,REPORTING_DISTRICT,DAY_OF_WEEK,CHP_SHIFT,POPULATION,CNTY_CITY_LOC,SPECIAL_COND,BEAT_TYPE,CHP_BEAT_TYPE,CITY_DIVISION_LAPD,CHP_BEAT_CLASS,BEAT_NUMBER,PRIMARY_RD,SECONDARY_RD,DISTANCE,DIRECTION,INTERSECTION,WEATHER_1,WEATHER_2,STATE_HWY_IND,CALTRANS_COUNTY,CALTRANS_DISTRICT,STATE_ROUTE,ROUTE_SUFFIX,POSTMILE_PREFIX,POSTMILE,LOCATION_TYPE,RAMP_INTERSECTION,SIDE_OF_HWY,TOW_AWAY,COLLISION_SEVERITY,NUMBER_KILLED,NUMBER_INJURED,PARTY_COUNT,PRIMARY_COLL_FACTOR,PCF_CODE_OF_VIOL,PCF_VIOL_CATEGORY,PCF_VIOLATION,PCF_VIOL_SUBSECTION,HIT_AND_RUN,TYPE_OF_COLLISION,MVIW,PED_ACTION,ROAD_SURFACE,ROAD_COND_1,ROAD_COND_2,LIGHTING,CONTROL_DEVICE,CHP_ROAD_TYPE,PEDESTRIAN_ACCIDENT,BICYCLE_ACCIDENT,MOTORCYCLE_ACCIDENT,TRUCK_ACCIDENT,NOT_PRIVATE_PROPERTY,ALCOHOL_INVOLVED,STWD_VEHTYPE_AT_FAULT,CHP_VEHTYPE_AT_FAULT,COUNT_SEVERE_INJ,COUNT_VISIBLE_INJ,COUNT_COMPLAINT_PAIN,COUNT_PED_KILLED,COUNT_PED_INJURED,COUNT_BICYCLIST_KILLED,COUNT_BICYCLIST_INJURED,COUNT_MC_KILLED,COUNT_MC_INJURED,PRIMARY_RAMP,SECONDARY_RAMP,LATITUDE,LONGITUDE,COUNTY,CITY,POINT_X,POINT_Y
90348383,2016,2016-12-19,9760,2016-12-08,1815,020528,,4,2,9,4200,0,2,4,,1,021,"SAN ANTONIO ROAD","HOLLISTER AVENUE",0.00,,Y,B,-,N,,,,,,,,,,N,3,0,1,2,A,-,09,21802,A,N,D,G,A,A,H,-,C,A,0,,Y,,,Y,,A,07,0,1,0,0,0,0,1,0,0,"- ","- ",34.438229999999997,-119.78185999999999,"SANTA BARBARA",UNINCORPORATED,-119.78168988,34.43808009
90348458,2016,2016-12-20,9755,2016-12-15,1213,016058,,4,1,9,4200,0,1,2,,2,004,"US-101 N/B",SR-1,3696.00,S,N,C,-,Y,,,101,,,,,,N,Y,4,0,1,1,A,-,08,22107,,N,F,A,A,B,H,-,A,D,0,,,,,Y,,A,07,0,0,1,0,0,0,0,0,0,"- ","- ",34.498440000000002,-120.23065,"SANTA BARBARA",UNINCORPORATED,-120.23076337000001,34.498482449999997
90348467,2016,2016-12-20,9760,2016-12-08,2100,020965,,4,2,9,4200,0,3,5,,2,005,"CAMINO PESCADERO","PARDALL RD",0.00,,Y,A,-,Y,,,,,,,,,,N,4,0,1,2,A,-,10,21950,A,M,G,B,B,A,H,-,C,D,0,Y,,,,Y,,-,99,0,0,1,0,1,0,0,0,0,"- ","- ",34.413139999999999,-119.8587,"SANTA BARBARA",UNINCORPORATED,-119.85868997,34.413120050000003
90348686,2016,2016-12-20,9760,2016-12-07,1102,021476,,3,1,9,4200,0,3,5,,2,005,"CAMINO PESCADERO","ABREGO RD",0.00,,Y,A,-,N,,,,,,,,,,N,4,0,1,2,A,-,08,22100,B,N,H,G,A,A,H,-,A,D,0,,Y,,,Y,,L,04,0,0,1,0,0,0,1,0,0,"- ","- ",34.414380000000001,-119.85866,"SANTA BARBARA",UNINCORPORATED,-119.85869999000001,34.414150059999997
90349312,2016,2016-12-20,9760,2016-12-09,0915,018019,,5,1,5,4203,0,1,2,,2,011,"US-101 S/B TO CARRILLO ST.","CARRILLO ST.",637.00,N,N,B,-,Y,,,101,,,,R,,S,Y,4,0,2,2,A,-,03,22350,,N,C,C,A,B,H,-,A,D,0,,,,,Y,,A,01,0,0,2,0,0,0,0,0,0,"- ","- ",34.4176,-119.7098,"SANTA BARBARA","SANTA BARBARA",-119.7098,34.4176
90335252,2016,2016-12-01,9750,2016-11-30,1645,017616,,3,2,9,4200,0,1,2,,2,002,"US-101 N/B (EL CAMINO REAL)","CLARK AVENUE",2640.00,S,N,A,-,Y,,,101,,,,,,N,N,4,0,1,2,A,-,03,22350,,N,C,C,A,A,H,-,B,D,0,,,,,Y,,D,22,0,0,1,0,0,0,0,0,0,"- ","- ",34.859540000000003,-120.39138,"SANTA BARBARA",UNINCORPORATED,-120.39110094,34.859785379999998
90335271,2016,2016-12-01,9750,2016-11-19,1325,017496,,6,1,9,4200,0,1,3,,1,062,SR-166,"PINE CANYON ROAD",36432.00,E,N,A,-,Y,,,166,,,,,,,Y,2,0,5,2,A,-,01,23152,A,F,F,A,A,A,H,-,A,D,0,,,,,Y,Y,A,01,2,3,0,0,0,0,0,0,0,"- ","- ",35.093820000000001,-120.12881,"SANTA BARBARA",UNINCORPORATED,-120.12880873,35.093908669999998
90335782,2016,2016-12-02,9750,2016-11-30,0640,015915,,3,1,9,4200,0,3,5,,2,020,"UNION VALLEY PARKWAY","HUMMEL DRIVE",58.00,W,N,A,-,N,,,,,,,,,,Y,4,0,2,2,A,-,01,23152,A,N,C,C,A,A,H,-,B,A,0,,,,,Y,Y,A,07,0,0,2,0,0,0,0,0,0,"- ","- ",34.879109999999997,-120.43002,"SANTA BARBARA",UNINCORPORATED,-120.43030324,34.879324660000002
90336152,2016,2017-03-09,9760,2016-11-21,1715,020366,,1,2,4,4214,0,1,2,,1,030,"US-101 S/B","FAIRVIEW AVE",3180.00,S,N,A,-,Y,,,101,,,,,,S,N,4,0,1,2,A,-,03,22350,,F,C,C,A,A,H,-,D,D,0,,,,,Y,,A,07,0,0,1,0,0,0,0,0,0,"- ","- ",34.440620000000003,-119.81986000000001,"SANTA BARBARA",GOLETA,-119.81985714,34.44059111
90336162,2016,2016-12-05,9760,2016-11-22,1728,020366,,2,2,4,4214,0,1,2,,2,020,"US-101 S/B","FAIRVIEW AVE",1755.00,S,N,A,-,Y,,,101,,,,,,S,Y,4,0,2,2,A,-,01,23152,A,N,C,C,A,A,H,-,D,D,0,,,,,Y,Y,A,01,0,0,2,0,0,0,0,0,0,"- ","- ",34.440179999999998,-119.82467,"SANTA BARBARA",GOLETA,-119.82466848999999,34.440163429999998
90336177,2016,2016-12-05,9760,2016-11-22,2050,020473,,2,2,9,4200,0,2,4,,2,026,"CATHEDRAL OAKS RD","EL RODEO RD.",420.00,E,N,A,-,Y,,,,,,,,,,Y,4,0,2,2,A,-,05,21460,A,N,B,C,A,A,H,-,D,D,0,,,,,Y,,D,22,0,0,2,0,0,0,0,0,0,"- ","- ",34.452199999999998,-119.7848,"SANTA BARBARA",UNINCORPORATED,-119.78490386999999,34.452065830000002
90336317,2016,2016-12-05,9760,2016-11-23,1525,017253,,3,2,9,4200,0,1,2,,2,010,"US-101 N/B","SAN YSIDRO RD",320.00,S,N,A,-,Y,,,101,,,,,,N,Y,4,0,1,2,A,-,03,22350,,N,C,C,A,A,H,-,A,D,0,,,,,Y,,D,22,0,0,1,0,0,0,0,0,0,"- ","- ",34.422190000000001,-119.63048000000001,"SANTA BARBARA",UNINCORPORATED,-119.63048587999999,34.422170569999999
90336743,2016,2016-12-12,9760,2016-11-25,1919,018431,,5,2,9,4200,0,1,2,,2,010,"US-101 S/B","S. PADARO LN",2000.00,N,N,A,-,Y,,,101,,,,,,S,N,4,0,2,2,A,-,03,22350,,F,C,C,A,A,H,-,C,D,0,,,,,Y,,A,01,0,0,2,0,0,0,0,0,0,"- ","- ",34.415570000000002,-119.55797,"SANTA BARBARA",UNINCORPORATED,-119.55846956000001,34.41495441
90336964,2016,2016-12-05,9760,2016-11-26,1250,020366,,6,1,5,4203,0,1,2,,2,011,"US-101 S/B","CABRILLO BLVD",320.00,S,N,A,-,Y,,,101,,,,,,S,N,4,0,1,2,A,-,03,22350,,N,C,C,A,A,H,-,A,D,0,,,,,Y,,A,07,0,0,1,0,0,0,0,0,0,"- ","- ",34.422130000000003,-119.65409,"SANTA BARBARA","SANTA BARBARA",-119.65408221,34.422160089999998
90337310,2016,2016-12-06,9760,2016-11-21,0215,021300,,1,3,5,4203,0,1,2,,2,020,"US-101 N/B TO HOPE AVE","US-101 N/B",95.00,E,N,A,-,Y,,,101,,,,R,,N,Y,2,0,1,1,A,-,01,23152,A,N,E,I,A,B,H,-,C,D,0,,,,,Y,Y,A,01,1,0,0,0,0,0,0,0,0,"- ","- ",34.433799999999998,-119.74782,"SANTA BARBARA","SANTA BARBARA",-119.74782,34.433799999999998
90337401,2016,2016-12-06,9760,2016-12-05,0944,020211,,1,1,5,4203,0,1,S,,2,901,"CASTILLO ST","US-101 SOUTHBOUND TO CASTILLO STREET",0.00,,Y,A,-,Y,,,101,,,,,,,Y,4,0,1,2,A,-,12,21453,A,N,D,C,A,B,H,-,A,A,0,,,,,Y,,D,22,0,0,1,0,0,0,0,0,0,"- ","- ",34.411879999999996,-119.69886,"SANTA BARBARA","SANTA BARBARA",-119.69887819,34.412150259999997
90283313,2016,2016-10-04,9750,2016-10-01,1955,019656,,6,2,9,4200,0,3,5,,2,020,"BETTERAVIA RD","SINTON RD",1056.00,W,N,A,-,N,,,,,,,,,,Y,3,0,1,1,A,-,08,22107,,N,F,A,A,A,H,-,C,D,0,,,,,Y,,A,01,0,1,0,0,0,0,0,0,0,"- ","- ",34.91845,-120.51842000000001,"SANTA BARBARA",UNINCORPORATED,-120.51825271,34.918378330000003
90283745,2016,2016-10-04,9760,2016-09-26,1605,020721,,1,2,9,4200,0,2,4,,1,021,"HOLLISTER AVE","AUHAY DR (EAST)",650.00,W,N,A,-,N,,,,,,,,,,N,4,0,1,2,A,-,09,21801,A,N,H,G,A,A,H,-,A,D,0,,Y,,,Y,,A,01,0,0,1,0,0,0,1,0,0,"- ","- ",34.438879999999997,-119.77661999999999,"SANTA BARBARA",UNINCORPORATED,-119.78387026999999,34.437663409999999
90283847,2016,2016-10-04,9750,2016-10-03,0703,016874,,1,1,5,4204,0,1,2,,2,001,"US-101 S/B (LOREN D. SCRUGGS MEM. HWY)","DONOVAN RD",15.00,N,N,A,-,Y,,,101,,,,,,S,Y,3,0,2,2,A,-,07,21658,A,N,B,C,A,A,H,-,A,D,0,,,,,Y,,A,07,0,2,0,0,0,0,0,0,0,"- ","- ",34.967390000000002,-120.42291,"SANTA BARBARA","SANTA MARIA",-120.42295724,34.967360050000003
90284054,2016,2016-10-05,9760,2016-09-26,1750,020721,,1,2,4,4214,0,1,2,,2,020,"US-101 S/B","PATTERSON AVE",500.00,S,N,A,-,Y,,,101,,,,,,S,N,4,0,1,4,A,-,03,22350,,N,C,C,A,A,H,-,A,D,0,,,,,Y,,A,01,0,0,1,0,0,0,0,0,0,"- ","- ",34.441630000000004,-119.80553,"SANTA BARBARA",GOLETA,-119.80553141,34.441614899999998
90284148,2016,2016-10-14,9760,2016-09-26,1700,017374,,1,2,9,4200,0,3,5,,2,005,"PARDALL RD","EMBARCADERO DEL NORTE",240.00,E,N,A,-,N,,,,,,,,,,N,3,0,1,2,A,-,17,22517,,F,H,G,A,A,H,-,A,A,0,,Y,,,Y,,A,01,0,1,0,0,0,0,1,0,0,"- ","- ",34.413170000000001,-119.8548,"SANTA BARBARA",UNINCORPORATED,-119.854595,34.4131
90284173,2016,2016-10-05,9760,2016-09-26,1025,019831,,1,1,4,4214,0,1,2,,2,020,"US-101 NB (EL CAMINO REAL)","FAIRVIEW AVENUE",262.00,S,N,A,-,Y,,,101,,,,,,N,Y,4,0,1,1,A,-,08,22107,,N,E,I,A,A,H,-,A,D,0,,,,,Y,,D,22,0,0,1,0,0,0,0,0,0,"- ","- ",34.439579999999999,-119.83177000000001,"SANTA BARBARA",GOLETA,-119.83177554,34.439650059999998
90284231,2016,2016-10-05,9760,2016-09-24,1630,021300,,6,2,9,4200,0,1,2,,1,030,"US-101 S/B","EL CAPITAN STATE BEACH RD",115.00,S,N,A,-,Y,,,101,,,,,,S,Y,2,0,4,1,A,-,08,22107,,N,E,I,A,A,H,-,A,D,0,,,,,Y,,A,01,4,0,0,0,0,0,0,0,0,"- ","- ",34.463000000000001,-120.02056,"SANTA BARBARA",UNINCORPORATED,-120.02055609999999,34.463023630000002
90284276,2016,2016-10-05,9760,2016-08-21,2018,020908,,7,2,5,4203,0,1,2,,2,011,"US 101 SOUTH (EL CAMINO REAL)","MISSION STREET",1300.00,S,N,A,-,Y,,,,,,,,,,Y,3,0,3,6,A,-,01,23152,A,N,B,C,A,A,H,-,D,D,0,,,,,Y,Y,A,01,0,3,0,0,0,0,0,0,0,"- ","- ",34.423439999999999,-119.71718,"SANTA BARBARA","SANTA BARBARA",-119.71709937999999,34.42306894
90284369,2016,2016-12-01,9760,2016-09-28,1255,017674,,3,1,5,4203,0,1,2,,2,011,"US-101 S/B","MISSION ST.",2300.00,N,N,A,-,Y,,,101,,,,,,S,N,4,0,2,4,A,-,03,22350,,N,C,C,A,A,H,-,A,D,0,,,,,Y,,A,01,0,0,2,0,0,0,0,0,0,"- ","- ",34.426900000000003,-119.72826999999999,"SANTA BARBARA","SANTA BARBARA",-119.72826301000001,34.42694711
90284488,2016,2016-10-05,9760,2016-09-28,0815,16739,,3,1,9,4200,0,1,3,,1,014,"SR-192 (FOOTHILL RD.)","TYE RD.",0.00,,Y,A,-,Y,,,192,,,,,,,Y,3,0,1,2,A,-,09,21801,A,N,A,C,A,A,H,-,A,A,0,,,,,Y,,D,22,0,1,0,0,0,0,0,0,0,"- ","- ",34.446530000000003,-119.71964,"SANTA BARBARA",UNINCORPORATED,-119.71963937,34.446577390000002
90284856,2016,2016-10-05,9760,2016-09-28,1025,16739,,3,1,9,4200,0,3,5,,2,001,"GIBRALTER RD.","E. CAMINO CIELO",8448.00,S,N,A,-,N,,,,,,,,,,N,3,0,1,2,D,-,00,,,N,B,G,A,A,H,-,A,D,0,,Y,,,Y,,-,"- ",0,1,0,0,0,0,1,0,0,"- ","- ",34.478470000000002,-119.68091,"SANTA BARBARA",UNINCORPORATED,-119.68432478,34.481111509999998
90337422,2016,2016-12-06,9760,2016-11-27,1805,020721,,7,2,5,4203,0,1,2,,2,011,"US-101 N/B","MICHELTORENA ST",30.00,N,N,A,-,Y,,,101,,,,,,N,N,4,0,1,2,A,-,03,22350,,N,C,C,A,A,H,-,C,D,0,,,,,Y,,A,01,0,0,1,0,0,0,0,0,0,"- ","- ",34.418129999999998,-119.70999,"SANTA BARBARA","SANTA BARBARA",-119.7100119,34.418097420000002
90337788,2016,2016-12-06,9760,2016-11-28,1015,017674,,1,1,4,4214,0,1,2,,1,030,"US-101 N/B","LOS CARNEROS RD O.C.",1200.00,S,N,A,-,Y,,,101,,,,,,N,Y,3,0,2,2,A,-,07,21658,A,N,B,C,A,A,H,-,A,D,0,,,,,Y,,A,07,0,1,1,0,0,0,0,0,0,"- ","- ",34.437930000000001,-119.84866,"SANTA BARBARA",GOLETA,-119.84866144,34.437968869999999
90338197,2016,2016-12-06,9760,2016-11-28,1150,017674,,1,1,9,4200,0,3,5,,2,005,"EL COLEGIO RD","CAMINO CORTO",0.00,,Y,A,-,N,,,,,,,,,,Y,3,0,1,2,A,-,12,21453,A,N,D,C,A,A,H,-,A,A,0,,,,,Y,,A,01,0,1,0,0,0,0,0,0,0,"- ","- ",34.41733,-119.86653,"SANTA BARBARA",UNINCORPORATED,-119.86655992999999,34.417450109999997
90338392,2016,2016-12-06,9750,2016-11-28,0820,014753,,1,1,5,4204,1,4,S,,2,901,"BLOSSER ROAD","BATTLES ROAD",0.00,,Y,A,-,N,,,,,,,,,,Y,3,0,5,6,A,-,12,21453,A,N,D,C,A,A,H,-,A,A,0,,,,,Y,,A,07,0,2,3,0,0,0,0,0,0,"- ","- ",34.931669999999997,-120.45381999999999,"SANTA BARBARA","SANTA MARIA",-120.45396992000001,34.931590040000003
90338411,2016,2016-12-06,9755,2016-12-03,1500,019292,,6,2,9,4200,0,3,5,,2,050,"ALDEBARAN AVE","MIZAR PL",0.00,,Y,A,-,N,,,,,,,,,,N,3,0,1,2,A,-,12,22450,A,N,D,G,A,A,H,-,A,A,0,,Y,,,Y,,L,04,0,1,0,0,0,0,1,0,0,"- ","- ",34.710030000000003,-120.46462,"SANTA BARBARA",UNINCORPORATED,-120.46463996,34.710100050000001
90338424,2016,2016-12-06,9755,2016-12-05,1855,019292,,1,2,9,4200,0,3,5,,2,040,"ALAMO PINTADO RD","ADOBE CANYON RD",1200.00,S,N,A,-,N,,,,,,,,,,Y,3,0,2,2,A,-,08,22107,,N,D,C,A,A,H,-,D,D,0,,,,,Y,,A,01,0,1,1,0,0,0,0,0,0,"- ","- ",34.62932,-120.1178,"SANTA BARBARA",UNINCORPORATED,-120.12523,34.632399999999997
90338447,2016,2016-12-06,9760,2016-11-29,1725,017374,,2,2,5,4203,0,1,2,,2,011,"US-101 N/B","ARRELLAGA ST",1056.00,S,N,A,-,Y,,,101,,,,,,N,Y,2,0,1,2,A,-,07,21658,A,F,F,A,A,A,H,-,B,D,0,,,Y,,Y,,A,01,1,0,0,0,0,0,0,0,1,"- ","- ",34.418039999999998,-119.70989,"SANTA BARBARA","SANTA BARBARA",-119.70990136,34.418023099999999
90338512,2016,2016-12-06,9760,2016-11-29,1548,017374,,2,2,5,4203,0,1,2,,2,011,"US-101 S/B","CASTILLO ST",1056.00,S,N,A,-,Y,,,101,,,,,,S,N,4,0,1,1,A,-,03,22350,,N,E,I,A,A,H,-,A,D,0,,,,,Y,,A,07,0,0,1,0,0,0,0,0,0,"- ","- ",34.413530000000002,-119.69477999999999,"SANTA BARBARA","SANTA BARBARA",-119.69479723000001,34.413555260000003
90338553,2016,2016-12-06,9750,2016-12-02,0610,018209,,5,1,9,4200,0,3,5,,2,010,"BETTERAVIA RD","BROWN ROAD",0.00,,Y,A,-,N,,,,,,,,,,Y,4,0,1,2,A,-,09,21801,A,N,A,C,A,A,H,-,B,D,0,,,,,Y,,A,07,0,0,1,0,0,0,0,0,0,"- ","- ",34.935169999999999,-120.54622999999999,"SANTA BARBARA",UNINCORPORATED,-120.54642995,34.935200080000001
90339265,2016,2016-12-07,9750,2016-12-02,1345,017616,,5,1,9,4200,0,3,5,,2,020,"HUMMEL DR","UNION VALLEY PARKWAY",15.00,S,N,A,-,N,,,,,,,,,,N,4,0,1,2,A,-,21,22106,,N,C,C,A,A,H,-,A,D,0,,,,,Y,,D,22,0,0,1,0,0,0,0,0,0,"- ","- ",34.878999999999998,-120.43011,"SANTA BARBARA",UNINCORPORATED,-120.43010667,34.879278890000002
90340214,2016,2016-12-08,9755,2016-12-06,1715,019292,,2,2,9,4200,0,1,3,,1,055,"SR-1 N/B","TIMBER LN",440.00,N,N,A,-,Y,,,1,,,,,,N,Y,4,0,1,2,A,-,03,22350,,N,C,C,A,A,H,-,B,D,0,,,,,Y,,A,01,0,0,1,0,0,0,0,0,0,"- ","- ",34.745980000000003,-120.51575,"SANTA BARBARA",UNINCORPORATED,-120.51575400999999,34.745976059999997
90349597,2016,2016-12-20,9760,2016-12-09,0155,021300,,5,3,3,4205,0,1,2,,2,010,"US-101 N/B","CASITAS PASS RD",1140.00,S,N,B,C,Y,,,101,,,,,,N,Y,4,0,2,1,A,-,08,22107,,N,E,I,A,B,H,-,D,D,0,,,,,Y,,A,01,0,0,2,0,0,0,0,0,0,"- ","- ",34.394120000000001,-119.50953,"SANTA BARBARA",CARPINTERIA,-119.50960443,34.394069199999997
90349698,2016,2016-12-20,9760,2016-12-09,1058,019831,,5,1,9,4200,0,1,2,,2,020,"US-101 SB (EL CAMINO REAL)","TURNPIKE ROAD",1006.00,S,N,B,-,Y,,,101,,,,,,S,N,4,0,1,2,A,-,03,22350,,N,C,C,A,A,H,-,A,D,0,,,,,Y,,A,01,0,0,1,0,0,0,0,0,0,"- ","- ",34.442010000000003,-119.7788,"SANTA BARBARA",UNINCORPORATED,-119.77880068,34.442084940000001
90351882,2016,2016-12-27,9760,2016-12-11,1645,020908,,7,2,9,4200,0,2,4,,2,026,"CATHEDRAL OAKS ROAD","RIBERA DRIVE",0.00,,Y,A,-,N,,,,,,,,,,N,3,0,1,2,A,-,03,22350,,N,H,G,A,A,H,-,B,A,0,,Y,,,Y,,A,08,0,1,0,0,0,0,1,0,0,"- ","- ",34.451549999999997,-119.79996,"SANTA BARBARA",UNINCORPORATED,-119.79994993,34.451550060000002
90351884,2016,2016-12-27,9760,2016-12-12,2015,021531,,1,2,4,4214,0,3,5,,2,005,"6651 PICASSO RD","CAMINO PESCADERO",575.00,W,N,A,-,N,,,,,,,,,,N,4,0,1,2,A,-,09,21804,A,N,H,G,A,A,H,-,C,D,0,,Y,,,Y,,A,01,0,0,1,0,0,0,1,0,0,"- ","- ",34.415210000000002,-119.86051,"SANTA BARBARA",GOLETA,-119.86059512,34.415214280000001
90352497,2016,2016-12-27,9750,2016-12-18,1630,017379,,7,2,9,4200,0,1,3,,1,062,SR-166,"PINE CANYON RD.",2851.00,E,N,A,-,Y,,,166,,,,,,,Y,4,0,1,1,A,-,08,22107,,N,E,I,A,A,H,-,A,D,0,,,,,Y,,A,01,0,0,1,0,0,0,0,0,0,"- ","- ",35.031089999999999,-120.18812,"SANTA BARBARA",UNINCORPORATED,-120.18834097,35.031273939999998
90352813,2016,2016-12-27,9750,2016-12-20,1435,017616,,2,2,5,4204,0,1,2,,2,001,"US-101 S/B (EL CAMINO REAL)","BETTERAVIA RD",800.00,N,N,A,-,Y,,,101,,,,,,S,Y,4,0,1,3,A,-,03,22350,,N,C,C,A,A,H,-,A,D,0,,,,,Y,,A,07,0,0,1,0,0,0,0,0,0,"- ","- ",34.92906,-120.41785,"SANTA BARBARA","SANTA MARIA",-120.41797333,34.92906077
90353899,2016,2016-12-27,9755,2016-12-24,0502,017910,,6,3,9,4200,0,1,2,,2,004,"US-101 S/B","GAVIOTA STATE BEACH RD",2640.00,N,N,A,-,Y,,,101,,,,,,S,Y,3,0,2,1,A,-,08,22107,,N,E,I,A,B,H,-,D,D,0,,,,,Y,,A,01,0,1,1,0,0,0,0,0,0,"- ","- ",34.487589999999997,-120.2269,"SANTA BARBARA",UNINCORPORATED,-120.22692275999999,34.487607660000002
90353939,2016,2016-12-27,9755,2016-12-24,1500,017884,,6,2,9,4200,0,1,2,,2,004,"US-101 S/B TO SR-154",SR-154,600.00,N,N,B,C,Y,,,101,,,,R,,S,Y,4,0,1,2,A,-,03,22350,,N,C,C,A,B,H,-,A,A,0,,,,,Y,,A,01,0,0,1,0,0,0,0,0,0,"- ","- ",34.689590000000003,-120.15879,"SANTA BARBARA",UNINCORPORATED,-120.15879,34.689590000000003
90353943,2016,2017-03-20,9760,2016-12-10,0755,021431,,6,1,9,4200,0,1,3,,1,022,"SR-154 W/B","EAST CAMINO CIELO",0.00,,Y,B,E,Y,,,154,,,,,,W,Y,4,0,1,2,A,-,09,21802,A,N,D,C,A,B,H,-,A,A,0,,,,,Y,,A,01,0,0,1,0,0,0,0,0,0,"- ","- ",34.509810000000002,-119.82283,"SANTA BARBARA",UNINCORPORATED,-119.82288054999999,34.509750449999999
90354715,2016,2016-12-27,9760,2016-12-14,1805,017603,,3,2,4,4214,0,1,2,,2,020,"US-101 S/B","TURNPIKE RD.",1056.00,N,N,B,-,Y,,,,,,,,,,Y,4,0,1,2,A,-,03,22350,,N,C,C,A,A,H,-,C,D,0,,,,,Y,,A,01,0,0,1,0,0,0,0,0,0,"- ","- ",34.441740000000003,-119.79398999999999,"SANTA BARBARA",GOLETA,-119.78926,34.442239999999998
90355452,2016,2016-12-27,9760,2016-12-15,1048,021431,,4,1,4,4214,0,1,2,,1,030,"US-101 SOUTHBOUND FROM LOS CARNEROS RD","LOS CARNEROS RD",170.00,S,N,B,C,Y,,,101,,,,R,,S,Y,3,0,1,1,A,-,03,22350,,N,F,A,A,B,H,-,A,D,0,,,,,Y,,A,07,0,1,0,0,0,0,0,0,0,"- ","- ",34.4377,-119.8511,"SANTA BARBARA",GOLETA,-119.8511,34.4377
90340394,2016,2016-12-08,9760,2016-12-01,1715,017314,,4,2,5,4203,0,1,2,,2,011,"US-101 S/B","CARRILLO STREET",1335.00,N,N,A,-,Y,,,101,,,,,,S,Y,4,0,1,5,A,-,03,22350,,N,C,C,A,A,H,-,D,D,0,,,,,Y,,A,08,0,0,1,0,0,0,0,0,0,"- ","- ",34.419820000000001,-119.71232000000001,"SANTA BARBARA","SANTA BARBARA",-119.71244034999999,34.419660039999997
90340784,2016,2016-12-08,9760,2016-12-01,1715,017374,,4,2,4,4214,0,1,2,,2,020,"US-101 S/B","FAIRVIEW AVE",1056.00,S,N,A,-,Y,,,101,,,,,,S,Y,2,0,1,2,A,-,03,22350,,N,C,C,A,A,H,-,B,D,0,,,Y,,Y,,C,02,1,0,0,0,0,0,0,0,1,"- ","- ",34.439990000000002,-119.8265,"SANTA BARBARA",GOLETA,-119.82650128,34.44000364
90340795,2016,2016-12-08,9760,2016-11-26,1245,019831,,6,1,9,4200,0,3,5,,2,002,"OLD SAN MARCOS ROAD","VIA PARVA",1934.00,N,N,C,-,N,,,,,,,,,,Y,3,0,1,1,A,-,08,22107,,N,E,I,A,B,H,-,A,D,0,,,,,Y,,A,01,0,1,0,0,0,0,0,0,0,"- ","- ",34.462670000000003,-119.79664,"SANTA BARBARA",UNINCORPORATED,-119.79653132999999,34.462694519999999
90341580,2016,2016-12-09,9750,2016-12-07,1700,014358,,3,2,9,4200,0,3,5,,2,020,"DICKSON DRIVE","WINTER ROAD",0.00,,Y,A,-,N,,,,,,,,,,N,4,0,1,2,A,-,21,22106,,N,G,B,B,A,H,-,A,A,0,Y,,,,Y,,A,01,0,0,1,0,1,0,0,0,0,"- ","- ",34.535359999999997,-120.25572,"SANTA BARBARA",UNINCORPORATED,-120.43251986999999,34.898130049999999
90341920,2016,2016-12-12,9760,2016-11-26,0920,018019,,6,1,9,4200,0,3,5,,2,001,"TORO CANYON RD.","VISTA LINDA LN.",0.00,,Y,B,-,N,,,,,,,,,,N,4,0,1,2,A,-,09,21800,B,N,D,C,A,A,H,-,A,D,0,,,,,Y,,A,01,0,0,1,0,0,0,0,0,0,"- ","- ",34.440800000000003,-119.56666,"SANTA BARBARA",UNINCORPORATED,-119.56658997,34.440860010000002
90341927,2016,2016-12-12,9760,2016-12-02,0040,020757,,5,3,9,4200,0,3,5,,2,005,"CAMINO PESCADERO S/B","SABADO TARDE ROAD",75.00,S,N,A,-,N,,,,,,,,,,N,3,0,1,1,A,-,17,21200,,N,F,A,A,A,H,-,C,D,0,,Y,,,Y,Y,L,04,0,1,0,0,0,0,1,0,0,"- ","- ",34.410380000000004,-119.85875,"SANTA BARBARA",UNINCORPORATED,-119.85870294,34.410244069999997