CASE_ID,ACCIDENT_YEAR,PROC_DATE,JURIS,COLLISION_DATE,COLLISION_TIME,OFFICER_ID,REPORTING_DISTRICT,DAY_OF_WEEK,CHP_SHIFT,POPULATION,CNTY_CITY_LOC,SPECIAL_COND,BEAT_TYPE,CHP_BEAT_TYPE,CITY_DIVISION_LAPD,CHP_BEAT_CLASS,BEAT_NUMBER,PRIMARY_RD,SECONDARY_RD,DISTANCE,DIRECTION,INTERSECTION,WEATHER_1,WEATHER_2,STATE_HWY_IND,CALTRANS_COUNTY,CALTRANS_DISTRICT,STATE_ROUTE,ROUTE_SUFFIX,POSTMILE_PREFIX,POSTMILE,LOCATION_TYPE,RAMP_INTERSECTION,SIDE_OF_HWY,TOW_AWAY,COLLISION_SEVERITY,NUMBER_KILLED,NUMBER_INJURED,PARTY_COUNT,PRIMARY_COLL_FACTOR,PCF_CODE_OF_VIOL,PCF_VIOL_CATEGORY,PCF_VIOLATION,PCF_VIOL_SUBSECTION,HIT_AND_RUN,TYPE_OF_COLLISION,MVIW,PED_ACTION,ROAD_SURFACE,ROAD_COND_1,ROAD_COND_2,LIGHTING,CONTROL_DEVICE,CHP_ROAD_TYPE,PEDESTRIAN_ACCIDENT,BICYCLE_ACCIDENT,MOTORCYCLE_ACCIDENT,TRUCK_ACCIDENT,NOT_PRIVATE_PROPERTY,ALCOHOL_INVOLVED,STWD_VEHTYPE_AT_FAULT,CHP_VEHTYPE_AT_FAULT,COUNT_SEVERE_INJ,COUNT_VISIBLE_INJ,COUNT_COMPLAINT_PAIN,COUNT_PED_KILLED,COUNT_PED_INJURED,COUNT_BICYCLIST_KILLED,COUNT_BICYCLIST_INJURED,COUNT_MC_KILLED,COUNT_MC_INJURED,PRIMARY_RAMP,SECONDARY_RAMP,LATITUDE,LONGITUDE,COUNTY,CITY,POINT_X,POINT_Y
90343193,2016,2017-01-09,9750,2016-12-11,0215,20144,,7,3,9,4200,0,1,S,,2,904,SR-1,"BROWN ROAD",5280.00,S,N,B,E,Y,,,1,,,,,,,Y,2,0,3,2,A,-,01,23152,A,N,A,C,A,B,H,-,D,D,0,,,,,Y,Y,D,22,1,2,0,0,0,0,0,0,0,"- ","- ",34.920659999999998,-120.55979000000001,"SANTA BARBARA",UNINCORPORATED,-120.55979553,34.920652140000001
90343860,2016,2016-12-13,9760,2016-12-06,0640,017674,,2,1,9,4200,0,3,5,,2,001,"VIA REAL","S. PADARO LN",102.00,W,N,B,-,N,,,,,,,,,,Y,4,0,1,2,A,-,09,21804,A,N,D,C,A,A,H,-,A,D,0,,,,,Y,,A,01,0,0,1,0,0,0,0,0,0,"- ","- ",34.411560000000001,-119.55243,"SANTA BARBARA",UNINCORPORATED,-119.58318565,34.417649439999998
90365280,2016,2017-03-30,9760,2016-12-31,1848,021531,,6,2,9,4200,0,1,3,,1,022,SR-154,"EAST CAMINO CIELO",1280.00,W,N,B,-,Y,,,154,,,,,,,Y,2,0,1,2,A,-,08,22107,,N,E,I,A,B,H,-,D,D,0,,,,,Y,,A,01,1,0,0,0,0,0,0,0,0,"- ","- ",34.513939999999998,-119.82505,"SANTA BARBARA",UNINCORPORATED,-119.82497511,34.513984069999999
90372858,2016,2017-01-19,9750,2016-11-05,1210,015916,,6,1,9,4200,0,3,5,,2,030,"CLARK AVENUE","ERIE WAY",3538.00,E,N,A,-,N,,,,,,,,,,N,3,0,1,2,A,-,09,21804,A,N,H,G,A,A,H,-,A,D,0,,Y,,,Y,,D,22,0,1,0,0,0,0,1,0,0,"- ","- ",34.865180000000002,-120.36544000000001,"SANTA BARBARA",UNINCORPORATED,-120.36539119,34.865151060000002
90384691,2016,2017-05-10,9755,2016-09-21,0618,015973,,3,1,9,4200,0,1,3,,1,053,"SR-246 WESTBOUND","PURISIMA RD",0.00,,Y,E,-,Y,,,246,,,,,,W,Y,1,1,1,1,A,-,03,22350,,N,E,I,A,A,H,-,D,D,0,,,,,Y,,J,43,0,1,0,0,0,0,0,0,0,"- ","- ",34.664549999999998,-120.40770000000001,"SANTA BARBARA",UNINCORPORATED,-120.40769997,34.664553550000001
90355535,2016,2016-12-27,9760,2016-12-14,0807,021476,,3,1,9,4200,0,1,2,,2,010,"US-101 S/B","EVANS AVE",1092.00,N,N,A,-,Y,,,101,,,,,,S,Y,2,0,1,1,A,-,08,22107,,N,E,I,A,A,H,-,A,D,0,,,,,Y,,A,07,1,0,0,0,0,0,0,0,0,"- ","- ",34.420610000000003,-119.60538,"SANTA BARBARA",UNINCORPORATED,-119.60539858,34.420755730000003
90355738,2016,2016-12-28,9760,2016-12-16,1300,018019,,5,1,5,4203,0,1,2,,2,011,"US-101 N/B (EL CAMINO REAL)","MILPAS ST.",723.00,N,N,A,-,Y,,,101,,,,,,N,N,4,0,1,2,A,-,03,22350,,N,C,C,A,A,C,-,A,D,0,,,,,Y,,A,01,0,0,1,0,0,0,0,0,0,"- ","- ",34.420250000000003,-119.68033,"SANTA BARBARA","SANTA BARBARA",-119.68032128999999,34.420169520000002
90355792,2016,2016-12-28,9760,2016-12-22,1400,018431,,4,2,9,4200,0,1,2,,2,010,"US-101 S/B","N. PADARO LN.",500.00,S,N,A,-,Y,,,101,,,,,,S,Y,4,0,2,3,A,-,03,22350,,N,C,C,A,A,H,-,A,D,0,,,,,Y,,A,07,0,0,2,0,0,0,0,0,0,"- ","- ",34.416159999999998,-119.58089,"SANTA BARBARA",UNINCORPORATED,-119.58089027,34.416158690000003
90356656,2016,2016-12-28,9760,2016-12-20,1230,019446,,2,1,9,4200,0,1,3,,1,022,"SR-154 E/B","VISTA POINT",140.00,E,N,A,-,Y,,,154,,,,,,E,N,3,0,1,2,A,-,03,22350,,N,G,B,E,A,D,-,A,A,0,Y,,,,Y,,A,01,0,1,0,0,1,0,0,0,0,"- ","- ",34.530419999999999,-119.84180000000001,"SANTA BARBARA",UNINCORPORATED,-119.84182359,34.530371270000003
90356691,2016,2016-12-28,9760,2016-12-20,1943,017603,,2,2,5,4203,0,1,2,,2,020,"US-101 N/B","LAS POSITAS RD",528.00,N,N,A,-,Y,,,101,,,,,,N,N,4,0,1,2,A,-,03,22350,,N,C,C,A,A,H,-,A,D,0,,,,,Y,,A,01,0,0,1,0,0,0,0,0,0,"- ","- ",34.428249999999998,-119.73529000000001,"SANTA BARBARA","SANTA BARBARA",-119.7352917,34.428223770000002
90356935,2016,2016-12-29,9760,2016-12-23,1730,020965,,5,2,4,4214,0,1,2,,1,030,"US-101 N/B","GLEN ANNIE RD",1977.00,S,N,B,C,Y,,,101,,,,,,N,N,4,0,1,1,A,-,08,22107,,N,E,I,A,B,H,-,D,D,0,,,,,Y,,D,22,0,0,1,0,0,0,0,0,0,"- ","- ",34.435679999999998,-119.86431,"SANTA BARBARA",GOLETA,-119.86429443999999,34.435605969999997
90356961,2016,2016-12-29,9760,2016-12-23,1510,018019,,5,2,9,4200,0,1,3,,1,014,"SR-192 (SYCAMORE CANYON RD.)","OAK SPRINGS LN.",1000.00,E,N,C,-,Y,,,192,,,,,,,Y,4,0,1,1,A,-,03,22350,,N,E,I,A,B,H,-,B,D,0,,,,,Y,,A,01,0,0,1,0,0,0,0,0,0,"- ","- ",34.438200000000002,-119.6499,"SANTA BARBARA",UNINCORPORATED,-119.64995526,34.438143650000001
90356989,2016,2016-12-29,9760,2016-12-20,1505,021531,,2,2,5,4203,0,1,2,,2,020,"US-101 S/B","LA CUMBRE RD",1000.00,S,N,A,-,Y,,,101,,,,,,S,N,4,0,3,3,A,-,03,22350,,N,C,C,A,A,H,-,A,D,0,,,,,Y,,A,01,0,0,3,0,0,0,0,0,0,"- ","- ",34.427030000000002,-119.72880000000001,"SANTA BARBARA","SANTA BARBARA",-119.72880094999999,34.427022549999997
90357406,2016,2016-12-29,9760,2016-08-14,0158,020528,,7,3,9,4200,0,1,2,,1,030,"US-101 N/B (EL CAMINO REAL)","EL CAPITAN RANCH RD",1677.00,S,N,A,-,Y,,,101,,,,,,N,Y,1,1,3,1,A,-,08,22107,,N,F,A,A,A,H,-,D,D,0,,,,,Y,,A,07,1,2,0,0,0,0,0,0,0,"- ","- ",34.459980000000002,-119.99778000000001,"SANTA BARBARA",UNINCORPORATED,-119.99776473,34.460073129999998
90358065,2016,2016-12-30,9760,2016-12-28,1220,020965,,3,1,9,4200,0,1,2,,2,010,"US-101 N/B","EVANS AVE",1478.00,S,N,A,-,Y,,,101,,,,,,N,N,4,0,1,2,A,-,03,22350,,N,C,C,A,A,H,-,A,D,0,,,,,Y,,A,01,0,0,1,0,0,0,0,0,0,"- ","- ",34.420110000000001,-119.59681,"SANTA BARBARA",UNINCORPORATED,-119.59679850000001,34.42014271
90358881,2016,2017-01-02,9755,2016-12-30,1730,017884,,5,2,9,4200,0,1,2,,2,004,"US-101 N/B",SR-1,5808.00,N,N,B,-,Y,,,101,,,,,,N,Y,4,0,2,1,A,-,03,22350,,N,E,I,A,B,H,-,B,D,0,,,,,Y,,D,22,0,0,2,0,0,0,0,0,0,"- ","- ",34.520290000000003,-120.21317999999999,"SANTA BARBARA",UNINCORPORATED,-120.21321643,34.520335680000002
90359304,2016,2017-01-02,9750,2016-12-28,0425,018454,,3,3,5,4204,0,1,2,,2,001,"US-101 N/B (EL CAMINO REAL)","DONOVAN RD",50.00,S,N,A,-,Y,,,101,,,,,,N,Y,3,0,1,1,A,-,08,22107,,N,E,I,A,A,H,-,D,D,0,,,,,Y,,A,01,0,1,0,0,0,0,0,0,0,"- ","- ",34.967370000000003,-120.42223,"SANTA BARBARA","SANTA MARIA",-120.42256539,34.967164879999999
90360466,2016,2017-01-04,9755,2016-12-19,2150,017884,,1,2,9,4200,0,1,2,,2,004,"US-101 N/B",SR-1,1056.00,S,N,A,-,Y,,,101,,,,,,N,Y,3,0,1,2,A,-,01,23152,A,N,B,C,A,A,H,-,D,D,0,,,Y,,Y,Y,C,02,0,1,0,0,0,0,0,0,1,"- ","- ",34.504449999999999,-120.22636,"SANTA BARBARA",UNINCORPORATED,-120.22635166000001,34.504448379999999
90361274,2016,2017-01-04,9750,2016-12-27,2029,019656,,2,2,9,4200,0,3,5,,2,010,"BETTERAVIA RD","RAY RD",1584.00,W,N,A,-,N,,,,,,,,,,Y,4,0,2,2,A,-,08,22107,,N,C,C,A,A,H,-,D,D,0,,,,,Y,,A,07,0,0,2,0,0,0,0,0,0,"- ","- ",34.927320000000002,-120.53375,"SANTA BARBARA",UNINCORPORATED,-120.53094522000001,34.925635839999998
90361332,2016,2017-01-09,9760,2016-12-22,1139,021476,,4,1,9,4200,0,2,4,,1,021,"HOLLISTER AVE. W/B","TURNPIKE RD.",375.00,W,N,A,-,N,,,,,,,,,,Y,3,0,1,2,A,-,09,21804,A,N,D,C,A,A,H,-,A,D,0,,,Y,,Y,,A,07,0,1,0,0,0,0,0,0,1,"- ","- ",34.436439999999997,-119.79084,"SANTA BARBARA",UNINCORPORATED,-119.79065993,34.436404879999998
90361609,2016,2017-01-04,9755,2016-12-21,1808,017910,,3,2,9,4200,0,1,3,,1,055,"SR-1 S/B","SANTA LUCIA CANYON RD",60.00,S,N,A,-,Y,,,1,,,,,,S,Y,4,0,2,3,C,-,18,,,N,B,E,A,A,H,-,D,D,0,,,,,Y,,-,"- ",0,0,2,0,0,0,0,0,0,"- ","- ",34.71311,-120.48927,"SANTA BARBARA",UNINCORPORATED,-120.48917738999999,34.713138190000002
90361611,2016,2017-01-04,9755,2016-12-21,1807,017910,,3,2,9,4200,0,1,3,,1,055,"SR-1 S/B","SANTA LUCIA CANYON RD",0.00,,Y,A,-,Y,,,1,,,,,,S,Y,3,0,2,2,A,-,09,21802,A,N,D,C,A,A,H,-,D,A,0,,,,,Y,,A,01,0,1,1,0,0,0,0,0,0,"- ","- ",34.713120000000004,-120.48927,"SANTA BARBARA",UNINCORPORATED,-120.48917843,34.713141960000002
90362286,2016,2017-01-05,9760,2016-12-23,1233,021431,,5,1,5,4203,0,1,2,,2,011,"US-101 SB FROM MISSION ST.","MISSION ST",640.00,S,N,B,C,Y,,,101,,,,R,,S,Y,4,0,1,3,A,-,03,22350,,N,C,C,A,B,H,-,A,D,0,,,,,Y,,D,22,0,0,1,0,0,0,0,0,0,"- ","- ",34.42409,-119.71867,"SANTA BARBARA","SANTA BARBARA",-119.71867,34.42409
90362453,2016,2017-01-05,9760,2016-12-25,0645,021431,,7,1,9,4200,0,1,3,,1,022,SR-154,"STAGECOACH RD",120.00,E,N,A,-,Y,,,154,,,,,,,Y,4,0,1,2,A,-,03,22350,,N,D,C,A,C,H,-,D,D,0,,,,,Y,,A,01,0,0,1,0,0,0,0,0,0,"- ","- ",34.526679999999999,-119.83525,"SANTA BARBARA",UNINCORPORATED,-119.83533462,34.526577379999999
90362533,2016,2017-01-23,9760,2016-07-11,1520,018264,,1,2,5,4203,0,1,2,,2,011,"US-101 SOUTHBOUND","CABRILLO BLVD",16.00,S,N,A,-,Y,,,101,,,,,,S,Y,1,1,0,3,A,-,03,22350,,N,C,C,A,A,H,-,A,D,0,,,Y,Y,Y,,C,02,0,0,0,0,0,0,0,1,0,"- ","- ",34.421289999999999,-119.65016,"SANTA BARBARA","SANTA BARBARA",-119.65019506,34.421145119999998
90362657,2016,2017-01-05,9760,2016-12-28,0729,014690,,3,1,5,4203,0,1,2,,2,011,"US-101 N/B","PUEBLO AVE",954.00,S,N,A,-,Y,,,101,,,,,,N,Y,3,0,1,2,A,-,08,22107,,N,F,A,A,A,H,-,A,D,0,,,Y,,Y,,C,02,0,1,0,0,0,0,0,0,1,"- ","- ",34.426409999999997,-119.72377,"SANTA BARBARA","SANTA BARBARA",-119.72377435,34.426390060000003
90363515,2016,2017-01-06,9760,2016-12-29,1851,021503,,4,2,4,4214,0,1,2,,1,030,"US 101 S/B TO FAIRVIEW AVE.","FAIRVIEW AVE",35.00,N,N,A,-,Y,,,,,,,,,,Y,4,0,1,2,A,-,03,22350,,N,C,C,A,A,H,-,B,A,0,,,,,Y,,D,22,0,0,1,0,0,0,0,0,0,"- ","- ",34.4392,-119.8325,"SANTA BARBARA",GOLETA,-119.83228468999999,34.439470479999997
90393050,2016,2017-02-14,9760,2016-09-28,0738,020029,,3,1,3,4205,0,1,2,,2,010,"US-101 NORTHBOUND","SANTA MONICA RD",280.00,S,N,A,-,Y,,,101,,,,,,N,Y,1,1,0,3,A,-,03,22350,,N,B,C,A,A,H,-,A,D,0,,,Y,,Y,,C,02,0,0,0,0,0,0,0,1,0,"- ","- ",34.403669999999998,-119.52817,"SANTA BARBARA",CARPINTERIA,-119.52816728000001,34.403684380000001
90406410,2016,2017-03-06,9750,2016-10-09,2500,015514,,7,4,9,4200,0,3,5,,2,030,"DOMINION ROAD","FOXEN CANYON ROAD",0.00,,Y,A,-,N,,,,,,,,,,Y,1,1,1,1,A,-,03,22350,,F,E,I,A,A,H,-,D,A,0,,,,,Y,Y,A,01,1,0,0,0,0,0,0,0,0,"- ","- ",34.910240000000002,-120.34706,"SANTA BARBARA",UNINCORPORATED,-120.34702987999999,34.91026008
90412332,2016,2017-03-14,9755,2016-10-13,2220,017910,,4,3,9,4200,0,3,5,,2,050,"OCEAN AVENUE","DOUGLASS AVENUE",872.00,E,N,B,-,N,,,,,,,,,,Y,1,1,1,2,A,-,01,23152,A,N,A,C,A,A,H,-,D,D,0,,,,,Y,Y,A,01,1,0,0,0,0,0,0,0,0,"- ","- ",34.642699999999998,-120.50788,"SANTA BARBARA",UNINCORPORATED,-120.50785213,34.642769719999997
90413626,2016,2017-03-16,9760,2016-12-18,1625,020908,,7,2,9,4200,0,1,3,,1,014,"SR-192 (FOOTHILL ROAD)","TORO CANYON ROAD",380.00,E,N,A,-,Y,,,192,,,,,,,Y,1,1,0,2,A,-,03,22350,,N,F,A,A,A,H,-,A,D,0,,,Y,,Y,,C,02,0,0,0,0,0,0,0,1,0,"- ","- ",34.426490000000001,-119.57351,"SANTA BARBARA",UNINCORPORATED,-119.57352047000001,34.42651979
90415895,2016,2017-04-06,9760,2016-10-20,1958,017253,,4,2,9,4200,0,1,2,,2,010,"US-101 S/B","SOUTH PADARO LANE U/C",1866.00,N,N,A,-,Y,,,101,,,,,,S,Y,1,1,0,1,A,-,01,23152,E,N,E,I,A,A,H,-,D,D,0,,,,,Y,,A,01,0,0,0,0,0,0,0,0,0,"- ","- ",34.414160000000003,-119.55781,"SANTA BARBARA",UNINCORPORATED,-119.55768319000001,34.41431626
90363719,2016,2017-01-09,9760,2016-12-29,1546,021503,,4,2,9,4200,0,3,5,,2,001,"N. JAMESON LANE","LA VUELTA ROAD (WEST)",0.00,,Y,A,-,N,,,,,,,,,,N,3,0,1,2,A,-,08,22107,,N,H,G,A,A,H,-,A,D,0,,Y,,,Y,,D,22,0,1,0,0,0,0,1,0,0,"- ","- ",34.421199999999999,-119.62090000000001,"SANTA BARBARA",UNINCORPORATED,-119.62241985999999,34.421070100000001
90284953,2016,2016-10-05,9760,2016-09-30,1707,021300,,5,2,9,4200,0,1,2,,2,020,"US-101 N/B","TURNPIKE RD",410.00,N,N,A,-,Y,,,101,,,,,,N,Y,4,0,1,1,A,-,08,22107,,N,E,I,A,A,H,-,A,D,0,,,,,Y,,A,01,0,0,1,0,0,0,0,0,0,"- ","- ",34.442390000000003,-119.79087,"SANTA BARBARA",UNINCORPORATED,-119.79085953000001,34.442311930000002
90285102,2016,2016-10-06,9755,2016-09-29,0925,016058,,4,1,9,4200,0,1,3,,2,041,SR-246,"ALAMO PINTADO RD",4224.00,E,N,A,-,Y,,,246,,,,,,,Y,4,0,2,2,D,-,00,,,N,D,C,A,A,H,-,A,D,0,,,,,Y,,-,"- ",0,0,2,0,0,0,0,0,0,"- ","- ",34.604230000000001,-120.11805,"SANTA BARBARA",UNINCORPORATED,-120.11803062,34.604175830000003
90285118,2016,2016-10-06,9760,2016-10-01,1810,021061,,6,2,9,4200,0,2,4,,1,021,"HOLLISTER AVE","S. SAN MARCOS RD.",25.00,E,N,A,F,N,,,,,,,,,,Y,4,0,1,2,A,-,03,22350,,N,C,C,A,A,H,-,B,A,0,,,,,Y,,A,01,0,0,1,0,0,0,0,0,0,"- ","- ",34.435490000000001,-119.79609000000001,"SANTA BARBARA",UNINCORPORATED,-119.79608878000001,34.435373540000001
90285236,2016,2016-10-06,9760,2016-10-03,1756,017374,,1,2,5,4203,0,1,2,,2,020,"US-101 N/B","HOPE AVE",1056.00,S,N,A,-,Y,,,101,,,,,,N,Y,4,0,2,2,A,-,03,22350,,N,C,C,A,A,H,-,A,D,0,,,,,Y,,A,01,0,0,2,0,0,0,0,0,0,"- ","- ",34.43329,-119.74760000000001,"SANTA BARBARA","SANTA BARBARA",-119.7475608,34.433342439999997
90285268,2016,2016-10-06,9760,2016-10-03,1620,020721,,1,2,9,4200,0,3,5,,2,001,"HOT SPRINGS RD","SYCAMORE CYN RD",220.00,W,N,A,-,N,,,,,,,,,,N,4,0,1,2,A,-,03,22350,,N,C,C,A,A,H,-,A,D,0,,,,,Y,,A,07,0,0,1,0,0,0,0,0,0,"- ","- ",34.42868,-119.64515,"SANTA BARBARA",UNINCORPORATED,-119.64507373000001,34.428757160000004
90285349,2016,2016-10-06,9760,2016-04-12,2232,020908,,2,3,9,4200,0,1,2,,2,020,"US-101 N/B (EL CAMINO REAL)","TURNPIKE ROAD",2356.00,S,N,A,-,Y,,,101,,,,,,N,Y,1,1,1,2,A,-,11,21954,A,N,G,B,E,A,H,-,D,D,0,Y,,,,Y,,N,60,0,1,0,1,0,0,0,0,0,"- ","- ",34.442120000000003,-119.78127000000001,"SANTA BARBARA",UNINCORPORATED,-119.78127069999999,34.442142439999998
90285375,2016,2016-10-06,9760,2016-10-04,1816,017314,,2,2,9,4200,0,1,2,,2,010,"US-101 N/B","EVANS AVENUE",2430.00,N,N,A,-,Y,,,101,,,,,,N,Y,4,0,1,2,A,-,03,22350,,N,C,C,A,A,H,-,A,D,0,,,,,Y,,A,01,0,0,1,0,0,0,0,0,0,"- ","- ",34.421120000000002,-119.60916,"SANTA BARBARA",UNINCORPORATED,-119.60914938000001,34.421172249999998
90285872,2016,2016-10-06,9760,2016-10-04,1600,020721,,2,2,9,4200,0,2,4,,2,026,"CATHEDRAL OAKS ROAD","SAN MARCOS ROAD",0.00,,Y,A,-,N,,,,,,,,,,Y,4,0,1,2,D,-,00,,,N,D,C,A,A,H,-,A,A,0,,,,,Y,,-,"- ",0,0,1,0,0,0,0,0,0,"- ","- ",34.451540000000001,-119.7962,"SANTA BARBARA",UNINCORPORATED,-119.79708994000001,34.451510069999998
90286053,2016,2016-10-06,9760,2016-10-05,1640,020366,,3,2,9,4200,0,2,4,,1,021,"HOLLISTER AVE","AUHAY DR",15.00,W,N,A,-,N,,,,,,,,,,Y,4,0,1,2,A,-,03,22350,,N,C,C,A,A,H,-,A,D,0,,,,,Y,,A,01,0,0,1,0,0,0,0,0,0,"- ","- ",34.439239999999998,-119.77473999999999,"SANTA BARBARA",UNINCORPORATED,-119.78181849000001,34.438050910000001
90287547,2016,2016-10-10,9755,2016-10-08,1530,016058,,6,2,9,4200,0,1,3,,1,053,"SR-246 E/B","TULAROSA RD",3168.00,E,N,A,-,Y,,,246,,,,,,E,Y,4,0,1,2,A,-,03,22350,,N,C,C,A,A,H,-,A,D,0,,,,,Y,,D,22,0,0,1,0,0,0,0,0,0,"- ","- ",34.664560000000002,-120.35646,"SANTA BARBARA",UNINCORPORATED,-120.35645997,34.66457072
90287703,2016,2016-10-10,9760,2016-09-25,2140,020777,,7,2,9,4200,0,1,3,,1,022,"SR-154 W/B","SAN ANTONIO CREEK",3960.00,W,N,A,-,Y,,,154,,,,,,W,N,4,0,1,2,A,-,01,23152,F,N,C,C,A,A,H,-,D,D,0,,,,,Y,Y,D,22,0,0,1,0,0,0,0,0,0,"- ","- ",34.476300000000002,-119.7696,"SANTA BARBARA",UNINCORPORATED,-119.76966118999999,34.47640019
90288060,2016,2016-10-10,9750,2016-10-06,1902,017496,,4,2,9,4200,0,2,4,,1,024,"UNION VALLEY PARKWAY","BRADLEY ROAD",0.00,,Y,A,-,N,,,,,,,,,,Y,4,0,1,2,A,-,09,21453,C,N,D,C,A,A,H,-,C,A,0,,,,,Y,,A,01,0,0,1,0,0,0,0,0,0,"- ","- ",34.879280000000001,-120.41889999999999,"SANTA BARBARA",UNINCORPORATED,-120.41869994,34.879360030000001
90288069,2016,2016-10-10,9760,2016-10-01,1210,16739,,6,1,9,4200,0,3,5,,2,002,"E. CAMINO CIELO","ARROYO BURRO RD",4224.00,W,N,A,-,N,,,,,,,,,,Y,3,0,1,1,A,-,03,22350,,N,F,A,A,A,H,-,A,D,0,,,Y,,Y,,C,02,0,1,0,0,0,0,0,0,1,"- ","- ",34.506900000000002,-119.76463,"SANTA BARBARA",UNINCORPORATED,-119.76442396,34.50698079
90288224,2016,2016-10-10,9760,2016-10-02,1503,017603,,7,2,9,4200,0,1,3,,1,014,"SR-192 (EAST VALLEY ROAD)","LADERA LN.",1056.00,E,N,A,-,Y,,,192,,,,,,,Y,3,0,1,1,A,-,08,22107,,N,E,I,A,A,H,-,A,D,0,,,Y,,Y,,C,02,0,1,0,0,0,0,0,0,1,"- ","- ",34.43533,-119.57526,"SANTA BARBARA",UNINCORPORATED,-119.57525981000001,34.435324469999998
90288318,2016,2016-10-10,9760,2016-10-03,0816,019831,,1,1,5,4203,0,1,2,,2,020,"US-101 SB (EL CAMINO REAL)","LA CUMBRE RD",715.00,S,N,A,-,Y,,,101,,,,,,S,Y,4,0,5,4,A,-,03,22350,,N,C,C,A,A,H,-,A,D,0,,,,Y,Y,,F,26,0,0,5,0,0,0,0,0,0,"- ","- ",34.435339999999997,-119.75017,"SANTA BARBARA","SANTA BARBARA",-119.75015239,34.435358890000003
90288321,2016,2016-10-10,9750,2016-10-06,2010,020511,,4,2,9,4200,0,3,5,,2,020,"RICE RANCH RD","GRACIOSA RD",1320.00,E,N,A,-,N,,,,,,,,,,Y,4,0,1,2,A,-,08,22107,,N,C,E,A,A,H,-,C,D,0,,,,,Y,,A,01,0,0,1,0,0,0,0,0,0,"- ","- ",34.857810000000001,-120.43380999999999,"SANTA BARBARA",UNINCORPORATED,-120.43637,34.858600000000003
90289291,2016,2016-10-11,9760,2016-10-04,1815,014690,,2,2,9,4200,0,1,2,,2,010,"US-101 N/B","EVANS AVE",2640.00,N,N,A,F,Y,,,101,,,,,,N,Y,3,0,3,3,A,-,03,22350,,N,C,C,A,A,H,-,A,D,0,,,,,Y,,A,01,0,1,2,0,0,0,0,0,0,"- ","- ",34.421120000000002,-119.60916,"SANTA BARBARA",UNINCORPORATED,-119.60914938000001,34.421172249999998
90289307,2016,2016-10-11,9760,2016-10-03,1810,017603,,1,2,9,4200,0,1,2,,2,010,"US-101 S/B","OLIVE MILL RD",528.00,S,N,A,-,Y,,,101,,,,,,S,N,4,0,3,3,A,-,03,22350,,N,C,A,A,A,H,-,A,D,0,,,,,Y,,D,22,0,0,3,0,0,0,0,0,0,"- ","- ",34.421230000000001,-119.63905,"SANTA BARBARA",UNINCORPORATED,-119.63904868,34.421227500000001
90289379,2016,2016-10-11,9750,2016-10-09,1935,017379,,7,2,9,4200,0,1,3,,1,021,"SR-135 (S/B)",SR-1,1584.00,S,N,A,-,Y,,,135,,,,,,,Y,4,0,1,2,A,-,05,21651,B,F,B,C,A,A,H,-,D,D,0,,,,,Y,,A,07,0,0,1,0,0,0,0,0,0,"- ","- ",34.796559999999999,-120.44085,"SANTA BARBARA",UNINCORPORATED,-120.44076147,34.796608159999998
90289431,2016,2016-10-11,9750,2016-10-10,1530,017616,,1,2,9,4200,0,2,4,,1,024,"FOSTER ROAD","HUMMEL DR",0.00,,Y,A,-,N,,,,,,,,,,Y,3,0,2,3,A,-,09,21801,A,N,D,C,A,A,H,-,A,A,0,,,,,Y,,D,22,0,1,1,0,0,0,0,0,0,"- ","- ",34.88308,-120.43156999999999,"SANTA BARBARA",UNINCORPORATED,-120.43137994999999,34.883040059999999
90289463,2016,2016-10-11,9750,2016-10-10,1650,017379,,1,2,5,4204,0,1,2,,2,001,"US-101 N/B (EL CAMINO REAL)","DONOVAN RD.",525.00,S,N,A,-,Y,,,101,,,,,,N,N,4,0,1,2,A,-,03,22350,,N,F,A,A,A,H,-,A,D,0,,,Y,,Y,,C,02,0,0,1,0,0,0,0,0,1,"- ","- ",34.96631,-120.42188,"SANTA BARBARA","SANTA MARIA",-120.42199831000001,34.966237640000003
90289605,2016,2016-10-12,9755,2016-10-04,2038,012436,,2,2,9,4200,0,1,3,,1,051,"SR-1 S/B GAVIOTA CREEK SEP/BR 51-023IL","SAN JULIAN ROAD",2640.00,S,N,A,-,Y,,,1,,,,,,S,Y,3,0,3,1,A,-,03,22350,,N,E,I,A,A,H,-,D,D,0,,,,,Y,,A,01,0,3,0,0,0,0,0,0,0,"- ","- ",34.510350000000003,-120.22829,"SANTA BARBARA",UNINCORPORATED,-120.22828977,34.510374169999999